file,line,column,message,severity,rule_id
../../CrossVul/CWE-22/php/bad_1152_0,65,22,File name based on user input risks server-side request forgery.,WARNING,php.lang.security.injection.tainted-filename.tainted-filename
../../CrossVul/CWE-22/php/bad_1152_0,66,15,File name based on user input risks server-side request forgery.,WARNING,php.lang.security.injection.tainted-filename.tainted-filename
../../CrossVul/CWE-22/php/bad_1158_0,91,20,File name based on user input risks server-side request forgery.,WARNING,php.lang.security.injection.tainted-filename.tainted-filename
../../CrossVul/CWE-22/php/bad_1158_0,92,17,File name based on user input risks server-side request forgery.,WARNING,php.lang.security.injection.tainted-filename.tainted-filename
../../CrossVul/CWE-22/php/bad_1158_0,110,40,File name based on user input risks server-side request forgery.,WARNING,php.lang.security.injection.tainted-filename.tainted-filename
../../CrossVul/CWE-22/php/bad_1158_0,242,18,File name based on user input risks server-side request forgery.,WARNING,php.lang.security.injection.tainted-filename.tainted-filename
../../CrossVul/CWE-22/php/bad_1158_0,245,17,File name based on user input risks server-side request forgery.,WARNING,php.lang.security.injection.tainted-filename.tainted-filename
../../CrossVul/CWE-22/php/bad_1158_0,293,15,File name based on user input risks server-side request forgery.,WARNING,php.lang.security.injection.tainted-filename.tainted-filename
../../CrossVul/CWE-22/php/bad_2928_0,125,45,`Echo`ing user input risks cross-site scripting vulnerability. You should use `htmlentities()` when showing data to users.,ERROR,php.lang.security.injection.echoed-request.echoed-request
../../CrossVul/CWE-22/php/bad_2928_0,153,98,`Echo`ing user input risks cross-site scripting vulnerability. You should use `htmlentities()` when showing data to users.,ERROR,php.lang.security.injection.echoed-request.echoed-request
../../CrossVul/CWE-22/php/bad_2928_0,153,178,`Echo`ing user input risks cross-site scripting vulnerability. You should use `htmlentities()` when showing data to users.,ERROR,php.lang.security.injection.echoed-request.echoed-request
../../CrossVul/CWE-22/php/bad_2928_0,154,41,`Echo`ing user input risks cross-site scripting vulnerability. You should use `htmlentities()` when showing data to users.,ERROR,php.lang.security.injection.echoed-request.echoed-request
../../CrossVul/CWE-22/php/bad_2928_0,263,94,`Echo`ing user input risks cross-site scripting vulnerability. You should use `htmlentities()` when showing data to users.,ERROR,php.lang.security.injection.echoed-request.echoed-request
../../CrossVul/CWE-22/php/bad_2928_0,269,94,`Echo`ing user input risks cross-site scripting vulnerability. You should use `htmlentities()` when showing data to users.,ERROR,php.lang.security.injection.echoed-request.echoed-request
../../CrossVul/CWE-22/php/bad_2928_0,275,98,`Echo`ing user input risks cross-site scripting vulnerability. You should use `htmlentities()` when showing data to users.,ERROR,php.lang.security.injection.echoed-request.echoed-request
../../CrossVul/CWE-22/php/bad_2928_0,281,94,`Echo`ing user input risks cross-site scripting vulnerability. You should use `htmlentities()` when showing data to users.,ERROR,php.lang.security.injection.echoed-request.echoed-request
../../CrossVul/CWE-22/php/bad_2928_0,287,98,`Echo`ing user input risks cross-site scripting vulnerability. You should use `htmlentities()` when showing data to users.,ERROR,php.lang.security.injection.echoed-request.echoed-request
../../CrossVul/CWE-22/php/bad_2928_0,293,94,`Echo`ing user input risks cross-site scripting vulnerability. You should use `htmlentities()` when showing data to users.,ERROR,php.lang.security.injection.echoed-request.echoed-request
../../CrossVul/CWE-22/php/bad_2928_0,323,59,`Echo`ing user input risks cross-site scripting vulnerability. You should use `htmlentities()` when showing data to users.,ERROR,php.lang.security.injection.echoed-request.echoed-request
../../CrossVul/CWE-22/php/bad_2928_0,324,59,`Echo`ing user input risks cross-site scripting vulnerability. You should use `htmlentities()` when showing data to users.,ERROR,php.lang.security.injection.echoed-request.echoed-request
../../CrossVul/CWE-22/php/bad_2928_0,325,59,`Echo`ing user input risks cross-site scripting vulnerability. You should use `htmlentities()` when showing data to users.,ERROR,php.lang.security.injection.echoed-request.echoed-request
../../CrossVul/CWE-22/php/bad_2928_0,326,59,`Echo`ing user input risks cross-site scripting vulnerability. You should use `htmlentities()` when showing data to users.,ERROR,php.lang.security.injection.echoed-request.echoed-request
../../CrossVul/CWE-22/php/bad_2928_0,327,59,`Echo`ing user input risks cross-site scripting vulnerability. You should use `htmlentities()` when showing data to users.,ERROR,php.lang.security.injection.echoed-request.echoed-request
../../CrossVul/CWE-22/php/bad_2928_0,328,61,`Echo`ing user input risks cross-site scripting vulnerability. You should use `htmlentities()` when showing data to users.,ERROR,php.lang.security.injection.echoed-request.echoed-request
../../CrossVul/CWE-22/php/bad_2928_0,427,59,`Echo`ing user input risks cross-site scripting vulnerability. You should use `htmlentities()` when showing data to users.,ERROR,php.lang.security.injection.echoed-request.echoed-request
../../CrossVul/CWE-22/php/bad_2928_0,428,59,`Echo`ing user input risks cross-site scripting vulnerability. You should use `htmlentities()` when showing data to users.,ERROR,php.lang.security.injection.echoed-request.echoed-request
../../CrossVul/CWE-22/php/bad_2928_0,429,59,`Echo`ing user input risks cross-site scripting vulnerability. You should use `htmlentities()` when showing data to users.,ERROR,php.lang.security.injection.echoed-request.echoed-request
../../CrossVul/CWE-22/php/bad_2928_0,430,59,`Echo`ing user input risks cross-site scripting vulnerability. You should use `htmlentities()` when showing data to users.,ERROR,php.lang.security.injection.echoed-request.echoed-request
../../CrossVul/CWE-22/php/bad_2928_0,431,61,`Echo`ing user input risks cross-site scripting vulnerability. You should use `htmlentities()` when showing data to users.,ERROR,php.lang.security.injection.echoed-request.echoed-request
../../CrossVul/CWE-22/php/bad_2928_0,450,59,`Echo`ing user input risks cross-site scripting vulnerability. You should use `htmlentities()` when showing data to users.,ERROR,php.lang.security.injection.echoed-request.echoed-request
../../CrossVul/CWE-22/php/bad_2928_0,451,59,`Echo`ing user input risks cross-site scripting vulnerability. You should use `htmlentities()` when showing data to users.,ERROR,php.lang.security.injection.echoed-request.echoed-request
../../CrossVul/CWE-22/php/bad_2928_0,452,59,`Echo`ing user input risks cross-site scripting vulnerability. You should use `htmlentities()` when showing data to users.,ERROR,php.lang.security.injection.echoed-request.echoed-request
../../CrossVul/CWE-22/php/bad_2928_0,453,59,`Echo`ing user input risks cross-site scripting vulnerability. You should use `htmlentities()` when showing data to users.,ERROR,php.lang.security.injection.echoed-request.echoed-request
../../CrossVul/CWE-22/php/bad_2928_0,454,61,`Echo`ing user input risks cross-site scripting vulnerability. You should use `htmlentities()` when showing data to users.,ERROR,php.lang.security.injection.echoed-request.echoed-request
../../CrossVul/CWE-22/php/bad_2928_0,458,98,`Echo`ing user input risks cross-site scripting vulnerability. You should use `htmlentities()` when showing data to users.,ERROR,php.lang.security.injection.echoed-request.echoed-request
../../CrossVul/CWE-22/php/bad_2928_0,464,102,`Echo`ing user input risks cross-site scripting vulnerability. You should use `htmlentities()` when showing data to users.,ERROR,php.lang.security.injection.echoed-request.echoed-request
../../CrossVul/CWE-22/php/bad_2928_0,470,101,`Echo`ing user input risks cross-site scripting vulnerability. You should use `htmlentities()` when showing data to users.,ERROR,php.lang.security.injection.echoed-request.echoed-request
../../CrossVul/CWE-22/php/bad_2928_0,506,59,`Echo`ing user input risks cross-site scripting vulnerability. You should use `htmlentities()` when showing data to users.,ERROR,php.lang.security.injection.echoed-request.echoed-request
../../CrossVul/CWE-22/php/bad_2928_0,507,59,`Echo`ing user input risks cross-site scripting vulnerability. You should use `htmlentities()` when showing data to users.,ERROR,php.lang.security.injection.echoed-request.echoed-request
../../CrossVul/CWE-22/php/bad_2928_0,508,59,`Echo`ing user input risks cross-site scripting vulnerability. You should use `htmlentities()` when showing data to users.,ERROR,php.lang.security.injection.echoed-request.echoed-request
../../CrossVul/CWE-22/php/bad_2928_0,509,59,`Echo`ing user input risks cross-site scripting vulnerability. You should use `htmlentities()` when showing data to users.,ERROR,php.lang.security.injection.echoed-request.echoed-request
../../CrossVul/CWE-22/php/bad_2928_0,510,61,`Echo`ing user input risks cross-site scripting vulnerability. You should use `htmlentities()` when showing data to users.,ERROR,php.lang.security.injection.echoed-request.echoed-request
../../CrossVul/CWE-22/php/bad_2929_0,117,45,`Echo`ing user input risks cross-site scripting vulnerability. You should use `htmlentities()` when showing data to users.,ERROR,php.lang.security.injection.echoed-request.echoed-request
../../CrossVul/CWE-22/php/bad_2929_0,137,98,`Echo`ing user input risks cross-site scripting vulnerability. You should use `htmlentities()` when showing data to users.,ERROR,php.lang.security.injection.echoed-request.echoed-request
../../CrossVul/CWE-22/php/bad_2929_0,137,178,`Echo`ing user input risks cross-site scripting vulnerability. You should use `htmlentities()` when showing data to users.,ERROR,php.lang.security.injection.echoed-request.echoed-request
../../CrossVul/CWE-22/php/bad_2929_0,138,41,`Echo`ing user input risks cross-site scripting vulnerability. You should use `htmlentities()` when showing data to users.,ERROR,php.lang.security.injection.echoed-request.echoed-request
../../CrossVul/CWE-22/php/bad_2929_0,226,94,`Echo`ing user input risks cross-site scripting vulnerability. You should use `htmlentities()` when showing data to users.,ERROR,php.lang.security.injection.echoed-request.echoed-request
../../CrossVul/CWE-22/php/bad_2929_0,232,94,`Echo`ing user input risks cross-site scripting vulnerability. You should use `htmlentities()` when showing data to users.,ERROR,php.lang.security.injection.echoed-request.echoed-request
../../CrossVul/CWE-22/php/bad_2929_0,238,98,`Echo`ing user input risks cross-site scripting vulnerability. You should use `htmlentities()` when showing data to users.,ERROR,php.lang.security.injection.echoed-request.echoed-request
../../CrossVul/CWE-22/php/bad_2929_0,244,94,`Echo`ing user input risks cross-site scripting vulnerability. You should use `htmlentities()` when showing data to users.,ERROR,php.lang.security.injection.echoed-request.echoed-request
../../CrossVul/CWE-22/php/bad_2929_0,250,98,`Echo`ing user input risks cross-site scripting vulnerability. You should use `htmlentities()` when showing data to users.,ERROR,php.lang.security.injection.echoed-request.echoed-request
../../CrossVul/CWE-22/php/bad_2929_0,256,94,`Echo`ing user input risks cross-site scripting vulnerability. You should use `htmlentities()` when showing data to users.,ERROR,php.lang.security.injection.echoed-request.echoed-request
../../CrossVul/CWE-22/php/bad_2929_0,286,59,`Echo`ing user input risks cross-site scripting vulnerability. You should use `htmlentities()` when showing data to users.,ERROR,php.lang.security.injection.echoed-request.echoed-request
../../CrossVul/CWE-22/php/bad_2929_0,287,59,`Echo`ing user input risks cross-site scripting vulnerability. You should use `htmlentities()` when showing data to users.,ERROR,php.lang.security.injection.echoed-request.echoed-request
../../CrossVul/CWE-22/php/bad_2929_0,288,59,`Echo`ing user input risks cross-site scripting vulnerability. You should use `htmlentities()` when showing data to users.,ERROR,php.lang.security.injection.echoed-request.echoed-request
../../CrossVul/CWE-22/php/bad_2929_0,289,59,`Echo`ing user input risks cross-site scripting vulnerability. You should use `htmlentities()` when showing data to users.,ERROR,php.lang.security.injection.echoed-request.echoed-request
../../CrossVul/CWE-22/php/bad_2929_0,290,59,`Echo`ing user input risks cross-site scripting vulnerability. You should use `htmlentities()` when showing data to users.,ERROR,php.lang.security.injection.echoed-request.echoed-request
../../CrossVul/CWE-22/php/bad_2929_0,291,61,`Echo`ing user input risks cross-site scripting vulnerability. You should use `htmlentities()` when showing data to users.,ERROR,php.lang.security.injection.echoed-request.echoed-request
../../CrossVul/CWE-22/php/bad_2929_0,390,59,`Echo`ing user input risks cross-site scripting vulnerability. You should use `htmlentities()` when showing data to users.,ERROR,php.lang.security.injection.echoed-request.echoed-request
../../CrossVul/CWE-22/php/bad_2929_0,391,59,`Echo`ing user input risks cross-site scripting vulnerability. You should use `htmlentities()` when showing data to users.,ERROR,php.lang.security.injection.echoed-request.echoed-request
../../CrossVul/CWE-22/php/bad_2929_0,392,59,`Echo`ing user input risks cross-site scripting vulnerability. You should use `htmlentities()` when showing data to users.,ERROR,php.lang.security.injection.echoed-request.echoed-request
../../CrossVul/CWE-22/php/bad_2929_0,393,59,`Echo`ing user input risks cross-site scripting vulnerability. You should use `htmlentities()` when showing data to users.,ERROR,php.lang.security.injection.echoed-request.echoed-request
../../CrossVul/CWE-22/php/bad_2929_0,394,61,`Echo`ing user input risks cross-site scripting vulnerability. You should use `htmlentities()` when showing data to users.,ERROR,php.lang.security.injection.echoed-request.echoed-request
../../CrossVul/CWE-22/php/bad_2929_0,413,59,`Echo`ing user input risks cross-site scripting vulnerability. You should use `htmlentities()` when showing data to users.,ERROR,php.lang.security.injection.echoed-request.echoed-request
../../CrossVul/CWE-22/php/bad_2929_0,414,59,`Echo`ing user input risks cross-site scripting vulnerability. You should use `htmlentities()` when showing data to users.,ERROR,php.lang.security.injection.echoed-request.echoed-request
../../CrossVul/CWE-22/php/bad_2929_0,415,59,`Echo`ing user input risks cross-site scripting vulnerability. You should use `htmlentities()` when showing data to users.,ERROR,php.lang.security.injection.echoed-request.echoed-request
../../CrossVul/CWE-22/php/bad_2929_0,416,59,`Echo`ing user input risks cross-site scripting vulnerability. You should use `htmlentities()` when showing data to users.,ERROR,php.lang.security.injection.echoed-request.echoed-request
../../CrossVul/CWE-22/php/bad_2929_0,417,61,`Echo`ing user input risks cross-site scripting vulnerability. You should use `htmlentities()` when showing data to users.,ERROR,php.lang.security.injection.echoed-request.echoed-request
../../CrossVul/CWE-22/php/bad_2929_0,421,98,`Echo`ing user input risks cross-site scripting vulnerability. You should use `htmlentities()` when showing data to users.,ERROR,php.lang.security.injection.echoed-request.echoed-request
../../CrossVul/CWE-22/php/bad_2929_0,427,102,`Echo`ing user input risks cross-site scripting vulnerability. You should use `htmlentities()` when showing data to users.,ERROR,php.lang.security.injection.echoed-request.echoed-request
../../CrossVul/CWE-22/php/bad_2929_0,433,101,`Echo`ing user input risks cross-site scripting vulnerability. You should use `htmlentities()` when showing data to users.,ERROR,php.lang.security.injection.echoed-request.echoed-request
../../CrossVul/CWE-22/php/bad_2929_0,469,59,`Echo`ing user input risks cross-site scripting vulnerability. You should use `htmlentities()` when showing data to users.,ERROR,php.lang.security.injection.echoed-request.echoed-request
../../CrossVul/CWE-22/php/bad_2929_0,470,59,`Echo`ing user input risks cross-site scripting vulnerability. You should use `htmlentities()` when showing data to users.,ERROR,php.lang.security.injection.echoed-request.echoed-request
../../CrossVul/CWE-22/php/bad_2929_0,471,59,`Echo`ing user input risks cross-site scripting vulnerability. You should use `htmlentities()` when showing data to users.,ERROR,php.lang.security.injection.echoed-request.echoed-request
../../CrossVul/CWE-22/php/bad_2929_0,472,59,`Echo`ing user input risks cross-site scripting vulnerability. You should use `htmlentities()` when showing data to users.,ERROR,php.lang.security.injection.echoed-request.echoed-request
../../CrossVul/CWE-22/php/bad_2929_0,473,61,`Echo`ing user input risks cross-site scripting vulnerability. You should use `htmlentities()` when showing data to users.,ERROR,php.lang.security.injection.echoed-request.echoed-request
../../CrossVul/CWE-22/php/bad_3329_0,60,13,File name based on user input risks server-side request forgery.,WARNING,php.lang.security.injection.tainted-filename.tainted-filename
../../CrossVul/CWE-22/php/bad_3329_0,66,20,File name based on user input risks server-side request forgery.,WARNING,php.lang.security.injection.tainted-filename.tainted-filename
../../CrossVul/CWE-22/php/bad_3329_0,72,30,File name based on user input risks server-side request forgery.,WARNING,php.lang.security.injection.tainted-filename.tainted-filename
../../CrossVul/CWE-22/php/bad_3329_0,73,57,File name based on user input risks server-side request forgery.,WARNING,php.lang.security.injection.tainted-filename.tainted-filename
../../CrossVul/CWE-22/php/bad_3329_0,73,76,File name based on user input risks server-side request forgery.,WARNING,php.lang.security.injection.tainted-filename.tainted-filename
../../CrossVul/CWE-22/php/bad_3329_0,74,68,File name based on user input risks server-side request forgery.,WARNING,php.lang.security.injection.tainted-filename.tainted-filename
../../CrossVul/CWE-22/php/bad_3329_0,74,87,File name based on user input risks server-side request forgery.,WARNING,php.lang.security.injection.tainted-filename.tainted-filename
../../CrossVul/CWE-22/php/bad_3329_0,75,40,File name based on user input risks server-side request forgery.,WARNING,php.lang.security.injection.tainted-filename.tainted-filename
../../CrossVul/CWE-22/php/bad_3329_0,76,40,File name based on user input risks server-side request forgery.,WARNING,php.lang.security.injection.tainted-filename.tainted-filename
../../CrossVul/CWE-22/php/bad_3329_0,77,44,File name based on user input risks server-side request forgery.,WARNING,php.lang.security.injection.tainted-filename.tainted-filename
../../CrossVul/CWE-22/php/bad_3329_0,83,2,`Echo`ing user input risks cross-site scripting vulnerability. You should use `htmlentities()` when showing data to users.,ERROR,php.lang.security.injection.echoed-request.echoed-request
../../CrossVul/CWE-22/php/bad_3329_0,83,68,File name based on user input risks server-side request forgery.,WARNING,php.lang.security.injection.tainted-filename.tainted-filename
../../CrossVul/CWE-22/php/bad_3329_0,111,46,File name based on user input risks server-side request forgery.,WARNING,php.lang.security.injection.tainted-filename.tainted-filename
../../CrossVul/CWE-22/php/bad_3329_0,112,38,File name based on user input risks server-side request forgery.,WARNING,php.lang.security.injection.tainted-filename.tainted-filename
../../CrossVul/CWE-22/php/bad_3329_0,116,11,File name based on user input risks server-side request forgery.,WARNING,php.lang.security.injection.tainted-filename.tainted-filename
../../CrossVul/CWE-22/php/bad_3613_0,560,2,`Printing user input risks cross-site scripting vulnerability. You should use `htmlentities()` when showing data to users.,ERROR,php.lang.security.injection.printed-request.printed-request
../../CrossVul/CWE-22/php/bad_3613_6,234,2,`Printing user input risks cross-site scripting vulnerability. You should use `htmlentities()` when showing data to users.,ERROR,php.lang.security.injection.printed-request.printed-request
../../CrossVul/CWE-22/php/bad_3613_6,243,2,`Printing user input risks cross-site scripting vulnerability. You should use `htmlentities()` when showing data to users.,ERROR,php.lang.security.injection.printed-request.printed-request
../../CrossVul/CWE-22/php/bad_3613_6,248,2,`Printing user input risks cross-site scripting vulnerability. You should use `htmlentities()` when showing data to users.,ERROR,php.lang.security.injection.printed-request.printed-request
../../CrossVul/CWE-22/php/bad_3613_7,458,1,`Printing user input risks cross-site scripting vulnerability. You should use `htmlentities()` when showing data to users.,ERROR,php.lang.security.injection.printed-request.printed-request
../../CrossVul/CWE-22/php/bad_3613_5,297,5,`Printing user input risks cross-site scripting vulnerability. You should use `htmlentities()` when showing data to users.,ERROR,php.lang.security.injection.printed-request.printed-request
../../CrossVul/CWE-22/php/bad_3613_5,300,5,`Printing user input risks cross-site scripting vulnerability. You should use `htmlentities()` when showing data to users.,ERROR,php.lang.security.injection.printed-request.printed-request
../../CrossVul/CWE-22/php/bad_3613_5,328,5,`Printing user input risks cross-site scripting vulnerability. You should use `htmlentities()` when showing data to users.,ERROR,php.lang.security.injection.printed-request.printed-request
../../CrossVul/CWE-22/php/bad_3614_1,560,2,`Printing user input risks cross-site scripting vulnerability. You should use `htmlentities()` when showing data to users.,ERROR,php.lang.security.injection.printed-request.printed-request
../../CrossVul/CWE-22/php/bad_3614_8,234,2,`Printing user input risks cross-site scripting vulnerability. You should use `htmlentities()` when showing data to users.,ERROR,php.lang.security.injection.printed-request.printed-request
../../CrossVul/CWE-22/php/bad_3614_8,243,2,`Printing user input risks cross-site scripting vulnerability. You should use `htmlentities()` when showing data to users.,ERROR,php.lang.security.injection.printed-request.printed-request
../../CrossVul/CWE-22/php/bad_3614_8,248,2,`Printing user input risks cross-site scripting vulnerability. You should use `htmlentities()` when showing data to users.,ERROR,php.lang.security.injection.printed-request.printed-request
../../CrossVul/CWE-22/php/bad_3614_7,297,5,`Printing user input risks cross-site scripting vulnerability. You should use `htmlentities()` when showing data to users.,ERROR,php.lang.security.injection.printed-request.printed-request
../../CrossVul/CWE-22/php/bad_3614_7,300,5,`Printing user input risks cross-site scripting vulnerability. You should use `htmlentities()` when showing data to users.,ERROR,php.lang.security.injection.printed-request.printed-request
../../CrossVul/CWE-22/php/bad_3614_7,328,5,`Printing user input risks cross-site scripting vulnerability. You should use `htmlentities()` when showing data to users.,ERROR,php.lang.security.injection.printed-request.printed-request
../../CrossVul/CWE-22/php/bad_3623_0,89,29,File name based on user input risks server-side request forgery.,WARNING,php.lang.security.injection.tainted-filename.tainted-filename
../../CrossVul/CWE-22/php/bad_3623_0,90,33,File name based on user input risks server-side request forgery.,WARNING,php.lang.security.injection.tainted-filename.tainted-filename
../../CrossVul/CWE-22/php/bad_3623_0,96,59,File name based on user input risks server-side request forgery.,WARNING,php.lang.security.injection.tainted-filename.tainted-filename
../../CrossVul/CWE-22/php/bad_3623_0,130,29,File name based on user input risks server-side request forgery.,WARNING,php.lang.security.injection.tainted-filename.tainted-filename
../../CrossVul/CWE-22/php/bad_3623_1,89,29,File name based on user input risks server-side request forgery.,WARNING,php.lang.security.injection.tainted-filename.tainted-filename
../../CrossVul/CWE-22/php/bad_3623_1,90,33,File name based on user input risks server-side request forgery.,WARNING,php.lang.security.injection.tainted-filename.tainted-filename
../../CrossVul/CWE-22/php/bad_3623_1,96,59,File name based on user input risks server-side request forgery.,WARNING,php.lang.security.injection.tainted-filename.tainted-filename
../../CrossVul/CWE-22/php/bad_3623_1,130,29,File name based on user input risks server-side request forgery.,WARNING,php.lang.security.injection.tainted-filename.tainted-filename
../../CrossVul/CWE-22/php/bad_3613_3,375,13,`Printing user input risks cross-site scripting vulnerability. You should use `htmlentities()` when showing data to users.,ERROR,php.lang.security.injection.printed-request.printed-request
../../CrossVul/CWE-22/php/bad_3613_3,376,13,`Printing user input risks cross-site scripting vulnerability. You should use `htmlentities()` when showing data to users.,ERROR,php.lang.security.injection.printed-request.printed-request
../../CrossVul/CWE-22/php/bad_3613_3,399,13,`Printing user input risks cross-site scripting vulnerability. You should use `htmlentities()` when showing data to users.,ERROR,php.lang.security.injection.printed-request.printed-request
../../CrossVul/CWE-22/php/bad_3613_3,402,13,`Printing user input risks cross-site scripting vulnerability. You should use `htmlentities()` when showing data to users.,ERROR,php.lang.security.injection.printed-request.printed-request
../../CrossVul/CWE-22/php/bad_3613_3,406,13,`Printing user input risks cross-site scripting vulnerability. You should use `htmlentities()` when showing data to users.,ERROR,php.lang.security.injection.printed-request.printed-request
../../CrossVul/CWE-22/php/bad_3613_3,412,13,`Printing user input risks cross-site scripting vulnerability. You should use `htmlentities()` when showing data to users.,ERROR,php.lang.security.injection.printed-request.printed-request
../../CrossVul/CWE-22/php/bad_3613_3,413,13,`Printing user input risks cross-site scripting vulnerability. You should use `htmlentities()` when showing data to users.,ERROR,php.lang.security.injection.printed-request.printed-request
../../CrossVul/CWE-22/php/bad_3613_3,419,13,`Printing user input risks cross-site scripting vulnerability. You should use `htmlentities()` when showing data to users.,ERROR,php.lang.security.injection.printed-request.printed-request
../../CrossVul/CWE-22/php/bad_3613_3,429,21,`Printing user input risks cross-site scripting vulnerability. You should use `htmlentities()` when showing data to users.,ERROR,php.lang.security.injection.printed-request.printed-request
../../CrossVul/CWE-22/php/bad_3613_3,440,13,`Printing user input risks cross-site scripting vulnerability. You should use `htmlentities()` when showing data to users.,ERROR,php.lang.security.injection.printed-request.printed-request
../../CrossVul/CWE-22/php/bad_3613_3,441,13,`Printing user input risks cross-site scripting vulnerability. You should use `htmlentities()` when showing data to users.,ERROR,php.lang.security.injection.printed-request.printed-request
../../CrossVul/CWE-22/php/bad_3613_3,444,13,`Printing user input risks cross-site scripting vulnerability. You should use `htmlentities()` when showing data to users.,ERROR,php.lang.security.injection.printed-request.printed-request
../../CrossVul/CWE-22/php/bad_3613_3,445,13,`Printing user input risks cross-site scripting vulnerability. You should use `htmlentities()` when showing data to users.,ERROR,php.lang.security.injection.printed-request.printed-request
../../CrossVul/CWE-22/php/bad_3613_3,449,13,`Printing user input risks cross-site scripting vulnerability. You should use `htmlentities()` when showing data to users.,ERROR,php.lang.security.injection.printed-request.printed-request
../../CrossVul/CWE-22/php/bad_3613_3,452,13,`Printing user input risks cross-site scripting vulnerability. You should use `htmlentities()` when showing data to users.,ERROR,php.lang.security.injection.printed-request.printed-request
../../CrossVul/CWE-22/php/bad_3613_3,457,13,`Printing user input risks cross-site scripting vulnerability. You should use `htmlentities()` when showing data to users.,ERROR,php.lang.security.injection.printed-request.printed-request
../../CrossVul/CWE-22/php/bad_3613_3,461,13,`Printing user input risks cross-site scripting vulnerability. You should use `htmlentities()` when showing data to users.,ERROR,php.lang.security.injection.printed-request.printed-request
../../CrossVul/CWE-22/php/bad_3613_3,546,13,`Printing user input risks cross-site scripting vulnerability. You should use `htmlentities()` when showing data to users.,ERROR,php.lang.security.injection.printed-request.printed-request
../../CrossVul/CWE-22/php/bad_3613_3,547,13,`Printing user input risks cross-site scripting vulnerability. You should use `htmlentities()` when showing data to users.,ERROR,php.lang.security.injection.printed-request.printed-request
../../CrossVul/CWE-22/php/bad_3613_3,556,13,`Printing user input risks cross-site scripting vulnerability. You should use `htmlentities()` when showing data to users.,ERROR,php.lang.security.injection.printed-request.printed-request
../../CrossVul/CWE-22/php/bad_3613_3,557,13,`Printing user input risks cross-site scripting vulnerability. You should use `htmlentities()` when showing data to users.,ERROR,php.lang.security.injection.printed-request.printed-request
../../CrossVul/CWE-22/php/bad_3613_3,564,17,`Printing user input risks cross-site scripting vulnerability. You should use `htmlentities()` when showing data to users.,ERROR,php.lang.security.injection.printed-request.printed-request
../../CrossVul/CWE-22/php/bad_3613_3,571,13,`Printing user input risks cross-site scripting vulnerability. You should use `htmlentities()` when showing data to users.,ERROR,php.lang.security.injection.printed-request.printed-request
../../CrossVul/CWE-22/php/bad_3613_3,574,13,`Printing user input risks cross-site scripting vulnerability. You should use `htmlentities()` when showing data to users.,ERROR,php.lang.security.injection.printed-request.printed-request
../../CrossVul/CWE-22/php/bad_3613_3,577,13,`Printing user input risks cross-site scripting vulnerability. You should use `htmlentities()` when showing data to users.,ERROR,php.lang.security.injection.printed-request.printed-request
../../CrossVul/CWE-22/php/bad_3613_3,581,13,`Printing user input risks cross-site scripting vulnerability. You should use `htmlentities()` when showing data to users.,ERROR,php.lang.security.injection.printed-request.printed-request
../../CrossVul/CWE-22/php/bad_3613_3,582,13,`Printing user input risks cross-site scripting vulnerability. You should use `htmlentities()` when showing data to users.,ERROR,php.lang.security.injection.printed-request.printed-request
../../CrossVul/CWE-22/php/bad_3613_3,587,13,`Printing user input risks cross-site scripting vulnerability. You should use `htmlentities()` when showing data to users.,ERROR,php.lang.security.injection.printed-request.printed-request
../../CrossVul/CWE-22/php/bad_3613_3,595,17,`Printing user input risks cross-site scripting vulnerability. You should use `htmlentities()` when showing data to users.,ERROR,php.lang.security.injection.printed-request.printed-request
../../CrossVul/CWE-22/php/bad_3613_3,600,13,`Printing user input risks cross-site scripting vulnerability. You should use `htmlentities()` when showing data to users.,ERROR,php.lang.security.injection.printed-request.printed-request
../../CrossVul/CWE-22/php/bad_3613_3,601,13,`Printing user input risks cross-site scripting vulnerability. You should use `htmlentities()` when showing data to users.,ERROR,php.lang.security.injection.printed-request.printed-request
../../CrossVul/CWE-22/php/bad_3613_3,603,13,`Printing user input risks cross-site scripting vulnerability. You should use `htmlentities()` when showing data to users.,ERROR,php.lang.security.injection.printed-request.printed-request
../../CrossVul/CWE-22/php/bad_3613_3,604,13,`Printing user input risks cross-site scripting vulnerability. You should use `htmlentities()` when showing data to users.,ERROR,php.lang.security.injection.printed-request.printed-request
../../CrossVul/CWE-22/php/bad_3613_3,607,13,`Printing user input risks cross-site scripting vulnerability. You should use `htmlentities()` when showing data to users.,ERROR,php.lang.security.injection.printed-request.printed-request
../../CrossVul/CWE-22/php/bad_3613_3,621,13,`Printing user input risks cross-site scripting vulnerability. You should use `htmlentities()` when showing data to users.,ERROR,php.lang.security.injection.printed-request.printed-request
../../CrossVul/CWE-22/php/bad_3613_3,631,13,`Printing user input risks cross-site scripting vulnerability. You should use `htmlentities()` when showing data to users.,ERROR,php.lang.security.injection.printed-request.printed-request
../../CrossVul/CWE-22/php/bad_3613_3,735,9,`Printing user input risks cross-site scripting vulnerability. You should use `htmlentities()` when showing data to users.,ERROR,php.lang.security.injection.printed-request.printed-request
../../CrossVul/CWE-22/php/bad_3613_3,736,9,`Printing user input risks cross-site scripting vulnerability. You should use `htmlentities()` when showing data to users.,ERROR,php.lang.security.injection.printed-request.printed-request
../../CrossVul/CWE-22/php/bad_3613_3,760,9,`Printing user input risks cross-site scripting vulnerability. You should use `htmlentities()` when showing data to users.,ERROR,php.lang.security.injection.printed-request.printed-request
../../CrossVul/CWE-22/php/bad_3613_3,787,9,`Printing user input risks cross-site scripting vulnerability. You should use `htmlentities()` when showing data to users.,ERROR,php.lang.security.injection.printed-request.printed-request
../../CrossVul/CWE-22/php/bad_3624_0,92,29,File name based on user input risks server-side request forgery.,WARNING,php.lang.security.injection.tainted-filename.tainted-filename
../../CrossVul/CWE-22/php/bad_3624_0,93,33,File name based on user input risks server-side request forgery.,WARNING,php.lang.security.injection.tainted-filename.tainted-filename
../../CrossVul/CWE-22/php/bad_3624_0,100,59,File name based on user input risks server-side request forgery.,WARNING,php.lang.security.injection.tainted-filename.tainted-filename
../../CrossVul/CWE-22/php/bad_3624_0,137,29,File name based on user input risks server-side request forgery.,WARNING,php.lang.security.injection.tainted-filename.tainted-filename
../../CrossVul/CWE-22/php/bad_3624_1,92,29,File name based on user input risks server-side request forgery.,WARNING,php.lang.security.injection.tainted-filename.tainted-filename
../../CrossVul/CWE-22/php/bad_3624_1,93,33,File name based on user input risks server-side request forgery.,WARNING,php.lang.security.injection.tainted-filename.tainted-filename
../../CrossVul/CWE-22/php/bad_3624_1,100,59,File name based on user input risks server-side request forgery.,WARNING,php.lang.security.injection.tainted-filename.tainted-filename
../../CrossVul/CWE-22/php/bad_3624_1,137,29,File name based on user input risks server-side request forgery.,WARNING,php.lang.security.injection.tainted-filename.tainted-filename
../../CrossVul/CWE-22/php/bad_387_2,373,19,File name based on user input risks server-side request forgery.,WARNING,php.lang.security.injection.tainted-filename.tainted-filename
../../CrossVul/CWE-22/php/bad_387_2,388,36,File name based on user input risks server-side request forgery.,WARNING,php.lang.security.injection.tainted-filename.tainted-filename
../../CrossVul/CWE-22/php/bad_387_2,391,35,File name based on user input risks server-side request forgery.,WARNING,php.lang.security.injection.tainted-filename.tainted-filename
../../CrossVul/CWE-22/php/bad_387_2,441,32,File name based on user input risks server-side request forgery.,WARNING,php.lang.security.injection.tainted-filename.tainted-filename
../../CrossVul/CWE-22/php/bad_387_2,450,1,`Echo`ing user input risks cross-site scripting vulnerability. You should use `htmlentities()` when showing data to users.,ERROR,php.lang.security.injection.echoed-request.echoed-request
../../CrossVul/CWE-22/php/bad_3614_4,375,13,`Printing user input risks cross-site scripting vulnerability. You should use `htmlentities()` when showing data to users.,ERROR,php.lang.security.injection.printed-request.printed-request
../../CrossVul/CWE-22/php/bad_3614_4,376,13,`Printing user input risks cross-site scripting vulnerability. You should use `htmlentities()` when showing data to users.,ERROR,php.lang.security.injection.printed-request.printed-request
../../CrossVul/CWE-22/php/bad_3614_4,399,13,`Printing user input risks cross-site scripting vulnerability. You should use `htmlentities()` when showing data to users.,ERROR,php.lang.security.injection.printed-request.printed-request
../../CrossVul/CWE-22/php/bad_3614_4,402,13,`Printing user input risks cross-site scripting vulnerability. You should use `htmlentities()` when showing data to users.,ERROR,php.lang.security.injection.printed-request.printed-request
../../CrossVul/CWE-22/php/bad_3614_4,406,13,`Printing user input risks cross-site scripting vulnerability. You should use `htmlentities()` when showing data to users.,ERROR,php.lang.security.injection.printed-request.printed-request
../../CrossVul/CWE-22/php/bad_3614_4,412,13,`Printing user input risks cross-site scripting vulnerability. You should use `htmlentities()` when showing data to users.,ERROR,php.lang.security.injection.printed-request.printed-request
../../CrossVul/CWE-22/php/bad_3614_4,413,13,`Printing user input risks cross-site scripting vulnerability. You should use `htmlentities()` when showing data to users.,ERROR,php.lang.security.injection.printed-request.printed-request
../../CrossVul/CWE-22/php/bad_3614_4,419,13,`Printing user input risks cross-site scripting vulnerability. You should use `htmlentities()` when showing data to users.,ERROR,php.lang.security.injection.printed-request.printed-request
../../CrossVul/CWE-22/php/bad_3614_4,429,21,`Printing user input risks cross-site scripting vulnerability. You should use `htmlentities()` when showing data to users.,ERROR,php.lang.security.injection.printed-request.printed-request
../../CrossVul/CWE-22/php/bad_3614_4,440,13,`Printing user input risks cross-site scripting vulnerability. You should use `htmlentities()` when showing data to users.,ERROR,php.lang.security.injection.printed-request.printed-request
../../CrossVul/CWE-22/php/bad_3614_4,441,13,`Printing user input risks cross-site scripting vulnerability. You should use `htmlentities()` when showing data to users.,ERROR,php.lang.security.injection.printed-request.printed-request
../../CrossVul/CWE-22/php/bad_3614_4,444,13,`Printing user input risks cross-site scripting vulnerability. You should use `htmlentities()` when showing data to users.,ERROR,php.lang.security.injection.printed-request.printed-request
../../CrossVul/CWE-22/php/bad_3614_4,445,13,`Printing user input risks cross-site scripting vulnerability. You should use `htmlentities()` when showing data to users.,ERROR,php.lang.security.injection.printed-request.printed-request
../../CrossVul/CWE-22/php/bad_3614_4,449,13,`Printing user input risks cross-site scripting vulnerability. You should use `htmlentities()` when showing data to users.,ERROR,php.lang.security.injection.printed-request.printed-request
../../CrossVul/CWE-22/php/bad_3614_4,452,13,`Printing user input risks cross-site scripting vulnerability. You should use `htmlentities()` when showing data to users.,ERROR,php.lang.security.injection.printed-request.printed-request
../../CrossVul/CWE-22/php/bad_3614_4,457,13,`Printing user input risks cross-site scripting vulnerability. You should use `htmlentities()` when showing data to users.,ERROR,php.lang.security.injection.printed-request.printed-request
../../CrossVul/CWE-22/php/bad_3614_4,461,13,`Printing user input risks cross-site scripting vulnerability. You should use `htmlentities()` when showing data to users.,ERROR,php.lang.security.injection.printed-request.printed-request
../../CrossVul/CWE-22/php/bad_3614_4,546,13,`Printing user input risks cross-site scripting vulnerability. You should use `htmlentities()` when showing data to users.,ERROR,php.lang.security.injection.printed-request.printed-request
../../CrossVul/CWE-22/php/bad_3614_4,547,13,`Printing user input risks cross-site scripting vulnerability. You should use `htmlentities()` when showing data to users.,ERROR,php.lang.security.injection.printed-request.printed-request
../../CrossVul/CWE-22/php/bad_3614_4,556,13,`Printing user input risks cross-site scripting vulnerability. You should use `htmlentities()` when showing data to users.,ERROR,php.lang.security.injection.printed-request.printed-request
../../CrossVul/CWE-22/php/bad_3614_4,557,13,`Printing user input risks cross-site scripting vulnerability. You should use `htmlentities()` when showing data to users.,ERROR,php.lang.security.injection.printed-request.printed-request
../../CrossVul/CWE-22/php/bad_3614_4,564,17,`Printing user input risks cross-site scripting vulnerability. You should use `htmlentities()` when showing data to users.,ERROR,php.lang.security.injection.printed-request.printed-request
../../CrossVul/CWE-22/php/bad_3614_4,571,13,`Printing user input risks cross-site scripting vulnerability. You should use `htmlentities()` when showing data to users.,ERROR,php.lang.security.injection.printed-request.printed-request
../../CrossVul/CWE-22/php/bad_3614_4,574,13,`Printing user input risks cross-site scripting vulnerability. You should use `htmlentities()` when showing data to users.,ERROR,php.lang.security.injection.printed-request.printed-request
../../CrossVul/CWE-22/php/bad_3614_4,577,13,`Printing user input risks cross-site scripting vulnerability. You should use `htmlentities()` when showing data to users.,ERROR,php.lang.security.injection.printed-request.printed-request
../../CrossVul/CWE-22/php/bad_3614_4,581,13,`Printing user input risks cross-site scripting vulnerability. You should use `htmlentities()` when showing data to users.,ERROR,php.lang.security.injection.printed-request.printed-request
../../CrossVul/CWE-22/php/bad_3614_4,582,13,`Printing user input risks cross-site scripting vulnerability. You should use `htmlentities()` when showing data to users.,ERROR,php.lang.security.injection.printed-request.printed-request
../../CrossVul/CWE-22/php/bad_3614_4,587,13,`Printing user input risks cross-site scripting vulnerability. You should use `htmlentities()` when showing data to users.,ERROR,php.lang.security.injection.printed-request.printed-request
../../CrossVul/CWE-22/php/bad_3614_4,595,17,`Printing user input risks cross-site scripting vulnerability. You should use `htmlentities()` when showing data to users.,ERROR,php.lang.security.injection.printed-request.printed-request
../../CrossVul/CWE-22/php/bad_3614_4,600,13,`Printing user input risks cross-site scripting vulnerability. You should use `htmlentities()` when showing data to users.,ERROR,php.lang.security.injection.printed-request.printed-request
../../CrossVul/CWE-22/php/bad_3614_4,601,13,`Printing user input risks cross-site scripting vulnerability. You should use `htmlentities()` when showing data to users.,ERROR,php.lang.security.injection.printed-request.printed-request
../../CrossVul/CWE-22/php/bad_3614_4,603,13,`Printing user input risks cross-site scripting vulnerability. You should use `htmlentities()` when showing data to users.,ERROR,php.lang.security.injection.printed-request.printed-request
../../CrossVul/CWE-22/php/bad_3614_4,604,13,`Printing user input risks cross-site scripting vulnerability. You should use `htmlentities()` when showing data to users.,ERROR,php.lang.security.injection.printed-request.printed-request
../../CrossVul/CWE-22/php/bad_3614_4,607,13,`Printing user input risks cross-site scripting vulnerability. You should use `htmlentities()` when showing data to users.,ERROR,php.lang.security.injection.printed-request.printed-request
../../CrossVul/CWE-22/php/bad_3614_4,621,13,`Printing user input risks cross-site scripting vulnerability. You should use `htmlentities()` when showing data to users.,ERROR,php.lang.security.injection.printed-request.printed-request
../../CrossVul/CWE-22/php/bad_3614_4,631,13,`Printing user input risks cross-site scripting vulnerability. You should use `htmlentities()` when showing data to users.,ERROR,php.lang.security.injection.printed-request.printed-request
../../CrossVul/CWE-22/php/bad_3614_4,735,9,`Printing user input risks cross-site scripting vulnerability. You should use `htmlentities()` when showing data to users.,ERROR,php.lang.security.injection.printed-request.printed-request
../../CrossVul/CWE-22/php/bad_3614_4,736,9,`Printing user input risks cross-site scripting vulnerability. You should use `htmlentities()` when showing data to users.,ERROR,php.lang.security.injection.printed-request.printed-request
../../CrossVul/CWE-22/php/bad_3614_4,760,9,`Printing user input risks cross-site scripting vulnerability. You should use `htmlentities()` when showing data to users.,ERROR,php.lang.security.injection.printed-request.printed-request
../../CrossVul/CWE-22/php/bad_3614_4,787,9,`Printing user input risks cross-site scripting vulnerability. You should use `htmlentities()` when showing data to users.,ERROR,php.lang.security.injection.printed-request.printed-request
../../CrossVul/CWE-22/php/bad_3614_4,788,9,`Printing user input risks cross-site scripting vulnerability. You should use `htmlentities()` when showing data to users.,ERROR,php.lang.security.injection.printed-request.printed-request
../../CrossVul/CWE-22/php/bad_3614_4,790,9,`Printing user input risks cross-site scripting vulnerability. You should use `htmlentities()` when showing data to users.,ERROR,php.lang.security.injection.printed-request.printed-request
../../CrossVul/CWE-22/php/bad_3614_4,791,9,`Printing user input risks cross-site scripting vulnerability. You should use `htmlentities()` when showing data to users.,ERROR,php.lang.security.injection.printed-request.printed-request
../../CrossVul/CWE-22/php/bad_3614_4,794,9,`Printing user input risks cross-site scripting vulnerability. You should use `htmlentities()` when showing data to users.,ERROR,php.lang.security.injection.printed-request.printed-request
../../CrossVul/CWE-22/php/bad_3982_0,343,14,File name based on user input risks server-side request forgery.,WARNING,php.lang.security.injection.tainted-filename.tainted-filename
../../CrossVul/CWE-22/php/bad_3982_0,403,37,File name based on user input risks server-side request forgery.,WARNING,php.lang.security.injection.tainted-filename.tainted-filename
../../CrossVul/CWE-22/php/bad_3982_0,411,21,File name based on user input risks server-side request forgery.,WARNING,php.lang.security.injection.tainted-filename.tainted-filename
../../CrossVul/CWE-22/php/bad_3982_0,421,9,`Echo`ing user input risks cross-site scripting vulnerability. You should use `htmlentities()` when showing data to users.,ERROR,php.lang.security.injection.echoed-request.echoed-request
../../CrossVul/CWE-22/php/bad_3982_0,480,9,`Echo`ing user input risks cross-site scripting vulnerability. You should use `htmlentities()` when showing data to users.,ERROR,php.lang.security.injection.echoed-request.echoed-request
../../CrossVul/CWE-22/php/bad_3982_0,569,26,File name based on user input risks server-side request forgery.,WARNING,php.lang.security.injection.tainted-filename.tainted-filename
../../CrossVul/CWE-22/php/bad_3982_0,593,30,File name based on user input risks server-side request forgery.,WARNING,php.lang.security.injection.tainted-filename.tainted-filename
../../CrossVul/CWE-22/php/bad_3982_0,595,28,File name based on user input risks server-side request forgery.,WARNING,php.lang.security.injection.tainted-filename.tainted-filename
../../CrossVul/CWE-22/php/bad_3982_0,663,24,File name based on user input risks server-side request forgery.,WARNING,php.lang.security.injection.tainted-filename.tainted-filename
../../CrossVul/CWE-22/php/bad_3982_0,671,31,File name based on user input risks server-side request forgery.,WARNING,php.lang.security.injection.tainted-filename.tainted-filename
../../CrossVul/CWE-22/php/bad_3982_0,706,17,File name based on user input risks server-side request forgery.,WARNING,php.lang.security.injection.tainted-filename.tainted-filename
../../CrossVul/CWE-22/php/bad_3982_0,787,30,File name based on user input risks server-side request forgery.,WARNING,php.lang.security.injection.tainted-filename.tainted-filename
../../CrossVul/CWE-22/php/bad_3982_0,796,46,File name based on user input risks server-side request forgery.,WARNING,php.lang.security.injection.tainted-filename.tainted-filename
../../CrossVul/CWE-22/php/bad_3982_0,798,18,File name based on user input risks server-side request forgery.,WARNING,php.lang.security.injection.tainted-filename.tainted-filename
../../CrossVul/CWE-22/php/bad_3982_0,830,25,File name based on user input risks server-side request forgery.,WARNING,php.lang.security.injection.tainted-filename.tainted-filename
../../CrossVul/CWE-22/php/bad_3982_0,835,21,File name based on user input risks server-side request forgery.,WARNING,php.lang.security.injection.tainted-filename.tainted-filename
../../CrossVul/CWE-22/php/bad_3982_0,844,34,File name based on user input risks server-side request forgery.,WARNING,php.lang.security.injection.tainted-filename.tainted-filename
../../CrossVul/CWE-22/php/bad_3982_0,869,5,`Echo`ing user input risks cross-site scripting vulnerability. You should use `htmlentities()` when showing data to users.,ERROR,php.lang.security.injection.echoed-request.echoed-request
../../CrossVul/CWE-22/php/bad_3982_0,964,33,File name based on user input risks server-side request forgery.,WARNING,php.lang.security.injection.tainted-filename.tainted-filename
../../CrossVul/CWE-22/php/bad_3982_0,1018,34,File name based on user input risks server-side request forgery.,WARNING,php.lang.security.injection.tainted-filename.tainted-filename
../../CrossVul/CWE-22/php/bad_3982_0,1018,66,File name based on user input risks server-side request forgery.,WARNING,php.lang.security.injection.tainted-filename.tainted-filename
../../CrossVul/CWE-22/php/bad_3982_0,1052,16,File name based on user input risks server-side request forgery.,WARNING,php.lang.security.injection.tainted-filename.tainted-filename
../../CrossVul/CWE-22/php/bad_3982_0,1211,25,`Echo`ing user input risks cross-site scripting vulnerability. You should use `htmlentities()` when showing data to users.,ERROR,php.lang.security.injection.echoed-request.echoed-request
../../CrossVul/CWE-22/php/bad_3982_0,1214,80,`Echo`ing user input risks cross-site scripting vulnerability. You should use `htmlentities()` when showing data to users.,ERROR,php.lang.security.injection.echoed-request.echoed-request
../../CrossVul/CWE-22/php/bad_3982_0,1237,37,File name based on user input risks server-side request forgery.,WARNING,php.lang.security.injection.tainted-filename.tainted-filename
../../CrossVul/CWE-22/php/bad_3982_0,1248,32,`Echo`ing user input risks cross-site scripting vulnerability. You should use `htmlentities()` when showing data to users.,ERROR,php.lang.security.injection.echoed-request.echoed-request
../../CrossVul/CWE-22/php/bad_3982_0,1252,76,`Echo`ing user input risks cross-site scripting vulnerability. You should use `htmlentities()` when showing data to users.,ERROR,php.lang.security.injection.echoed-request.echoed-request
../../CrossVul/CWE-22/php/bad_3982_0,1253,76,`Echo`ing user input risks cross-site scripting vulnerability. You should use `htmlentities()` when showing data to users.,ERROR,php.lang.security.injection.echoed-request.echoed-request
../../CrossVul/CWE-22/php/bad_3982_0,1261,81,`Echo`ing user input risks cross-site scripting vulnerability. You should use `htmlentities()` when showing data to users.,ERROR,php.lang.security.injection.echoed-request.echoed-request
../../CrossVul/CWE-22/php/bad_3982_0,1267,103,`Echo`ing user input risks cross-site scripting vulnerability. You should use `htmlentities()` when showing data to users.,ERROR,php.lang.security.injection.echoed-request.echoed-request
../../CrossVul/CWE-22/php/bad_3982_0,1509,75,`Echo`ing user input risks cross-site scripting vulnerability. You should use `htmlentities()` when showing data to users.,ERROR,php.lang.security.injection.echoed-request.echoed-request
../../CrossVul/CWE-22/php/bad_3982_0,1511,38,`Echo`ing user input risks cross-site scripting vulnerability. You should use `htmlentities()` when showing data to users.,ERROR,php.lang.security.injection.echoed-request.echoed-request
../../CrossVul/CWE-22/php/bad_3982_0,1513,33,`Echo`ing user input risks cross-site scripting vulnerability. You should use `htmlentities()` when showing data to users.,ERROR,php.lang.security.injection.echoed-request.echoed-request
../../CrossVul/CWE-22/php/bad_3982_0,1513,107,`Echo`ing user input risks cross-site scripting vulnerability. You should use `htmlentities()` when showing data to users.,ERROR,php.lang.security.injection.echoed-request.echoed-request
../../CrossVul/CWE-22/php/bad_3982_0,1515,38,`Echo`ing user input risks cross-site scripting vulnerability. You should use `htmlentities()` when showing data to users.,ERROR,php.lang.security.injection.echoed-request.echoed-request
../../CrossVul/CWE-22/php/bad_3982_0,3706,60,`Echo`ing user input risks cross-site scripting vulnerability. You should use `htmlentities()` when showing data to users.,ERROR,php.lang.security.injection.echoed-request.echoed-request
../../CrossVul/CWE-22/php/good_1152_0,70,22,File name based on user input risks server-side request forgery.,WARNING,php.lang.security.injection.tainted-filename.tainted-filename
../../CrossVul/CWE-22/php/good_1152_0,71,15,File name based on user input risks server-side request forgery.,WARNING,php.lang.security.injection.tainted-filename.tainted-filename
../../CrossVul/CWE-22/php/good_1158_0,94,20,File name based on user input risks server-side request forgery.,WARNING,php.lang.security.injection.tainted-filename.tainted-filename
../../CrossVul/CWE-22/php/good_1158_0,95,17,File name based on user input risks server-side request forgery.,WARNING,php.lang.security.injection.tainted-filename.tainted-filename
../../CrossVul/CWE-22/php/good_1158_0,113,40,File name based on user input risks server-side request forgery.,WARNING,php.lang.security.injection.tainted-filename.tainted-filename
../../CrossVul/CWE-22/php/good_1158_0,245,18,File name based on user input risks server-side request forgery.,WARNING,php.lang.security.injection.tainted-filename.tainted-filename
../../CrossVul/CWE-22/php/good_1158_0,248,17,File name based on user input risks server-side request forgery.,WARNING,php.lang.security.injection.tainted-filename.tainted-filename
../../CrossVul/CWE-22/php/good_1158_0,304,16,File name based on user input risks server-side request forgery.,WARNING,php.lang.security.injection.tainted-filename.tainted-filename
../../CrossVul/CWE-22/php/good_2928_0,127,45,`Echo`ing user input risks cross-site scripting vulnerability. You should use `htmlentities()` when showing data to users.,ERROR,php.lang.security.injection.echoed-request.echoed-request
../../CrossVul/CWE-22/php/good_2928_0,155,98,`Echo`ing user input risks cross-site scripting vulnerability. You should use `htmlentities()` when showing data to users.,ERROR,php.lang.security.injection.echoed-request.echoed-request
../../CrossVul/CWE-22/php/good_2928_0,155,178,`Echo`ing user input risks cross-site scripting vulnerability. You should use `htmlentities()` when showing data to users.,ERROR,php.lang.security.injection.echoed-request.echoed-request
../../CrossVul/CWE-22/php/good_2928_0,156,41,`Echo`ing user input risks cross-site scripting vulnerability. You should use `htmlentities()` when showing data to users.,ERROR,php.lang.security.injection.echoed-request.echoed-request
../../CrossVul/CWE-22/php/good_2928_0,265,94,`Echo`ing user input risks cross-site scripting vulnerability. You should use `htmlentities()` when showing data to users.,ERROR,php.lang.security.injection.echoed-request.echoed-request
../../CrossVul/CWE-22/php/good_2928_0,271,94,`Echo`ing user input risks cross-site scripting vulnerability. You should use `htmlentities()` when showing data to users.,ERROR,php.lang.security.injection.echoed-request.echoed-request
../../CrossVul/CWE-22/php/good_2928_0,277,98,`Echo`ing user input risks cross-site scripting vulnerability. You should use `htmlentities()` when showing data to users.,ERROR,php.lang.security.injection.echoed-request.echoed-request
../../CrossVul/CWE-22/php/good_2928_0,283,94,`Echo`ing user input risks cross-site scripting vulnerability. You should use `htmlentities()` when showing data to users.,ERROR,php.lang.security.injection.echoed-request.echoed-request
../../CrossVul/CWE-22/php/good_2928_0,289,98,`Echo`ing user input risks cross-site scripting vulnerability. You should use `htmlentities()` when showing data to users.,ERROR,php.lang.security.injection.echoed-request.echoed-request
../../CrossVul/CWE-22/php/good_2928_0,295,94,`Echo`ing user input risks cross-site scripting vulnerability. You should use `htmlentities()` when showing data to users.,ERROR,php.lang.security.injection.echoed-request.echoed-request
../../CrossVul/CWE-22/php/good_2928_0,325,59,`Echo`ing user input risks cross-site scripting vulnerability. You should use `htmlentities()` when showing data to users.,ERROR,php.lang.security.injection.echoed-request.echoed-request
../../CrossVul/CWE-22/php/good_2928_0,326,59,`Echo`ing user input risks cross-site scripting vulnerability. You should use `htmlentities()` when showing data to users.,ERROR,php.lang.security.injection.echoed-request.echoed-request
../../CrossVul/CWE-22/php/good_2928_0,327,59,`Echo`ing user input risks cross-site scripting vulnerability. You should use `htmlentities()` when showing data to users.,ERROR,php.lang.security.injection.echoed-request.echoed-request
../../CrossVul/CWE-22/php/good_2928_0,328,59,`Echo`ing user input risks cross-site scripting vulnerability. You should use `htmlentities()` when showing data to users.,ERROR,php.lang.security.injection.echoed-request.echoed-request
../../CrossVul/CWE-22/php/good_2928_0,329,59,`Echo`ing user input risks cross-site scripting vulnerability. You should use `htmlentities()` when showing data to users.,ERROR,php.lang.security.injection.echoed-request.echoed-request
../../CrossVul/CWE-22/php/good_2928_0,330,61,`Echo`ing user input risks cross-site scripting vulnerability. You should use `htmlentities()` when showing data to users.,ERROR,php.lang.security.injection.echoed-request.echoed-request
../../CrossVul/CWE-22/php/good_2928_0,429,59,`Echo`ing user input risks cross-site scripting vulnerability. You should use `htmlentities()` when showing data to users.,ERROR,php.lang.security.injection.echoed-request.echoed-request
../../CrossVul/CWE-22/php/good_2928_0,430,59,`Echo`ing user input risks cross-site scripting vulnerability. You should use `htmlentities()` when showing data to users.,ERROR,php.lang.security.injection.echoed-request.echoed-request
../../CrossVul/CWE-22/php/good_2928_0,431,59,`Echo`ing user input risks cross-site scripting vulnerability. You should use `htmlentities()` when showing data to users.,ERROR,php.lang.security.injection.echoed-request.echoed-request
../../CrossVul/CWE-22/php/good_2928_0,432,59,`Echo`ing user input risks cross-site scripting vulnerability. You should use `htmlentities()` when showing data to users.,ERROR,php.lang.security.injection.echoed-request.echoed-request
../../CrossVul/CWE-22/php/good_2928_0,433,61,`Echo`ing user input risks cross-site scripting vulnerability. You should use `htmlentities()` when showing data to users.,ERROR,php.lang.security.injection.echoed-request.echoed-request
../../CrossVul/CWE-22/php/good_2928_0,452,59,`Echo`ing user input risks cross-site scripting vulnerability. You should use `htmlentities()` when showing data to users.,ERROR,php.lang.security.injection.echoed-request.echoed-request
../../CrossVul/CWE-22/php/good_2928_0,453,59,`Echo`ing user input risks cross-site scripting vulnerability. You should use `htmlentities()` when showing data to users.,ERROR,php.lang.security.injection.echoed-request.echoed-request
../../CrossVul/CWE-22/php/good_2928_0,454,59,`Echo`ing user input risks cross-site scripting vulnerability. You should use `htmlentities()` when showing data to users.,ERROR,php.lang.security.injection.echoed-request.echoed-request
../../CrossVul/CWE-22/php/good_2928_0,455,59,`Echo`ing user input risks cross-site scripting vulnerability. You should use `htmlentities()` when showing data to users.,ERROR,php.lang.security.injection.echoed-request.echoed-request
../../CrossVul/CWE-22/php/good_2928_0,456,61,`Echo`ing user input risks cross-site scripting vulnerability. You should use `htmlentities()` when showing data to users.,ERROR,php.lang.security.injection.echoed-request.echoed-request
../../CrossVul/CWE-22/php/good_2928_0,460,98,`Echo`ing user input risks cross-site scripting vulnerability. You should use `htmlentities()` when showing data to users.,ERROR,php.lang.security.injection.echoed-request.echoed-request
../../CrossVul/CWE-22/php/good_2928_0,466,102,`Echo`ing user input risks cross-site scripting vulnerability. You should use `htmlentities()` when showing data to users.,ERROR,php.lang.security.injection.echoed-request.echoed-request
../../CrossVul/CWE-22/php/good_2928_0,472,101,`Echo`ing user input risks cross-site scripting vulnerability. You should use `htmlentities()` when showing data to users.,ERROR,php.lang.security.injection.echoed-request.echoed-request
../../CrossVul/CWE-22/php/good_2928_0,508,59,`Echo`ing user input risks cross-site scripting vulnerability. You should use `htmlentities()` when showing data to users.,ERROR,php.lang.security.injection.echoed-request.echoed-request
../../CrossVul/CWE-22/php/good_2928_0,509,59,`Echo`ing user input risks cross-site scripting vulnerability. You should use `htmlentities()` when showing data to users.,ERROR,php.lang.security.injection.echoed-request.echoed-request
../../CrossVul/CWE-22/php/good_2928_0,510,59,`Echo`ing user input risks cross-site scripting vulnerability. You should use `htmlentities()` when showing data to users.,ERROR,php.lang.security.injection.echoed-request.echoed-request
../../CrossVul/CWE-22/php/good_2928_0,511,59,`Echo`ing user input risks cross-site scripting vulnerability. You should use `htmlentities()` when showing data to users.,ERROR,php.lang.security.injection.echoed-request.echoed-request
../../CrossVul/CWE-22/php/good_2928_0,512,61,`Echo`ing user input risks cross-site scripting vulnerability. You should use `htmlentities()` when showing data to users.,ERROR,php.lang.security.injection.echoed-request.echoed-request
../../CrossVul/CWE-22/php/good_2929_0,119,45,`Echo`ing user input risks cross-site scripting vulnerability. You should use `htmlentities()` when showing data to users.,ERROR,php.lang.security.injection.echoed-request.echoed-request
../../CrossVul/CWE-22/php/good_2929_0,139,98,`Echo`ing user input risks cross-site scripting vulnerability. You should use `htmlentities()` when showing data to users.,ERROR,php.lang.security.injection.echoed-request.echoed-request
../../CrossVul/CWE-22/php/good_2929_0,139,178,`Echo`ing user input risks cross-site scripting vulnerability. You should use `htmlentities()` when showing data to users.,ERROR,php.lang.security.injection.echoed-request.echoed-request
../../CrossVul/CWE-22/php/good_2929_0,140,41,`Echo`ing user input risks cross-site scripting vulnerability. You should use `htmlentities()` when showing data to users.,ERROR,php.lang.security.injection.echoed-request.echoed-request
../../CrossVul/CWE-22/php/good_2929_0,228,94,`Echo`ing user input risks cross-site scripting vulnerability. You should use `htmlentities()` when showing data to users.,ERROR,php.lang.security.injection.echoed-request.echoed-request
../../CrossVul/CWE-22/php/good_2929_0,234,94,`Echo`ing user input risks cross-site scripting vulnerability. You should use `htmlentities()` when showing data to users.,ERROR,php.lang.security.injection.echoed-request.echoed-request
../../CrossVul/CWE-22/php/good_2929_0,240,98,`Echo`ing user input risks cross-site scripting vulnerability. You should use `htmlentities()` when showing data to users.,ERROR,php.lang.security.injection.echoed-request.echoed-request
../../CrossVul/CWE-22/php/good_2929_0,246,94,`Echo`ing user input risks cross-site scripting vulnerability. You should use `htmlentities()` when showing data to users.,ERROR,php.lang.security.injection.echoed-request.echoed-request
../../CrossVul/CWE-22/php/good_2929_0,252,98,`Echo`ing user input risks cross-site scripting vulnerability. You should use `htmlentities()` when showing data to users.,ERROR,php.lang.security.injection.echoed-request.echoed-request
../../CrossVul/CWE-22/php/good_2929_0,258,94,`Echo`ing user input risks cross-site scripting vulnerability. You should use `htmlentities()` when showing data to users.,ERROR,php.lang.security.injection.echoed-request.echoed-request
../../CrossVul/CWE-22/php/good_2929_0,288,59,`Echo`ing user input risks cross-site scripting vulnerability. You should use `htmlentities()` when showing data to users.,ERROR,php.lang.security.injection.echoed-request.echoed-request
../../CrossVul/CWE-22/php/good_2929_0,289,59,`Echo`ing user input risks cross-site scripting vulnerability. You should use `htmlentities()` when showing data to users.,ERROR,php.lang.security.injection.echoed-request.echoed-request
../../CrossVul/CWE-22/php/good_2929_0,290,59,`Echo`ing user input risks cross-site scripting vulnerability. You should use `htmlentities()` when showing data to users.,ERROR,php.lang.security.injection.echoed-request.echoed-request
../../CrossVul/CWE-22/php/good_2929_0,291,59,`Echo`ing user input risks cross-site scripting vulnerability. You should use `htmlentities()` when showing data to users.,ERROR,php.lang.security.injection.echoed-request.echoed-request
../../CrossVul/CWE-22/php/good_2929_0,292,59,`Echo`ing user input risks cross-site scripting vulnerability. You should use `htmlentities()` when showing data to users.,ERROR,php.lang.security.injection.echoed-request.echoed-request
../../CrossVul/CWE-22/php/good_2929_0,293,61,`Echo`ing user input risks cross-site scripting vulnerability. You should use `htmlentities()` when showing data to users.,ERROR,php.lang.security.injection.echoed-request.echoed-request
../../CrossVul/CWE-22/php/good_2929_0,392,59,`Echo`ing user input risks cross-site scripting vulnerability. You should use `htmlentities()` when showing data to users.,ERROR,php.lang.security.injection.echoed-request.echoed-request
../../CrossVul/CWE-22/php/good_2929_0,393,59,`Echo`ing user input risks cross-site scripting vulnerability. You should use `htmlentities()` when showing data to users.,ERROR,php.lang.security.injection.echoed-request.echoed-request
../../CrossVul/CWE-22/php/good_2929_0,394,59,`Echo`ing user input risks cross-site scripting vulnerability. You should use `htmlentities()` when showing data to users.,ERROR,php.lang.security.injection.echoed-request.echoed-request
../../CrossVul/CWE-22/php/good_2929_0,395,59,`Echo`ing user input risks cross-site scripting vulnerability. You should use `htmlentities()` when showing data to users.,ERROR,php.lang.security.injection.echoed-request.echoed-request
../../CrossVul/CWE-22/php/good_2929_0,396,61,`Echo`ing user input risks cross-site scripting vulnerability. You should use `htmlentities()` when showing data to users.,ERROR,php.lang.security.injection.echoed-request.echoed-request
../../CrossVul/CWE-22/php/good_2929_0,415,59,`Echo`ing user input risks cross-site scripting vulnerability. You should use `htmlentities()` when showing data to users.,ERROR,php.lang.security.injection.echoed-request.echoed-request
../../CrossVul/CWE-22/php/good_2929_0,416,59,`Echo`ing user input risks cross-site scripting vulnerability. You should use `htmlentities()` when showing data to users.,ERROR,php.lang.security.injection.echoed-request.echoed-request
../../CrossVul/CWE-22/php/good_2929_0,417,59,`Echo`ing user input risks cross-site scripting vulnerability. You should use `htmlentities()` when showing data to users.,ERROR,php.lang.security.injection.echoed-request.echoed-request
../../CrossVul/CWE-22/php/good_2929_0,418,59,`Echo`ing user input risks cross-site scripting vulnerability. You should use `htmlentities()` when showing data to users.,ERROR,php.lang.security.injection.echoed-request.echoed-request
../../CrossVul/CWE-22/php/good_2929_0,419,61,`Echo`ing user input risks cross-site scripting vulnerability. You should use `htmlentities()` when showing data to users.,ERROR,php.lang.security.injection.echoed-request.echoed-request
../../CrossVul/CWE-22/php/good_2929_0,423,98,`Echo`ing user input risks cross-site scripting vulnerability. You should use `htmlentities()` when showing data to users.,ERROR,php.lang.security.injection.echoed-request.echoed-request
../../CrossVul/CWE-22/php/good_2929_0,429,102,`Echo`ing user input risks cross-site scripting vulnerability. You should use `htmlentities()` when showing data to users.,ERROR,php.lang.security.injection.echoed-request.echoed-request
../../CrossVul/CWE-22/php/good_2929_0,435,101,`Echo`ing user input risks cross-site scripting vulnerability. You should use `htmlentities()` when showing data to users.,ERROR,php.lang.security.injection.echoed-request.echoed-request
../../CrossVul/CWE-22/php/good_2929_0,471,59,`Echo`ing user input risks cross-site scripting vulnerability. You should use `htmlentities()` when showing data to users.,ERROR,php.lang.security.injection.echoed-request.echoed-request
../../CrossVul/CWE-22/php/good_2929_0,472,59,`Echo`ing user input risks cross-site scripting vulnerability. You should use `htmlentities()` when showing data to users.,ERROR,php.lang.security.injection.echoed-request.echoed-request
../../CrossVul/CWE-22/php/good_2929_0,473,59,`Echo`ing user input risks cross-site scripting vulnerability. You should use `htmlentities()` when showing data to users.,ERROR,php.lang.security.injection.echoed-request.echoed-request
../../CrossVul/CWE-22/php/good_2929_0,474,59,`Echo`ing user input risks cross-site scripting vulnerability. You should use `htmlentities()` when showing data to users.,ERROR,php.lang.security.injection.echoed-request.echoed-request
../../CrossVul/CWE-22/php/good_2929_0,475,61,`Echo`ing user input risks cross-site scripting vulnerability. You should use `htmlentities()` when showing data to users.,ERROR,php.lang.security.injection.echoed-request.echoed-request
../../CrossVul/CWE-22/php/good_3329_0,63,13,File name based on user input risks server-side request forgery.,WARNING,php.lang.security.injection.tainted-filename.tainted-filename
../../CrossVul/CWE-22/php/good_3329_0,69,20,File name based on user input risks server-side request forgery.,WARNING,php.lang.security.injection.tainted-filename.tainted-filename
../../CrossVul/CWE-22/php/good_3329_0,75,30,File name based on user input risks server-side request forgery.,WARNING,php.lang.security.injection.tainted-filename.tainted-filename
../../CrossVul/CWE-22/php/good_3329_0,76,57,File name based on user input risks server-side request forgery.,WARNING,php.lang.security.injection.tainted-filename.tainted-filename
../../CrossVul/CWE-22/php/good_3329_0,76,76,File name based on user input risks server-side request forgery.,WARNING,php.lang.security.injection.tainted-filename.tainted-filename
../../CrossVul/CWE-22/php/good_3329_0,77,68,File name based on user input risks server-side request forgery.,WARNING,php.lang.security.injection.tainted-filename.tainted-filename
../../CrossVul/CWE-22/php/good_3329_0,77,87,File name based on user input risks server-side request forgery.,WARNING,php.lang.security.injection.tainted-filename.tainted-filename
../../CrossVul/CWE-22/php/good_3329_0,78,40,File name based on user input risks server-side request forgery.,WARNING,php.lang.security.injection.tainted-filename.tainted-filename
../../CrossVul/CWE-22/php/good_3329_0,79,40,File name based on user input risks server-side request forgery.,WARNING,php.lang.security.injection.tainted-filename.tainted-filename
../../CrossVul/CWE-22/php/good_3329_0,80,44,File name based on user input risks server-side request forgery.,WARNING,php.lang.security.injection.tainted-filename.tainted-filename
../../CrossVul/CWE-22/php/good_3329_0,86,2,`Echo`ing user input risks cross-site scripting vulnerability. You should use `htmlentities()` when showing data to users.,ERROR,php.lang.security.injection.echoed-request.echoed-request
../../CrossVul/CWE-22/php/good_3329_0,86,68,File name based on user input risks server-side request forgery.,WARNING,php.lang.security.injection.tainted-filename.tainted-filename
../../CrossVul/CWE-22/php/good_3329_0,114,46,File name based on user input risks server-side request forgery.,WARNING,php.lang.security.injection.tainted-filename.tainted-filename
../../CrossVul/CWE-22/php/good_3329_0,115,38,File name based on user input risks server-side request forgery.,WARNING,php.lang.security.injection.tainted-filename.tainted-filename
../../CrossVul/CWE-22/php/good_3329_0,119,11,File name based on user input risks server-side request forgery.,WARNING,php.lang.security.injection.tainted-filename.tainted-filename
../../CrossVul/CWE-22/php/good_3613_0,554,2,`Printing user input risks cross-site scripting vulnerability. You should use `htmlentities()` when showing data to users.,ERROR,php.lang.security.injection.printed-request.printed-request
../../CrossVul/CWE-22/php/good_3613_6,235,2,`Printing user input risks cross-site scripting vulnerability. You should use `htmlentities()` when showing data to users.,ERROR,php.lang.security.injection.printed-request.printed-request
../../CrossVul/CWE-22/php/good_3613_6,244,2,`Printing user input risks cross-site scripting vulnerability. You should use `htmlentities()` when showing data to users.,ERROR,php.lang.security.injection.printed-request.printed-request
../../CrossVul/CWE-22/php/good_3613_6,249,2,`Printing user input risks cross-site scripting vulnerability. You should use `htmlentities()` when showing data to users.,ERROR,php.lang.security.injection.printed-request.printed-request
../../CrossVul/CWE-22/php/good_3613_5,298,5,`Printing user input risks cross-site scripting vulnerability. You should use `htmlentities()` when showing data to users.,ERROR,php.lang.security.injection.printed-request.printed-request
../../CrossVul/CWE-22/php/good_3613_5,301,5,`Printing user input risks cross-site scripting vulnerability. You should use `htmlentities()` when showing data to users.,ERROR,php.lang.security.injection.printed-request.printed-request
../../CrossVul/CWE-22/php/good_3613_5,329,5,`Printing user input risks cross-site scripting vulnerability. You should use `htmlentities()` when showing data to users.,ERROR,php.lang.security.injection.printed-request.printed-request
../../CrossVul/CWE-22/php/good_3613_7,458,1,`Printing user input risks cross-site scripting vulnerability. You should use `htmlentities()` when showing data to users.,ERROR,php.lang.security.injection.printed-request.printed-request
../../CrossVul/CWE-22/php/good_3614_1,554,2,`Printing user input risks cross-site scripting vulnerability. You should use `htmlentities()` when showing data to users.,ERROR,php.lang.security.injection.printed-request.printed-request
../../CrossVul/CWE-22/php/good_3614_7,298,5,`Printing user input risks cross-site scripting vulnerability. You should use `htmlentities()` when showing data to users.,ERROR,php.lang.security.injection.printed-request.printed-request
../../CrossVul/CWE-22/php/good_3614_7,301,5,`Printing user input risks cross-site scripting vulnerability. You should use `htmlentities()` when showing data to users.,ERROR,php.lang.security.injection.printed-request.printed-request
../../CrossVul/CWE-22/php/good_3614_7,329,5,`Printing user input risks cross-site scripting vulnerability. You should use `htmlentities()` when showing data to users.,ERROR,php.lang.security.injection.printed-request.printed-request
../../CrossVul/CWE-22/php/good_3614_8,235,2,`Printing user input risks cross-site scripting vulnerability. You should use `htmlentities()` when showing data to users.,ERROR,php.lang.security.injection.printed-request.printed-request
../../CrossVul/CWE-22/php/good_3614_8,244,2,`Printing user input risks cross-site scripting vulnerability. You should use `htmlentities()` when showing data to users.,ERROR,php.lang.security.injection.printed-request.printed-request
../../CrossVul/CWE-22/php/good_3614_8,249,2,`Printing user input risks cross-site scripting vulnerability. You should use `htmlentities()` when showing data to users.,ERROR,php.lang.security.injection.printed-request.printed-request
../../CrossVul/CWE-22/php/good_3623_0,94,29,File name based on user input risks server-side request forgery.,WARNING,php.lang.security.injection.tainted-filename.tainted-filename
../../CrossVul/CWE-22/php/good_3623_0,95,33,File name based on user input risks server-side request forgery.,WARNING,php.lang.security.injection.tainted-filename.tainted-filename
../../CrossVul/CWE-22/php/good_3623_0,101,59,File name based on user input risks server-side request forgery.,WARNING,php.lang.security.injection.tainted-filename.tainted-filename
../../CrossVul/CWE-22/php/good_3623_0,135,29,File name based on user input risks server-side request forgery.,WARNING,php.lang.security.injection.tainted-filename.tainted-filename
../../CrossVul/CWE-22/php/good_3623_1,94,29,File name based on user input risks server-side request forgery.,WARNING,php.lang.security.injection.tainted-filename.tainted-filename
../../CrossVul/CWE-22/php/good_3623_1,95,33,File name based on user input risks server-side request forgery.,WARNING,php.lang.security.injection.tainted-filename.tainted-filename
../../CrossVul/CWE-22/php/good_3623_1,101,59,File name based on user input risks server-side request forgery.,WARNING,php.lang.security.injection.tainted-filename.tainted-filename
../../CrossVul/CWE-22/php/good_3623_1,135,29,File name based on user input risks server-side request forgery.,WARNING,php.lang.security.injection.tainted-filename.tainted-filename
../../CrossVul/CWE-22/php/good_3613_3,376,13,`Printing user input risks cross-site scripting vulnerability. You should use `htmlentities()` when showing data to users.,ERROR,php.lang.security.injection.printed-request.printed-request
../../CrossVul/CWE-22/php/good_3613_3,377,13,`Printing user input risks cross-site scripting vulnerability. You should use `htmlentities()` when showing data to users.,ERROR,php.lang.security.injection.printed-request.printed-request
../../CrossVul/CWE-22/php/good_3613_3,400,13,`Printing user input risks cross-site scripting vulnerability. You should use `htmlentities()` when showing data to users.,ERROR,php.lang.security.injection.printed-request.printed-request
../../CrossVul/CWE-22/php/good_3613_3,403,13,`Printing user input risks cross-site scripting vulnerability. You should use `htmlentities()` when showing data to users.,ERROR,php.lang.security.injection.printed-request.printed-request
../../CrossVul/CWE-22/php/good_3613_3,407,13,`Printing user input risks cross-site scripting vulnerability. You should use `htmlentities()` when showing data to users.,ERROR,php.lang.security.injection.printed-request.printed-request
../../CrossVul/CWE-22/php/good_3613_3,413,13,`Printing user input risks cross-site scripting vulnerability. You should use `htmlentities()` when showing data to users.,ERROR,php.lang.security.injection.printed-request.printed-request
../../CrossVul/CWE-22/php/good_3613_3,414,13,`Printing user input risks cross-site scripting vulnerability. You should use `htmlentities()` when showing data to users.,ERROR,php.lang.security.injection.printed-request.printed-request
../../CrossVul/CWE-22/php/good_3613_3,420,13,`Printing user input risks cross-site scripting vulnerability. You should use `htmlentities()` when showing data to users.,ERROR,php.lang.security.injection.printed-request.printed-request
../../CrossVul/CWE-22/php/good_3613_3,430,21,`Printing user input risks cross-site scripting vulnerability. You should use `htmlentities()` when showing data to users.,ERROR,php.lang.security.injection.printed-request.printed-request
../../CrossVul/CWE-22/php/good_3613_3,441,13,`Printing user input risks cross-site scripting vulnerability. You should use `htmlentities()` when showing data to users.,ERROR,php.lang.security.injection.printed-request.printed-request
../../CrossVul/CWE-22/php/good_3613_3,442,13,`Printing user input risks cross-site scripting vulnerability. You should use `htmlentities()` when showing data to users.,ERROR,php.lang.security.injection.printed-request.printed-request
../../CrossVul/CWE-22/php/good_3613_3,445,13,`Printing user input risks cross-site scripting vulnerability. You should use `htmlentities()` when showing data to users.,ERROR,php.lang.security.injection.printed-request.printed-request
../../CrossVul/CWE-22/php/good_3613_3,446,13,`Printing user input risks cross-site scripting vulnerability. You should use `htmlentities()` when showing data to users.,ERROR,php.lang.security.injection.printed-request.printed-request
../../CrossVul/CWE-22/php/good_3613_3,450,13,`Printing user input risks cross-site scripting vulnerability. You should use `htmlentities()` when showing data to users.,ERROR,php.lang.security.injection.printed-request.printed-request
../../CrossVul/CWE-22/php/good_3613_3,453,13,`Printing user input risks cross-site scripting vulnerability. You should use `htmlentities()` when showing data to users.,ERROR,php.lang.security.injection.printed-request.printed-request
../../CrossVul/CWE-22/php/good_3613_3,458,13,`Printing user input risks cross-site scripting vulnerability. You should use `htmlentities()` when showing data to users.,ERROR,php.lang.security.injection.printed-request.printed-request
../../CrossVul/CWE-22/php/good_3613_3,462,13,`Printing user input risks cross-site scripting vulnerability. You should use `htmlentities()` when showing data to users.,ERROR,php.lang.security.injection.printed-request.printed-request
../../CrossVul/CWE-22/php/good_3613_3,547,13,`Printing user input risks cross-site scripting vulnerability. You should use `htmlentities()` when showing data to users.,ERROR,php.lang.security.injection.printed-request.printed-request
../../CrossVul/CWE-22/php/good_3613_3,548,13,`Printing user input risks cross-site scripting vulnerability. You should use `htmlentities()` when showing data to users.,ERROR,php.lang.security.injection.printed-request.printed-request
../../CrossVul/CWE-22/php/good_3613_3,557,13,`Printing user input risks cross-site scripting vulnerability. You should use `htmlentities()` when showing data to users.,ERROR,php.lang.security.injection.printed-request.printed-request
../../CrossVul/CWE-22/php/good_3613_3,558,13,`Printing user input risks cross-site scripting vulnerability. You should use `htmlentities()` when showing data to users.,ERROR,php.lang.security.injection.printed-request.printed-request
../../CrossVul/CWE-22/php/good_3613_3,565,17,`Printing user input risks cross-site scripting vulnerability. You should use `htmlentities()` when showing data to users.,ERROR,php.lang.security.injection.printed-request.printed-request
../../CrossVul/CWE-22/php/good_3613_3,572,13,`Printing user input risks cross-site scripting vulnerability. You should use `htmlentities()` when showing data to users.,ERROR,php.lang.security.injection.printed-request.printed-request
../../CrossVul/CWE-22/php/good_3613_3,575,13,`Printing user input risks cross-site scripting vulnerability. You should use `htmlentities()` when showing data to users.,ERROR,php.lang.security.injection.printed-request.printed-request
../../CrossVul/CWE-22/php/good_3613_3,578,13,`Printing user input risks cross-site scripting vulnerability. You should use `htmlentities()` when showing data to users.,ERROR,php.lang.security.injection.printed-request.printed-request
../../CrossVul/CWE-22/php/good_3613_3,582,13,`Printing user input risks cross-site scripting vulnerability. You should use `htmlentities()` when showing data to users.,ERROR,php.lang.security.injection.printed-request.printed-request
../../CrossVul/CWE-22/php/good_3613_3,583,13,`Printing user input risks cross-site scripting vulnerability. You should use `htmlentities()` when showing data to users.,ERROR,php.lang.security.injection.printed-request.printed-request
../../CrossVul/CWE-22/php/good_3613_3,588,13,`Printing user input risks cross-site scripting vulnerability. You should use `htmlentities()` when showing data to users.,ERROR,php.lang.security.injection.printed-request.printed-request
../../CrossVul/CWE-22/php/good_3613_3,596,17,`Printing user input risks cross-site scripting vulnerability. You should use `htmlentities()` when showing data to users.,ERROR,php.lang.security.injection.printed-request.printed-request
../../CrossVul/CWE-22/php/good_3613_3,601,13,`Printing user input risks cross-site scripting vulnerability. You should use `htmlentities()` when showing data to users.,ERROR,php.lang.security.injection.printed-request.printed-request
../../CrossVul/CWE-22/php/good_3613_3,602,13,`Printing user input risks cross-site scripting vulnerability. You should use `htmlentities()` when showing data to users.,ERROR,php.lang.security.injection.printed-request.printed-request
../../CrossVul/CWE-22/php/good_3613_3,604,13,`Printing user input risks cross-site scripting vulnerability. You should use `htmlentities()` when showing data to users.,ERROR,php.lang.security.injection.printed-request.printed-request
../../CrossVul/CWE-22/php/good_3613_3,605,13,`Printing user input risks cross-site scripting vulnerability. You should use `htmlentities()` when showing data to users.,ERROR,php.lang.security.injection.printed-request.printed-request
../../CrossVul/CWE-22/php/good_3613_3,608,13,`Printing user input risks cross-site scripting vulnerability. You should use `htmlentities()` when showing data to users.,ERROR,php.lang.security.injection.printed-request.printed-request
../../CrossVul/CWE-22/php/good_3613_3,622,13,`Printing user input risks cross-site scripting vulnerability. You should use `htmlentities()` when showing data to users.,ERROR,php.lang.security.injection.printed-request.printed-request
../../CrossVul/CWE-22/php/good_3613_3,632,13,`Printing user input risks cross-site scripting vulnerability. You should use `htmlentities()` when showing data to users.,ERROR,php.lang.security.injection.printed-request.printed-request
../../CrossVul/CWE-22/php/good_3613_3,736,9,`Printing user input risks cross-site scripting vulnerability. You should use `htmlentities()` when showing data to users.,ERROR,php.lang.security.injection.printed-request.printed-request
../../CrossVul/CWE-22/php/good_3613_3,737,9,`Printing user input risks cross-site scripting vulnerability. You should use `htmlentities()` when showing data to users.,ERROR,php.lang.security.injection.printed-request.printed-request
../../CrossVul/CWE-22/php/good_3624_0,89,29,File name based on user input risks server-side request forgery.,WARNING,php.lang.security.injection.tainted-filename.tainted-filename
../../CrossVul/CWE-22/php/good_3624_0,90,33,File name based on user input risks server-side request forgery.,WARNING,php.lang.security.injection.tainted-filename.tainted-filename
../../CrossVul/CWE-22/php/good_3624_0,96,59,File name based on user input risks server-side request forgery.,WARNING,php.lang.security.injection.tainted-filename.tainted-filename
../../CrossVul/CWE-22/php/good_3624_0,130,29,File name based on user input risks server-side request forgery.,WARNING,php.lang.security.injection.tainted-filename.tainted-filename
../../CrossVul/CWE-22/php/good_3624_1,89,29,File name based on user input risks server-side request forgery.,WARNING,php.lang.security.injection.tainted-filename.tainted-filename
../../CrossVul/CWE-22/php/good_3624_1,90,33,File name based on user input risks server-side request forgery.,WARNING,php.lang.security.injection.tainted-filename.tainted-filename
../../CrossVul/CWE-22/php/good_3624_1,96,59,File name based on user input risks server-side request forgery.,WARNING,php.lang.security.injection.tainted-filename.tainted-filename
../../CrossVul/CWE-22/php/good_3624_1,130,29,File name based on user input risks server-side request forgery.,WARNING,php.lang.security.injection.tainted-filename.tainted-filename
../../CrossVul/CWE-22/php/good_3614_4,376,13,`Printing user input risks cross-site scripting vulnerability. You should use `htmlentities()` when showing data to users.,ERROR,php.lang.security.injection.printed-request.printed-request
../../CrossVul/CWE-22/php/good_3614_4,377,13,`Printing user input risks cross-site scripting vulnerability. You should use `htmlentities()` when showing data to users.,ERROR,php.lang.security.injection.printed-request.printed-request
../../CrossVul/CWE-22/php/good_3614_4,400,13,`Printing user input risks cross-site scripting vulnerability. You should use `htmlentities()` when showing data to users.,ERROR,php.lang.security.injection.printed-request.printed-request
../../CrossVul/CWE-22/php/good_3614_4,403,13,`Printing user input risks cross-site scripting vulnerability. You should use `htmlentities()` when showing data to users.,ERROR,php.lang.security.injection.printed-request.printed-request
../../CrossVul/CWE-22/php/good_3614_4,407,13,`Printing user input risks cross-site scripting vulnerability. You should use `htmlentities()` when showing data to users.,ERROR,php.lang.security.injection.printed-request.printed-request
../../CrossVul/CWE-22/php/good_3614_4,413,13,`Printing user input risks cross-site scripting vulnerability. You should use `htmlentities()` when showing data to users.,ERROR,php.lang.security.injection.printed-request.printed-request
../../CrossVul/CWE-22/php/good_3614_4,414,13,`Printing user input risks cross-site scripting vulnerability. You should use `htmlentities()` when showing data to users.,ERROR,php.lang.security.injection.printed-request.printed-request
../../CrossVul/CWE-22/php/good_3614_4,420,13,`Printing user input risks cross-site scripting vulnerability. You should use `htmlentities()` when showing data to users.,ERROR,php.lang.security.injection.printed-request.printed-request
../../CrossVul/CWE-22/php/good_3614_4,430,21,`Printing user input risks cross-site scripting vulnerability. You should use `htmlentities()` when showing data to users.,ERROR,php.lang.security.injection.printed-request.printed-request
../../CrossVul/CWE-22/php/good_3614_4,441,13,`Printing user input risks cross-site scripting vulnerability. You should use `htmlentities()` when showing data to users.,ERROR,php.lang.security.injection.printed-request.printed-request
../../CrossVul/CWE-22/php/good_3614_4,442,13,`Printing user input risks cross-site scripting vulnerability. You should use `htmlentities()` when showing data to users.,ERROR,php.lang.security.injection.printed-request.printed-request
../../CrossVul/CWE-22/php/good_3614_4,445,13,`Printing user input risks cross-site scripting vulnerability. You should use `htmlentities()` when showing data to users.,ERROR,php.lang.security.injection.printed-request.printed-request
../../CrossVul/CWE-22/php/good_3614_4,446,13,`Printing user input risks cross-site scripting vulnerability. You should use `htmlentities()` when showing data to users.,ERROR,php.lang.security.injection.printed-request.printed-request
../../CrossVul/CWE-22/php/good_3614_4,450,13,`Printing user input risks cross-site scripting vulnerability. You should use `htmlentities()` when showing data to users.,ERROR,php.lang.security.injection.printed-request.printed-request
../../CrossVul/CWE-22/php/good_3614_4,453,13,`Printing user input risks cross-site scripting vulnerability. You should use `htmlentities()` when showing data to users.,ERROR,php.lang.security.injection.printed-request.printed-request
../../CrossVul/CWE-22/php/good_3614_4,458,13,`Printing user input risks cross-site scripting vulnerability. You should use `htmlentities()` when showing data to users.,ERROR,php.lang.security.injection.printed-request.printed-request
../../CrossVul/CWE-22/php/good_3614_4,462,13,`Printing user input risks cross-site scripting vulnerability. You should use `htmlentities()` when showing data to users.,ERROR,php.lang.security.injection.printed-request.printed-request
../../CrossVul/CWE-22/php/good_3614_4,547,13,`Printing user input risks cross-site scripting vulnerability. You should use `htmlentities()` when showing data to users.,ERROR,php.lang.security.injection.printed-request.printed-request
../../CrossVul/CWE-22/php/good_3614_4,548,13,`Printing user input risks cross-site scripting vulnerability. You should use `htmlentities()` when showing data to users.,ERROR,php.lang.security.injection.printed-request.printed-request
../../CrossVul/CWE-22/php/good_3614_4,557,13,`Printing user input risks cross-site scripting vulnerability. You should use `htmlentities()` when showing data to users.,ERROR,php.lang.security.injection.printed-request.printed-request
../../CrossVul/CWE-22/php/good_3614_4,558,13,`Printing user input risks cross-site scripting vulnerability. You should use `htmlentities()` when showing data to users.,ERROR,php.lang.security.injection.printed-request.printed-request
../../CrossVul/CWE-22/php/good_3614_4,565,17,`Printing user input risks cross-site scripting vulnerability. You should use `htmlentities()` when showing data to users.,ERROR,php.lang.security.injection.printed-request.printed-request
../../CrossVul/CWE-22/php/good_3614_4,572,13,`Printing user input risks cross-site scripting vulnerability. You should use `htmlentities()` when showing data to users.,ERROR,php.lang.security.injection.printed-request.printed-request
../../CrossVul/CWE-22/php/good_3614_4,575,13,`Printing user input risks cross-site scripting vulnerability. You should use `htmlentities()` when showing data to users.,ERROR,php.lang.security.injection.printed-request.printed-request
../../CrossVul/CWE-22/php/good_3614_4,578,13,`Printing user input risks cross-site scripting vulnerability. You should use `htmlentities()` when showing data to users.,ERROR,php.lang.security.injection.printed-request.printed-request
../../CrossVul/CWE-22/php/good_3614_4,582,13,`Printing user input risks cross-site scripting vulnerability. You should use `htmlentities()` when showing data to users.,ERROR,php.lang.security.injection.printed-request.printed-request
../../CrossVul/CWE-22/php/good_3614_4,583,13,`Printing user input risks cross-site scripting vulnerability. You should use `htmlentities()` when showing data to users.,ERROR,php.lang.security.injection.printed-request.printed-request
../../CrossVul/CWE-22/php/good_3614_4,588,13,`Printing user input risks cross-site scripting vulnerability. You should use `htmlentities()` when showing data to users.,ERROR,php.lang.security.injection.printed-request.printed-request
../../CrossVul/CWE-22/php/good_3614_4,596,17,`Printing user input risks cross-site scripting vulnerability. You should use `htmlentities()` when showing data to users.,ERROR,php.lang.security.injection.printed-request.printed-request
../../CrossVul/CWE-22/php/good_3614_4,601,13,`Printing user input risks cross-site scripting vulnerability. You should use `htmlentities()` when showing data to users.,ERROR,php.lang.security.injection.printed-request.printed-request
../../CrossVul/CWE-22/php/good_3614_4,602,13,`Printing user input risks cross-site scripting vulnerability. You should use `htmlentities()` when showing data to users.,ERROR,php.lang.security.injection.printed-request.printed-request
../../CrossVul/CWE-22/php/good_3614_4,604,13,`Printing user input risks cross-site scripting vulnerability. You should use `htmlentities()` when showing data to users.,ERROR,php.lang.security.injection.printed-request.printed-request
../../CrossVul/CWE-22/php/good_3614_4,605,13,`Printing user input risks cross-site scripting vulnerability. You should use `htmlentities()` when showing data to users.,ERROR,php.lang.security.injection.printed-request.printed-request
../../CrossVul/CWE-22/php/good_3614_4,608,13,`Printing user input risks cross-site scripting vulnerability. You should use `htmlentities()` when showing data to users.,ERROR,php.lang.security.injection.printed-request.printed-request
../../CrossVul/CWE-22/php/good_3614_4,622,13,`Printing user input risks cross-site scripting vulnerability. You should use `htmlentities()` when showing data to users.,ERROR,php.lang.security.injection.printed-request.printed-request
../../CrossVul/CWE-22/php/good_3614_4,632,13,`Printing user input risks cross-site scripting vulnerability. You should use `htmlentities()` when showing data to users.,ERROR,php.lang.security.injection.printed-request.printed-request
../../CrossVul/CWE-22/php/good_3614_4,736,9,`Printing user input risks cross-site scripting vulnerability. You should use `htmlentities()` when showing data to users.,ERROR,php.lang.security.injection.printed-request.printed-request
../../CrossVul/CWE-22/php/good_3614_4,737,9,`Printing user input risks cross-site scripting vulnerability. You should use `htmlentities()` when showing data to users.,ERROR,php.lang.security.injection.printed-request.printed-request
../../CrossVul/CWE-22/php/good_3614_4,761,9,`Printing user input risks cross-site scripting vulnerability. You should use `htmlentities()` when showing data to users.,ERROR,php.lang.security.injection.printed-request.printed-request
../../CrossVul/CWE-22/php/good_387_2,375,19,File name based on user input risks server-side request forgery.,WARNING,php.lang.security.injection.tainted-filename.tainted-filename
../../CrossVul/CWE-22/php/good_387_2,391,36,File name based on user input risks server-side request forgery.,WARNING,php.lang.security.injection.tainted-filename.tainted-filename
../../CrossVul/CWE-22/php/good_387_2,394,35,File name based on user input risks server-side request forgery.,WARNING,php.lang.security.injection.tainted-filename.tainted-filename
../../CrossVul/CWE-22/php/good_387_2,444,32,File name based on user input risks server-side request forgery.,WARNING,php.lang.security.injection.tainted-filename.tainted-filename
../../CrossVul/CWE-22/php/good_387_2,453,1,`Echo`ing user input risks cross-site scripting vulnerability. You should use `htmlentities()` when showing data to users.,ERROR,php.lang.security.injection.echoed-request.echoed-request
../../CrossVul/CWE-22/php/good_3982_0,343,14,File name based on user input risks server-side request forgery.,WARNING,php.lang.security.injection.tainted-filename.tainted-filename
../../CrossVul/CWE-22/php/good_3982_0,403,37,File name based on user input risks server-side request forgery.,WARNING,php.lang.security.injection.tainted-filename.tainted-filename
../../CrossVul/CWE-22/php/good_3982_0,411,21,File name based on user input risks server-side request forgery.,WARNING,php.lang.security.injection.tainted-filename.tainted-filename
../../CrossVul/CWE-22/php/good_3982_0,421,9,`Echo`ing user input risks cross-site scripting vulnerability. You should use `htmlentities()` when showing data to users.,ERROR,php.lang.security.injection.echoed-request.echoed-request
../../CrossVul/CWE-22/php/good_3982_0,485,9,`Echo`ing user input risks cross-site scripting vulnerability. You should use `htmlentities()` when showing data to users.,ERROR,php.lang.security.injection.echoed-request.echoed-request
../../CrossVul/CWE-22/php/good_3982_0,574,26,File name based on user input risks server-side request forgery.,WARNING,php.lang.security.injection.tainted-filename.tainted-filename
../../CrossVul/CWE-22/php/good_3982_0,598,30,File name based on user input risks server-side request forgery.,WARNING,php.lang.security.injection.tainted-filename.tainted-filename
../../CrossVul/CWE-22/php/good_3982_0,600,28,File name based on user input risks server-side request forgery.,WARNING,php.lang.security.injection.tainted-filename.tainted-filename
../../CrossVul/CWE-22/php/good_3982_0,668,24,File name based on user input risks server-side request forgery.,WARNING,php.lang.security.injection.tainted-filename.tainted-filename
../../CrossVul/CWE-22/php/good_3982_0,676,31,File name based on user input risks server-side request forgery.,WARNING,php.lang.security.injection.tainted-filename.tainted-filename
../../CrossVul/CWE-22/php/good_3982_0,711,17,File name based on user input risks server-side request forgery.,WARNING,php.lang.security.injection.tainted-filename.tainted-filename
../../CrossVul/CWE-22/php/good_3982_0,792,30,File name based on user input risks server-side request forgery.,WARNING,php.lang.security.injection.tainted-filename.tainted-filename
../../CrossVul/CWE-22/php/good_3982_0,829,25,File name based on user input risks server-side request forgery.,WARNING,php.lang.security.injection.tainted-filename.tainted-filename
../../CrossVul/CWE-22/php/good_3982_0,834,21,File name based on user input risks server-side request forgery.,WARNING,php.lang.security.injection.tainted-filename.tainted-filename
../../CrossVul/CWE-22/php/good_3982_0,843,34,File name based on user input risks server-side request forgery.,WARNING,php.lang.security.injection.tainted-filename.tainted-filename
../../CrossVul/CWE-22/php/good_3982_0,963,33,File name based on user input risks server-side request forgery.,WARNING,php.lang.security.injection.tainted-filename.tainted-filename
../../CrossVul/CWE-22/php/good_3982_0,1026,34,File name based on user input risks server-side request forgery.,WARNING,php.lang.security.injection.tainted-filename.tainted-filename
../../CrossVul/CWE-22/php/good_3982_0,1026,66,File name based on user input risks server-side request forgery.,WARNING,php.lang.security.injection.tainted-filename.tainted-filename
../../CrossVul/CWE-22/php/good_3982_0,1060,16,File name based on user input risks server-side request forgery.,WARNING,php.lang.security.injection.tainted-filename.tainted-filename
../../CrossVul/CWE-22/php/good_3982_0,1219,25,`Echo`ing user input risks cross-site scripting vulnerability. You should use `htmlentities()` when showing data to users.,ERROR,php.lang.security.injection.echoed-request.echoed-request
../../CrossVul/CWE-22/php/good_3982_0,1222,80,`Echo`ing user input risks cross-site scripting vulnerability. You should use `htmlentities()` when showing data to users.,ERROR,php.lang.security.injection.echoed-request.echoed-request
../../CrossVul/CWE-22/php/good_3982_0,1245,37,File name based on user input risks server-side request forgery.,WARNING,php.lang.security.injection.tainted-filename.tainted-filename
../../CrossVul/CWE-22/php/good_3982_0,1256,32,`Echo`ing user input risks cross-site scripting vulnerability. You should use `htmlentities()` when showing data to users.,ERROR,php.lang.security.injection.echoed-request.echoed-request
../../CrossVul/CWE-22/php/good_3982_0,1260,76,`Echo`ing user input risks cross-site scripting vulnerability. You should use `htmlentities()` when showing data to users.,ERROR,php.lang.security.injection.echoed-request.echoed-request
../../CrossVul/CWE-22/php/good_3982_0,1261,76,`Echo`ing user input risks cross-site scripting vulnerability. You should use `htmlentities()` when showing data to users.,ERROR,php.lang.security.injection.echoed-request.echoed-request
../../CrossVul/CWE-22/php/good_3982_0,1269,81,`Echo`ing user input risks cross-site scripting vulnerability. You should use `htmlentities()` when showing data to users.,ERROR,php.lang.security.injection.echoed-request.echoed-request
../../CrossVul/CWE-22/php/good_3982_0,1275,103,`Echo`ing user input risks cross-site scripting vulnerability. You should use `htmlentities()` when showing data to users.,ERROR,php.lang.security.injection.echoed-request.echoed-request
../../CrossVul/CWE-22/php/good_3982_0,1462,33,File name based on user input risks server-side request forgery.,WARNING,php.lang.security.injection.tainted-filename.tainted-filename
../../CrossVul/CWE-22/php/good_3982_0,1477,42,File name based on user input risks server-side request forgery.,WARNING,php.lang.security.injection.tainted-filename.tainted-filename
../../CrossVul/CWE-22/php/good_3982_0,1510,38,File name based on user input risks server-side request forgery.,WARNING,php.lang.security.injection.tainted-filename.tainted-filename
../../CrossVul/CWE-22/php/good_3982_0,3827,60,`Echo`ing user input risks cross-site scripting vulnerability. You should use `htmlentities()` when showing data to users.,ERROR,php.lang.security.injection.echoed-request.echoed-request
