file,line,column,message,severity,rule_id
../../CrossVul/CWE-89/php/bad_2054_5,55,25,"User data flows into this manually-constructed SQL string. User data can be safely inserted into SQL strings using prepared statements or an object-relational mapper (ORM). Manually-constructed SQL strings is a possible indicator of SQL injection, which could let an attacker steal or manipulate data from the database. Instead, use prepared statements (`$mysqli->prepare(""INSERT INTO test(id, label) VALUES (?, ?)"");`) or a safe library.",ERROR,php.lang.security.injection.tainted-sql-string.tainted-sql-string
../../CrossVul/CWE-89/php/bad_2054_5,97,29,"User data flows into this manually-constructed SQL string. User data can be safely inserted into SQL strings using prepared statements or an object-relational mapper (ORM). Manually-constructed SQL strings is a possible indicator of SQL injection, which could let an attacker steal or manipulate data from the database. Instead, use prepared statements (`$mysqli->prepare(""INSERT INTO test(id, label) VALUES (?, ?)"");`) or a safe library.",ERROR,php.lang.security.injection.tainted-sql-string.tainted-sql-string
../../CrossVul/CWE-89/php/bad_2054_5,115,26,"User data flows into this manually-constructed SQL string. User data can be safely inserted into SQL strings using prepared statements or an object-relational mapper (ORM). Manually-constructed SQL strings is a possible indicator of SQL injection, which could let an attacker steal or manipulate data from the database. Instead, use prepared statements (`$mysqli->prepare(""INSERT INTO test(id, label) VALUES (?, ?)"");`) or a safe library.",ERROR,php.lang.security.injection.tainted-sql-string.tainted-sql-string
../../CrossVul/CWE-89/php/bad_2054_5,159,41,"User data flows into this manually-constructed SQL string. User data can be safely inserted into SQL strings using prepared statements or an object-relational mapper (ORM). Manually-constructed SQL strings is a possible indicator of SQL injection, which could let an attacker steal or manipulate data from the database. Instead, use prepared statements (`$mysqli->prepare(""INSERT INTO test(id, label) VALUES (?, ?)"");`) or a safe library.",ERROR,php.lang.security.injection.tainted-sql-string.tainted-sql-string
../../CrossVul/CWE-89/php/bad_2054_5,164,28,"User data flows into this manually-constructed SQL string. User data can be safely inserted into SQL strings using prepared statements or an object-relational mapper (ORM). Manually-constructed SQL strings is a possible indicator of SQL injection, which could let an attacker steal or manipulate data from the database. Instead, use prepared statements (`$mysqli->prepare(""INSERT INTO test(id, label) VALUES (?, ?)"");`) or a safe library.",ERROR,php.lang.security.injection.tainted-sql-string.tainted-sql-string
../../CrossVul/CWE-89/php/bad_2054_5,227,24,"User data flows into this manually-constructed SQL string. User data can be safely inserted into SQL strings using prepared statements or an object-relational mapper (ORM). Manually-constructed SQL strings is a possible indicator of SQL injection, which could let an attacker steal or manipulate data from the database. Instead, use prepared statements (`$mysqli->prepare(""INSERT INTO test(id, label) VALUES (?, ?)"");`) or a safe library.",ERROR,php.lang.security.injection.tainted-sql-string.tainted-sql-string
../../CrossVul/CWE-89/php/bad_2054_5,242,46,"User data flows into this manually-constructed SQL string. User data can be safely inserted into SQL strings using prepared statements or an object-relational mapper (ORM). Manually-constructed SQL strings is a possible indicator of SQL injection, which could let an attacker steal or manipulate data from the database. Instead, use prepared statements (`$mysqli->prepare(""INSERT INTO test(id, label) VALUES (?, ?)"");`) or a safe library.",ERROR,php.lang.security.injection.tainted-sql-string.tainted-sql-string
../../CrossVul/CWE-89/php/bad_2054_5,251,25,"User data flows into this manually-constructed SQL string. User data can be safely inserted into SQL strings using prepared statements or an object-relational mapper (ORM). Manually-constructed SQL strings is a possible indicator of SQL injection, which could let an attacker steal or manipulate data from the database. Instead, use prepared statements (`$mysqli->prepare(""INSERT INTO test(id, label) VALUES (?, ?)"");`) or a safe library.",ERROR,php.lang.security.injection.tainted-sql-string.tainted-sql-string
../../CrossVul/CWE-89/php/bad_2054_5,257,28,"User data flows into this manually-constructed SQL string. User data can be safely inserted into SQL strings using prepared statements or an object-relational mapper (ORM). Manually-constructed SQL strings is a possible indicator of SQL injection, which could let an attacker steal or manipulate data from the database. Instead, use prepared statements (`$mysqli->prepare(""INSERT INTO test(id, label) VALUES (?, ?)"");`) or a safe library.",ERROR,php.lang.security.injection.tainted-sql-string.tainted-sql-string
../../CrossVul/CWE-89/php/bad_2054_5,304,28,"User data flows into this manually-constructed SQL string. User data can be safely inserted into SQL strings using prepared statements or an object-relational mapper (ORM). Manually-constructed SQL strings is a possible indicator of SQL injection, which could let an attacker steal or manipulate data from the database. Instead, use prepared statements (`$mysqli->prepare(""INSERT INTO test(id, label) VALUES (?, ?)"");`) or a safe library.",ERROR,php.lang.security.injection.tainted-sql-string.tainted-sql-string
../../CrossVul/CWE-89/php/bad_2054_5,325,2,`Echo`ing user input risks cross-site scripting vulnerability. You should use `htmlentities()` when showing data to users.,ERROR,php.lang.security.injection.echoed-request.echoed-request
../../CrossVul/CWE-89/php/bad_2121_1,46,5,`Echo`ing user input risks cross-site scripting vulnerability. You should use `htmlentities()` when showing data to users.,ERROR,php.lang.security.injection.echoed-request.echoed-request
../../CrossVul/CWE-89/php/bad_2121_1,85,56,`Echo`ing user input risks cross-site scripting vulnerability. You should use `htmlentities()` when showing data to users.,ERROR,php.lang.security.injection.echoed-request.echoed-request
../../CrossVul/CWE-89/php/bad_2121_1,86,57,`Echo`ing user input risks cross-site scripting vulnerability. You should use `htmlentities()` when showing data to users.,ERROR,php.lang.security.injection.echoed-request.echoed-request
../../CrossVul/CWE-89/php/bad_2178_8,64,17,"User data flows into this manually-constructed SQL string. User data can be safely inserted into SQL strings using prepared statements or an object-relational mapper (ORM). Manually-constructed SQL strings is a possible indicator of SQL injection, which could let an attacker steal or manipulate data from the database. Instead, use prepared statements (`$mysqli->prepare(""INSERT INTO test(id, label) VALUES (?, ?)"");`) or a safe library.",ERROR,php.lang.security.injection.tainted-sql-string.tainted-sql-string
../../CrossVul/CWE-89/php/bad_2178_8,103,1,`Echo`ing user input risks cross-site scripting vulnerability. You should use `htmlentities()` when showing data to users.,ERROR,php.lang.security.injection.echoed-request.echoed-request
../../CrossVul/CWE-89/php/bad_2178_7,99,5,`Echo`ing user input risks cross-site scripting vulnerability. You should use `htmlentities()` when showing data to users.,ERROR,php.lang.security.injection.echoed-request.echoed-request
../../CrossVul/CWE-89/php/bad_2178_7,100,5,`Echo`ing user input risks cross-site scripting vulnerability. You should use `htmlentities()` when showing data to users.,ERROR,php.lang.security.injection.echoed-request.echoed-request
../../CrossVul/CWE-89/php/bad_2178_7,103,5,`Echo`ing user input risks cross-site scripting vulnerability. You should use `htmlentities()` when showing data to users.,ERROR,php.lang.security.injection.echoed-request.echoed-request
../../CrossVul/CWE-89/php/bad_2179_0,100,28,"User data flows into this manually-constructed SQL string. User data can be safely inserted into SQL strings using prepared statements or an object-relational mapper (ORM). Manually-constructed SQL strings is a possible indicator of SQL injection, which could let an attacker steal or manipulate data from the database. Instead, use prepared statements (`$mysqli->prepare(""INSERT INTO test(id, label) VALUES (?, ?)"");`) or a safe library.",ERROR,php.lang.security.injection.tainted-sql-string.tainted-sql-string
../../CrossVul/CWE-89/php/bad_2179_0,277,9,Executing non-constant commands. This can lead to command injection. You should use `escapeshellarg()` when using command.,ERROR,php.lang.security.tainted-exec.tainted-exec
../../CrossVul/CWE-89/php/bad_2179_0,284,4,`Printing user input risks cross-site scripting vulnerability. You should use `htmlentities()` when showing data to users.,ERROR,php.lang.security.injection.printed-request.printed-request
../../CrossVul/CWE-89/php/bad_2179_1,91,30,"User data flows into this manually-constructed SQL string. User data can be safely inserted into SQL strings using prepared statements or an object-relational mapper (ORM). Manually-constructed SQL strings is a possible indicator of SQL injection, which could let an attacker steal or manipulate data from the database. Instead, use prepared statements (`$mysqli->prepare(""INSERT INTO test(id, label) VALUES (?, ?)"");`) or a safe library.",ERROR,php.lang.security.injection.tainted-sql-string.tainted-sql-string
../../CrossVul/CWE-89/php/bad_2179_1,218,31,"User data flows into this manually-constructed SQL string. User data can be safely inserted into SQL strings using prepared statements or an object-relational mapper (ORM). Manually-constructed SQL strings is a possible indicator of SQL injection, which could let an attacker steal or manipulate data from the database. Instead, use prepared statements (`$mysqli->prepare(""INSERT INTO test(id, label) VALUES (?, ?)"");`) or a safe library.",ERROR,php.lang.security.injection.tainted-sql-string.tainted-sql-string
../../CrossVul/CWE-89/php/bad_2179_11,58,30,"User data flows into this manually-constructed SQL string. User data can be safely inserted into SQL strings using prepared statements or an object-relational mapper (ORM). Manually-constructed SQL strings is a possible indicator of SQL injection, which could let an attacker steal or manipulate data from the database. Instead, use prepared statements (`$mysqli->prepare(""INSERT INTO test(id, label) VALUES (?, ?)"");`) or a safe library.",ERROR,php.lang.security.injection.tainted-sql-string.tainted-sql-string
../../CrossVul/CWE-89/php/bad_2179_12,49,18,"User data flows into this manually-constructed SQL string. User data can be safely inserted into SQL strings using prepared statements or an object-relational mapper (ORM). Manually-constructed SQL strings is a possible indicator of SQL injection, which could let an attacker steal or manipulate data from the database. Instead, use prepared statements (`$mysqli->prepare(""INSERT INTO test(id, label) VALUES (?, ?)"");`) or a safe library.",ERROR,php.lang.security.injection.tainted-sql-string.tainted-sql-string
../../CrossVul/CWE-89/php/bad_2179_10,51,18,"User data flows into this manually-constructed SQL string. User data can be safely inserted into SQL strings using prepared statements or an object-relational mapper (ORM). Manually-constructed SQL strings is a possible indicator of SQL injection, which could let an attacker steal or manipulate data from the database. Instead, use prepared statements (`$mysqli->prepare(""INSERT INTO test(id, label) VALUES (?, ?)"");`) or a safe library.",ERROR,php.lang.security.injection.tainted-sql-string.tainted-sql-string
../../CrossVul/CWE-89/php/bad_2179_14,93,29,"User data flows into this manually-constructed SQL string. User data can be safely inserted into SQL strings using prepared statements or an object-relational mapper (ORM). Manually-constructed SQL strings is a possible indicator of SQL injection, which could let an attacker steal or manipulate data from the database. Instead, use prepared statements (`$mysqli->prepare(""INSERT INTO test(id, label) VALUES (?, ?)"");`) or a safe library.",ERROR,php.lang.security.injection.tainted-sql-string.tainted-sql-string
../../CrossVul/CWE-89/php/bad_2179_14,102,28,"User data flows into this manually-constructed SQL string. User data can be safely inserted into SQL strings using prepared statements or an object-relational mapper (ORM). Manually-constructed SQL strings is a possible indicator of SQL injection, which could let an attacker steal or manipulate data from the database. Instead, use prepared statements (`$mysqli->prepare(""INSERT INTO test(id, label) VALUES (?, ?)"");`) or a safe library.",ERROR,php.lang.security.injection.tainted-sql-string.tainted-sql-string
../../CrossVul/CWE-89/php/bad_2179_13,100,30,"User data flows into this manually-constructed SQL string. User data can be safely inserted into SQL strings using prepared statements or an object-relational mapper (ORM). Manually-constructed SQL strings is a possible indicator of SQL injection, which could let an attacker steal or manipulate data from the database. Instead, use prepared statements (`$mysqli->prepare(""INSERT INTO test(id, label) VALUES (?, ?)"");`) or a safe library.",ERROR,php.lang.security.injection.tainted-sql-string.tainted-sql-string
../../CrossVul/CWE-89/php/bad_2179_13,307,32,"User data flows into this manually-constructed SQL string. User data can be safely inserted into SQL strings using prepared statements or an object-relational mapper (ORM). Manually-constructed SQL strings is a possible indicator of SQL injection, which could let an attacker steal or manipulate data from the database. Instead, use prepared statements (`$mysqli->prepare(""INSERT INTO test(id, label) VALUES (?, ?)"");`) or a safe library.",ERROR,php.lang.security.injection.tainted-sql-string.tainted-sql-string
../../CrossVul/CWE-89/php/bad_2179_13,335,32,"User data flows into this manually-constructed SQL string. User data can be safely inserted into SQL strings using prepared statements or an object-relational mapper (ORM). Manually-constructed SQL strings is a possible indicator of SQL injection, which could let an attacker steal or manipulate data from the database. Instead, use prepared statements (`$mysqli->prepare(""INSERT INTO test(id, label) VALUES (?, ?)"");`) or a safe library.",ERROR,php.lang.security.injection.tainted-sql-string.tainted-sql-string
../../CrossVul/CWE-89/php/bad_2179_13,361,11,"User data flows into this manually-constructed SQL string. User data can be safely inserted into SQL strings using prepared statements or an object-relational mapper (ORM). Manually-constructed SQL strings is a possible indicator of SQL injection, which could let an attacker steal or manipulate data from the database. Instead, use prepared statements (`$mysqli->prepare(""INSERT INTO test(id, label) VALUES (?, ?)"");`) or a safe library.",ERROR,php.lang.security.injection.tainted-sql-string.tainted-sql-string
../../CrossVul/CWE-89/php/bad_2179_13,373,11,"User data flows into this manually-constructed SQL string. User data can be safely inserted into SQL strings using prepared statements or an object-relational mapper (ORM). Manually-constructed SQL strings is a possible indicator of SQL injection, which could let an attacker steal or manipulate data from the database. Instead, use prepared statements (`$mysqli->prepare(""INSERT INTO test(id, label) VALUES (?, ?)"");`) or a safe library.",ERROR,php.lang.security.injection.tainted-sql-string.tainted-sql-string
../../CrossVul/CWE-89/php/bad_2179_13,409,13,"User data flows into this manually-constructed SQL string. User data can be safely inserted into SQL strings using prepared statements or an object-relational mapper (ORM). Manually-constructed SQL strings is a possible indicator of SQL injection, which could let an attacker steal or manipulate data from the database. Instead, use prepared statements (`$mysqli->prepare(""INSERT INTO test(id, label) VALUES (?, ?)"");`) or a safe library.",ERROR,php.lang.security.injection.tainted-sql-string.tainted-sql-string
../../CrossVul/CWE-89/php/bad_2179_15,74,28,"User data flows into this manually-constructed SQL string. User data can be safely inserted into SQL strings using prepared statements or an object-relational mapper (ORM). Manually-constructed SQL strings is a possible indicator of SQL injection, which could let an attacker steal or manipulate data from the database. Instead, use prepared statements (`$mysqli->prepare(""INSERT INTO test(id, label) VALUES (?, ?)"");`) or a safe library.",ERROR,php.lang.security.injection.tainted-sql-string.tainted-sql-string
../../CrossVul/CWE-89/php/bad_2179_15,114,32,"User data flows into this manually-constructed SQL string. User data can be safely inserted into SQL strings using prepared statements or an object-relational mapper (ORM). Manually-constructed SQL strings is a possible indicator of SQL injection, which could let an attacker steal or manipulate data from the database. Instead, use prepared statements (`$mysqli->prepare(""INSERT INTO test(id, label) VALUES (?, ?)"");`) or a safe library.",ERROR,php.lang.security.injection.tainted-sql-string.tainted-sql-string
../../CrossVul/CWE-89/php/bad_2179_15,117,32,"User data flows into this manually-constructed SQL string. User data can be safely inserted into SQL strings using prepared statements or an object-relational mapper (ORM). Manually-constructed SQL strings is a possible indicator of SQL injection, which could let an attacker steal or manipulate data from the database. Instead, use prepared statements (`$mysqli->prepare(""INSERT INTO test(id, label) VALUES (?, ?)"");`) or a safe library.",ERROR,php.lang.security.injection.tainted-sql-string.tainted-sql-string
../../CrossVul/CWE-89/php/bad_2179_15,146,30,"User data flows into this manually-constructed SQL string. User data can be safely inserted into SQL strings using prepared statements or an object-relational mapper (ORM). Manually-constructed SQL strings is a possible indicator of SQL injection, which could let an attacker steal or manipulate data from the database. Instead, use prepared statements (`$mysqli->prepare(""INSERT INTO test(id, label) VALUES (?, ?)"");`) or a safe library.",ERROR,php.lang.security.injection.tainted-sql-string.tainted-sql-string
../../CrossVul/CWE-89/php/bad_2179_15,270,9,Executing non-constant commands. This can lead to command injection. You should use `escapeshellarg()` when using command.,ERROR,php.lang.security.tainted-exec.tainted-exec
../../CrossVul/CWE-89/php/bad_2179_15,277,4,`Printing user input risks cross-site scripting vulnerability. You should use `htmlentities()` when showing data to users.,ERROR,php.lang.security.injection.printed-request.printed-request
../../CrossVul/CWE-89/php/bad_2179_2,54,31,"User data flows into this manually-constructed SQL string. User data can be safely inserted into SQL strings using prepared statements or an object-relational mapper (ORM). Manually-constructed SQL strings is a possible indicator of SQL injection, which could let an attacker steal or manipulate data from the database. Instead, use prepared statements (`$mysqli->prepare(""INSERT INTO test(id, label) VALUES (?, ?)"");`) or a safe library.",ERROR,php.lang.security.injection.tainted-sql-string.tainted-sql-string
../../CrossVul/CWE-89/php/bad_2179_2,57,23,File name based on user input risks server-side request forgery.,WARNING,php.lang.security.injection.tainted-filename.tainted-filename
../../CrossVul/CWE-89/php/bad_2179_2,60,16,File name based on user input risks server-side request forgery.,WARNING,php.lang.security.injection.tainted-filename.tainted-filename
../../CrossVul/CWE-89/php/bad_2179_2,61,20,File name based on user input risks server-side request forgery.,WARNING,php.lang.security.injection.tainted-filename.tainted-filename
../../CrossVul/CWE-89/php/bad_2179_2,67,8,`Printing user input risks cross-site scripting vulnerability. You should use `htmlentities()` when showing data to users.,ERROR,php.lang.security.injection.printed-request.printed-request
../../CrossVul/CWE-89/php/bad_2179_3,91,31,"User data flows into this manually-constructed SQL string. User data can be safely inserted into SQL strings using prepared statements or an object-relational mapper (ORM). Manually-constructed SQL strings is a possible indicator of SQL injection, which could let an attacker steal or manipulate data from the database. Instead, use prepared statements (`$mysqli->prepare(""INSERT INTO test(id, label) VALUES (?, ?)"");`) or a safe library.",ERROR,php.lang.security.injection.tainted-sql-string.tainted-sql-string
../../CrossVul/CWE-89/php/bad_2179_3,98,30,"User data flows into this manually-constructed SQL string. User data can be safely inserted into SQL strings using prepared statements or an object-relational mapper (ORM). Manually-constructed SQL strings is a possible indicator of SQL injection, which could let an attacker steal or manipulate data from the database. Instead, use prepared statements (`$mysqli->prepare(""INSERT INTO test(id, label) VALUES (?, ?)"");`) or a safe library.",ERROR,php.lang.security.injection.tainted-sql-string.tainted-sql-string
../../CrossVul/CWE-89/php/bad_2179_3,105,31,"User data flows into this manually-constructed SQL string. User data can be safely inserted into SQL strings using prepared statements or an object-relational mapper (ORM). Manually-constructed SQL strings is a possible indicator of SQL injection, which could let an attacker steal or manipulate data from the database. Instead, use prepared statements (`$mysqli->prepare(""INSERT INTO test(id, label) VALUES (?, ?)"");`) or a safe library.",ERROR,php.lang.security.injection.tainted-sql-string.tainted-sql-string
../../CrossVul/CWE-89/php/bad_2179_6,189,32,"User data flows into this manually-constructed SQL string. User data can be safely inserted into SQL strings using prepared statements or an object-relational mapper (ORM). Manually-constructed SQL strings is a possible indicator of SQL injection, which could let an attacker steal or manipulate data from the database. Instead, use prepared statements (`$mysqli->prepare(""INSERT INTO test(id, label) VALUES (?, ?)"");`) or a safe library.",ERROR,php.lang.security.injection.tainted-sql-string.tainted-sql-string
../../CrossVul/CWE-89/php/bad_2179_5,136,44,"User data flows into this manually-constructed SQL string. User data can be safely inserted into SQL strings using prepared statements or an object-relational mapper (ORM). Manually-constructed SQL strings is a possible indicator of SQL injection, which could let an attacker steal or manipulate data from the database. Instead, use prepared statements (`$mysqli->prepare(""INSERT INTO test(id, label) VALUES (?, ?)"");`) or a safe library.",ERROR,php.lang.security.injection.tainted-sql-string.tainted-sql-string
../../CrossVul/CWE-89/php/bad_2179_5,141,44,"User data flows into this manually-constructed SQL string. User data can be safely inserted into SQL strings using prepared statements or an object-relational mapper (ORM). Manually-constructed SQL strings is a possible indicator of SQL injection, which could let an attacker steal or manipulate data from the database. Instead, use prepared statements (`$mysqli->prepare(""INSERT INTO test(id, label) VALUES (?, ?)"");`) or a safe library.",ERROR,php.lang.security.injection.tainted-sql-string.tainted-sql-string
../../CrossVul/CWE-89/php/bad_2179_5,151,30,"User data flows into this manually-constructed SQL string. User data can be safely inserted into SQL strings using prepared statements or an object-relational mapper (ORM). Manually-constructed SQL strings is a possible indicator of SQL injection, which could let an attacker steal or manipulate data from the database. Instead, use prepared statements (`$mysqli->prepare(""INSERT INTO test(id, label) VALUES (?, ?)"");`) or a safe library.",ERROR,php.lang.security.injection.tainted-sql-string.tainted-sql-string
../../CrossVul/CWE-89/php/bad_2179_5,167,31,"User data flows into this manually-constructed SQL string. User data can be safely inserted into SQL strings using prepared statements or an object-relational mapper (ORM). Manually-constructed SQL strings is a possible indicator of SQL injection, which could let an attacker steal or manipulate data from the database. Instead, use prepared statements (`$mysqli->prepare(""INSERT INTO test(id, label) VALUES (?, ?)"");`) or a safe library.",ERROR,php.lang.security.injection.tainted-sql-string.tainted-sql-string
../../CrossVul/CWE-89/php/bad_2179_5,181,11,"User data flows into this manually-constructed SQL string. User data can be safely inserted into SQL strings using prepared statements or an object-relational mapper (ORM). Manually-constructed SQL strings is a possible indicator of SQL injection, which could let an attacker steal or manipulate data from the database. Instead, use prepared statements (`$mysqli->prepare(""INSERT INTO test(id, label) VALUES (?, ?)"");`) or a safe library.",ERROR,php.lang.security.injection.tainted-sql-string.tainted-sql-string
../../CrossVul/CWE-89/php/bad_2179_4,155,30,"User data flows into this manually-constructed SQL string. User data can be safely inserted into SQL strings using prepared statements or an object-relational mapper (ORM). Manually-constructed SQL strings is a possible indicator of SQL injection, which could let an attacker steal or manipulate data from the database. Instead, use prepared statements (`$mysqli->prepare(""INSERT INTO test(id, label) VALUES (?, ?)"");`) or a safe library.",ERROR,php.lang.security.injection.tainted-sql-string.tainted-sql-string
../../CrossVul/CWE-89/php/bad_2179_7,63,31,"User data flows into this manually-constructed SQL string. User data can be safely inserted into SQL strings using prepared statements or an object-relational mapper (ORM). Manually-constructed SQL strings is a possible indicator of SQL injection, which could let an attacker steal or manipulate data from the database. Instead, use prepared statements (`$mysqli->prepare(""INSERT INTO test(id, label) VALUES (?, ?)"");`) or a safe library.",ERROR,php.lang.security.injection.tainted-sql-string.tainted-sql-string
../../CrossVul/CWE-89/php/bad_2179_9,174,30,"User data flows into this manually-constructed SQL string. User data can be safely inserted into SQL strings using prepared statements or an object-relational mapper (ORM). Manually-constructed SQL strings is a possible indicator of SQL injection, which could let an attacker steal or manipulate data from the database. Instead, use prepared statements (`$mysqli->prepare(""INSERT INTO test(id, label) VALUES (?, ?)"");`) or a safe library.",ERROR,php.lang.security.injection.tainted-sql-string.tainted-sql-string
../../CrossVul/CWE-89/php/bad_2179_9,341,32,"User data flows into this manually-constructed SQL string. User data can be safely inserted into SQL strings using prepared statements or an object-relational mapper (ORM). Manually-constructed SQL strings is a possible indicator of SQL injection, which could let an attacker steal or manipulate data from the database. Instead, use prepared statements (`$mysqli->prepare(""INSERT INTO test(id, label) VALUES (?, ?)"");`) or a safe library.",ERROR,php.lang.security.injection.tainted-sql-string.tainted-sql-string
../../CrossVul/CWE-89/php/bad_2179_9,381,6,"User data flows into this manually-constructed SQL string. User data can be safely inserted into SQL strings using prepared statements or an object-relational mapper (ORM). Manually-constructed SQL strings is a possible indicator of SQL injection, which could let an attacker steal or manipulate data from the database. Instead, use prepared statements (`$mysqli->prepare(""INSERT INTO test(id, label) VALUES (?, ?)"");`) or a safe library.",ERROR,php.lang.security.injection.tainted-sql-string.tainted-sql-string
../../CrossVul/CWE-89/php/bad_2179_9,389,6,"User data flows into this manually-constructed SQL string. User data can be safely inserted into SQL strings using prepared statements or an object-relational mapper (ORM). Manually-constructed SQL strings is a possible indicator of SQL injection, which could let an attacker steal or manipulate data from the database. Instead, use prepared statements (`$mysqli->prepare(""INSERT INTO test(id, label) VALUES (?, ?)"");`) or a safe library.",ERROR,php.lang.security.injection.tainted-sql-string.tainted-sql-string
../../CrossVul/CWE-89/php/bad_2179_9,415,32,"User data flows into this manually-constructed SQL string. User data can be safely inserted into SQL strings using prepared statements or an object-relational mapper (ORM). Manually-constructed SQL strings is a possible indicator of SQL injection, which could let an attacker steal or manipulate data from the database. Instead, use prepared statements (`$mysqli->prepare(""INSERT INTO test(id, label) VALUES (?, ?)"");`) or a safe library.",ERROR,php.lang.security.injection.tainted-sql-string.tainted-sql-string
../../CrossVul/CWE-89/php/bad_2179_9,455,32,"User data flows into this manually-constructed SQL string. User data can be safely inserted into SQL strings using prepared statements or an object-relational mapper (ORM). Manually-constructed SQL strings is a possible indicator of SQL injection, which could let an attacker steal or manipulate data from the database. Instead, use prepared statements (`$mysqli->prepare(""INSERT INTO test(id, label) VALUES (?, ?)"");`) or a safe library.",ERROR,php.lang.security.injection.tainted-sql-string.tainted-sql-string
../../CrossVul/CWE-89/php/bad_2179_9,457,32,"User data flows into this manually-constructed SQL string. User data can be safely inserted into SQL strings using prepared statements or an object-relational mapper (ORM). Manually-constructed SQL strings is a possible indicator of SQL injection, which could let an attacker steal or manipulate data from the database. Instead, use prepared statements (`$mysqli->prepare(""INSERT INTO test(id, label) VALUES (?, ?)"");`) or a safe library.",ERROR,php.lang.security.injection.tainted-sql-string.tainted-sql-string
../../CrossVul/CWE-89/php/bad_2179_9,637,31,"User data flows into this manually-constructed SQL string. User data can be safely inserted into SQL strings using prepared statements or an object-relational mapper (ORM). Manually-constructed SQL strings is a possible indicator of SQL injection, which could let an attacker steal or manipulate data from the database. Instead, use prepared statements (`$mysqli->prepare(""INSERT INTO test(id, label) VALUES (?, ?)"");`) or a safe library.",ERROR,php.lang.security.injection.tainted-sql-string.tainted-sql-string
../../CrossVul/CWE-89/php/bad_2179_9,639,31,"User data flows into this manually-constructed SQL string. User data can be safely inserted into SQL strings using prepared statements or an object-relational mapper (ORM). Manually-constructed SQL strings is a possible indicator of SQL injection, which could let an attacker steal or manipulate data from the database. Instead, use prepared statements (`$mysqli->prepare(""INSERT INTO test(id, label) VALUES (?, ?)"");`) or a safe library.",ERROR,php.lang.security.injection.tainted-sql-string.tainted-sql-string
../../CrossVul/CWE-89/php/bad_2179_9,668,15,"User data flows into this manually-constructed SQL string. User data can be safely inserted into SQL strings using prepared statements or an object-relational mapper (ORM). Manually-constructed SQL strings is a possible indicator of SQL injection, which could let an attacker steal or manipulate data from the database. Instead, use prepared statements (`$mysqli->prepare(""INSERT INTO test(id, label) VALUES (?, ?)"");`) or a safe library.",ERROR,php.lang.security.injection.tainted-sql-string.tainted-sql-string
../../CrossVul/CWE-89/php/bad_2179_9,730,31,"User data flows into this manually-constructed SQL string. User data can be safely inserted into SQL strings using prepared statements or an object-relational mapper (ORM). Manually-constructed SQL strings is a possible indicator of SQL injection, which could let an attacker steal or manipulate data from the database. Instead, use prepared statements (`$mysqli->prepare(""INSERT INTO test(id, label) VALUES (?, ?)"");`) or a safe library.",ERROR,php.lang.security.injection.tainted-sql-string.tainted-sql-string
../../CrossVul/CWE-89/php/bad_2179_9,796,31,"User data flows into this manually-constructed SQL string. User data can be safely inserted into SQL strings using prepared statements or an object-relational mapper (ORM). Manually-constructed SQL strings is a possible indicator of SQL injection, which could let an attacker steal or manipulate data from the database. Instead, use prepared statements (`$mysqli->prepare(""INSERT INTO test(id, label) VALUES (?, ?)"");`) or a safe library.",ERROR,php.lang.security.injection.tainted-sql-string.tainted-sql-string
../../CrossVul/CWE-89/php/bad_2179_9,798,31,"User data flows into this manually-constructed SQL string. User data can be safely inserted into SQL strings using prepared statements or an object-relational mapper (ORM). Manually-constructed SQL strings is a possible indicator of SQL injection, which could let an attacker steal or manipulate data from the database. Instead, use prepared statements (`$mysqli->prepare(""INSERT INTO test(id, label) VALUES (?, ?)"");`) or a safe library.",ERROR,php.lang.security.injection.tainted-sql-string.tainted-sql-string
../../CrossVul/CWE-89/php/bad_224_3,95,16,`Printing user input risks cross-site scripting vulnerability. You should use `htmlentities()` when showing data to users.,ERROR,php.lang.security.injection.printed-request.printed-request
../../CrossVul/CWE-89/php/bad_2318_0,34,8,"User data flows into this manually-constructed SQL string. User data can be safely inserted into SQL strings using prepared statements or an object-relational mapper (ORM). Manually-constructed SQL strings is a possible indicator of SQL injection, which could let an attacker steal or manipulate data from the database. Instead, use prepared statements (`$mysqli->prepare(""INSERT INTO test(id, label) VALUES (?, ?)"");`) or a safe library.",ERROR,php.lang.security.injection.tainted-sql-string.tainted-sql-string
../../CrossVul/CWE-89/php/bad_2318_0,41,3,`Echo`ing user input risks cross-site scripting vulnerability. You should use `htmlentities()` when showing data to users.,ERROR,php.lang.security.injection.echoed-request.echoed-request
../../CrossVul/CWE-89/php/bad_2318_0,42,3,`Echo`ing user input risks cross-site scripting vulnerability. You should use `htmlentities()` when showing data to users.,ERROR,php.lang.security.injection.echoed-request.echoed-request
../../CrossVul/CWE-89/php/bad_2318_0,43,3,`Echo`ing user input risks cross-site scripting vulnerability. You should use `htmlentities()` when showing data to users.,ERROR,php.lang.security.injection.echoed-request.echoed-request
../../CrossVul/CWE-89/php/bad_2318_0,47,8,"User data flows into this manually-constructed SQL string. User data can be safely inserted into SQL strings using prepared statements or an object-relational mapper (ORM). Manually-constructed SQL strings is a possible indicator of SQL injection, which could let an attacker steal or manipulate data from the database. Instead, use prepared statements (`$mysqli->prepare(""INSERT INTO test(id, label) VALUES (?, ?)"");`) or a safe library.",ERROR,php.lang.security.injection.tainted-sql-string.tainted-sql-string
../../CrossVul/CWE-89/php/bad_2318_0,54,3,`Echo`ing user input risks cross-site scripting vulnerability. You should use `htmlentities()` when showing data to users.,ERROR,php.lang.security.injection.echoed-request.echoed-request
../../CrossVul/CWE-89/php/bad_2318_0,55,3,`Echo`ing user input risks cross-site scripting vulnerability. You should use `htmlentities()` when showing data to users.,ERROR,php.lang.security.injection.echoed-request.echoed-request
../../CrossVul/CWE-89/php/bad_2318_0,56,3,`Echo`ing user input risks cross-site scripting vulnerability. You should use `htmlentities()` when showing data to users.,ERROR,php.lang.security.injection.echoed-request.echoed-request
../../CrossVul/CWE-89/php/bad_2318_1,253,1,`Printing user input risks cross-site scripting vulnerability. You should use `htmlentities()` when showing data to users.,ERROR,php.lang.security.injection.printed-request.printed-request
../../CrossVul/CWE-89/php/bad_2349_0,32,6,"User data flows into this manually-constructed SQL string. User data can be safely inserted into SQL strings using prepared statements or an object-relational mapper (ORM). Manually-constructed SQL strings is a possible indicator of SQL injection, which could let an attacker steal or manipulate data from the database. Instead, use prepared statements (`$mysqli->prepare(""INSERT INTO test(id, label) VALUES (?, ?)"");`) or a safe library.",ERROR,php.lang.security.injection.tainted-sql-string.tainted-sql-string
../../CrossVul/CWE-89/php/bad_2349_0,75,17,"User data flows into this manually-constructed SQL string. User data can be safely inserted into SQL strings using prepared statements or an object-relational mapper (ORM). Manually-constructed SQL strings is a possible indicator of SQL injection, which could let an attacker steal or manipulate data from the database. Instead, use prepared statements (`$mysqli->prepare(""INSERT INTO test(id, label) VALUES (?, ?)"");`) or a safe library.",ERROR,php.lang.security.injection.tainted-sql-string.tainted-sql-string
../../CrossVul/CWE-89/php/bad_2349_0,76,17,"User data flows into this manually-constructed SQL string. User data can be safely inserted into SQL strings using prepared statements or an object-relational mapper (ORM). Manually-constructed SQL strings is a possible indicator of SQL injection, which could let an attacker steal or manipulate data from the database. Instead, use prepared statements (`$mysqli->prepare(""INSERT INTO test(id, label) VALUES (?, ?)"");`) or a safe library.",ERROR,php.lang.security.injection.tainted-sql-string.tainted-sql-string
../../CrossVul/CWE-89/php/bad_2350_0,32,6,"User data flows into this manually-constructed SQL string. User data can be safely inserted into SQL strings using prepared statements or an object-relational mapper (ORM). Manually-constructed SQL strings is a possible indicator of SQL injection, which could let an attacker steal or manipulate data from the database. Instead, use prepared statements (`$mysqli->prepare(""INSERT INTO test(id, label) VALUES (?, ?)"");`) or a safe library.",ERROR,php.lang.security.injection.tainted-sql-string.tainted-sql-string
../../CrossVul/CWE-89/php/bad_2350_0,75,17,"User data flows into this manually-constructed SQL string. User data can be safely inserted into SQL strings using prepared statements or an object-relational mapper (ORM). Manually-constructed SQL strings is a possible indicator of SQL injection, which could let an attacker steal or manipulate data from the database. Instead, use prepared statements (`$mysqli->prepare(""INSERT INTO test(id, label) VALUES (?, ?)"");`) or a safe library.",ERROR,php.lang.security.injection.tainted-sql-string.tainted-sql-string
../../CrossVul/CWE-89/php/bad_2350_0,76,17,"User data flows into this manually-constructed SQL string. User data can be safely inserted into SQL strings using prepared statements or an object-relational mapper (ORM). Manually-constructed SQL strings is a possible indicator of SQL injection, which could let an attacker steal or manipulate data from the database. Instead, use prepared statements (`$mysqli->prepare(""INSERT INTO test(id, label) VALUES (?, ?)"");`) or a safe library.",ERROR,php.lang.security.injection.tainted-sql-string.tainted-sql-string
../../CrossVul/CWE-89/php/bad_2790_0,202,18,File name based on user input risks server-side request forgery.,WARNING,php.lang.security.injection.tainted-filename.tainted-filename
../../CrossVul/CWE-89/php/bad_2790_0,314,2,`Printing user input risks cross-site scripting vulnerability. You should use `htmlentities()` when showing data to users.,ERROR,php.lang.security.injection.printed-request.printed-request
../../CrossVul/CWE-89/php/bad_2790_0,319,2,`Printing user input risks cross-site scripting vulnerability. You should use `htmlentities()` when showing data to users.,ERROR,php.lang.security.injection.printed-request.printed-request
../../CrossVul/CWE-89/php/bad_2790_0,323,2,`Printing user input risks cross-site scripting vulnerability. You should use `htmlentities()` when showing data to users.,ERROR,php.lang.security.injection.printed-request.printed-request
../../CrossVul/CWE-89/php/bad_2790_0,327,2,`Printing user input risks cross-site scripting vulnerability. You should use `htmlentities()` when showing data to users.,ERROR,php.lang.security.injection.printed-request.printed-request
../../CrossVul/CWE-89/php/bad_2790_1,309,5,`Printing user input risks cross-site scripting vulnerability. You should use `htmlentities()` when showing data to users.,ERROR,php.lang.security.injection.printed-request.printed-request
../../CrossVul/CWE-89/php/bad_2790_1,374,9,`Printing user input risks cross-site scripting vulnerability. You should use `htmlentities()` when showing data to users.,ERROR,php.lang.security.injection.printed-request.printed-request
../../CrossVul/CWE-89/php/bad_2790_1,378,9,`Printing user input risks cross-site scripting vulnerability. You should use `htmlentities()` when showing data to users.,ERROR,php.lang.security.injection.printed-request.printed-request
../../CrossVul/CWE-89/php/bad_2790_1,385,5,`Printing user input risks cross-site scripting vulnerability. You should use `htmlentities()` when showing data to users.,ERROR,php.lang.security.injection.printed-request.printed-request
../../CrossVul/CWE-89/php/bad_2790_1,388,5,`Printing user input risks cross-site scripting vulnerability. You should use `htmlentities()` when showing data to users.,ERROR,php.lang.security.injection.printed-request.printed-request
../../CrossVul/CWE-89/php/bad_2790_1,394,5,`Printing user input risks cross-site scripting vulnerability. You should use `htmlentities()` when showing data to users.,ERROR,php.lang.security.injection.printed-request.printed-request
../../CrossVul/CWE-89/php/bad_2790_1,403,5,`Printing user input risks cross-site scripting vulnerability. You should use `htmlentities()` when showing data to users.,ERROR,php.lang.security.injection.printed-request.printed-request
../../CrossVul/CWE-89/php/bad_2790_1,406,5,`Printing user input risks cross-site scripting vulnerability. You should use `htmlentities()` when showing data to users.,ERROR,php.lang.security.injection.printed-request.printed-request
../../CrossVul/CWE-89/php/bad_2790_1,429,5,`Printing user input risks cross-site scripting vulnerability. You should use `htmlentities()` when showing data to users.,ERROR,php.lang.security.injection.printed-request.printed-request
../../CrossVul/CWE-89/php/bad_2791_4,217,9,`Printing user input risks cross-site scripting vulnerability. You should use `htmlentities()` when showing data to users.,ERROR,php.lang.security.injection.printed-request.printed-request
../../CrossVul/CWE-89/php/bad_2791_4,219,3,`Printing user input risks cross-site scripting vulnerability. You should use `htmlentities()` when showing data to users.,ERROR,php.lang.security.injection.printed-request.printed-request
../../CrossVul/CWE-89/php/bad_2791_4,235,3,`Printing user input risks cross-site scripting vulnerability. You should use `htmlentities()` when showing data to users.,ERROR,php.lang.security.injection.printed-request.printed-request
../../CrossVul/CWE-89/php/bad_2791_4,236,3,`Printing user input risks cross-site scripting vulnerability. You should use `htmlentities()` when showing data to users.,ERROR,php.lang.security.injection.printed-request.printed-request
../../CrossVul/CWE-89/php/bad_2791_1,322,2,`Printing user input risks cross-site scripting vulnerability. You should use `htmlentities()` when showing data to users.,ERROR,php.lang.security.injection.printed-request.printed-request
../../CrossVul/CWE-89/php/bad_2791_1,333,2,`Printing user input risks cross-site scripting vulnerability. You should use `htmlentities()` when showing data to users.,ERROR,php.lang.security.injection.printed-request.printed-request
../../CrossVul/CWE-89/php/bad_2791_1,335,5,`Printing user input risks cross-site scripting vulnerability. You should use `htmlentities()` when showing data to users.,ERROR,php.lang.security.injection.printed-request.printed-request
../../CrossVul/CWE-89/php/bad_2791_1,340,5,`Printing user input risks cross-site scripting vulnerability. You should use `htmlentities()` when showing data to users.,ERROR,php.lang.security.injection.printed-request.printed-request
../../CrossVul/CWE-89/php/bad_2791_1,379,3,`Printing user input risks cross-site scripting vulnerability. You should use `htmlentities()` when showing data to users.,ERROR,php.lang.security.injection.printed-request.printed-request
../../CrossVul/CWE-89/php/bad_2791_1,420,2,`Printing user input risks cross-site scripting vulnerability. You should use `htmlentities()` when showing data to users.,ERROR,php.lang.security.injection.printed-request.printed-request
../../CrossVul/CWE-89/php/bad_2791_1,421,2,`Printing user input risks cross-site scripting vulnerability. You should use `htmlentities()` when showing data to users.,ERROR,php.lang.security.injection.printed-request.printed-request
../../CrossVul/CWE-89/php/bad_2791_1,430,2,`Printing user input risks cross-site scripting vulnerability. You should use `htmlentities()` when showing data to users.,ERROR,php.lang.security.injection.printed-request.printed-request
../../CrossVul/CWE-89/php/bad_2791_1,442,3,`Printing user input risks cross-site scripting vulnerability. You should use `htmlentities()` when showing data to users.,ERROR,php.lang.security.injection.printed-request.printed-request
../../CrossVul/CWE-89/php/bad_2791_1,447,3,`Printing user input risks cross-site scripting vulnerability. You should use `htmlentities()` when showing data to users.,ERROR,php.lang.security.injection.printed-request.printed-request
../../CrossVul/CWE-89/php/bad_2791_1,457,2,`Printing user input risks cross-site scripting vulnerability. You should use `htmlentities()` when showing data to users.,ERROR,php.lang.security.injection.printed-request.printed-request
../../CrossVul/CWE-89/php/bad_2791_1,458,2,`Printing user input risks cross-site scripting vulnerability. You should use `htmlentities()` when showing data to users.,ERROR,php.lang.security.injection.printed-request.printed-request
../../CrossVul/CWE-89/php/bad_2791_1,459,2,`Printing user input risks cross-site scripting vulnerability. You should use `htmlentities()` when showing data to users.,ERROR,php.lang.security.injection.printed-request.printed-request
../../CrossVul/CWE-89/php/bad_2791_1,461,2,`Printing user input risks cross-site scripting vulnerability. You should use `htmlentities()` when showing data to users.,ERROR,php.lang.security.injection.printed-request.printed-request
../../CrossVul/CWE-89/php/bad_2791_1,465,2,`Printing user input risks cross-site scripting vulnerability. You should use `htmlentities()` when showing data to users.,ERROR,php.lang.security.injection.printed-request.printed-request
../../CrossVul/CWE-89/php/bad_2791_1,467,2,`Printing user input risks cross-site scripting vulnerability. You should use `htmlentities()` when showing data to users.,ERROR,php.lang.security.injection.printed-request.printed-request
../../CrossVul/CWE-89/php/bad_2791_1,472,2,`Printing user input risks cross-site scripting vulnerability. You should use `htmlentities()` when showing data to users.,ERROR,php.lang.security.injection.printed-request.printed-request
../../CrossVul/CWE-89/php/bad_2791_1,476,2,`Printing user input risks cross-site scripting vulnerability. You should use `htmlentities()` when showing data to users.,ERROR,php.lang.security.injection.printed-request.printed-request
../../CrossVul/CWE-89/php/bad_2791_1,486,2,`Printing user input risks cross-site scripting vulnerability. You should use `htmlentities()` when showing data to users.,ERROR,php.lang.security.injection.printed-request.printed-request
../../CrossVul/CWE-89/php/bad_2791_1,505,8,`Printing user input risks cross-site scripting vulnerability. You should use `htmlentities()` when showing data to users.,ERROR,php.lang.security.injection.printed-request.printed-request
../../CrossVul/CWE-89/php/bad_2791_1,530,9,`Printing user input risks cross-site scripting vulnerability. You should use `htmlentities()` when showing data to users.,ERROR,php.lang.security.injection.printed-request.printed-request
../../CrossVul/CWE-89/php/bad_2791_1,599,2,`Printing user input risks cross-site scripting vulnerability. You should use `htmlentities()` when showing data to users.,ERROR,php.lang.security.injection.printed-request.printed-request
../../CrossVul/CWE-89/php/bad_2791_1,603,2,`Printing user input risks cross-site scripting vulnerability. You should use `htmlentities()` when showing data to users.,ERROR,php.lang.security.injection.printed-request.printed-request
../../CrossVul/CWE-89/php/bad_2791_1,607,2,`Printing user input risks cross-site scripting vulnerability. You should use `htmlentities()` when showing data to users.,ERROR,php.lang.security.injection.printed-request.printed-request
../../CrossVul/CWE-89/php/bad_2791_1,610,2,`Printing user input risks cross-site scripting vulnerability. You should use `htmlentities()` when showing data to users.,ERROR,php.lang.security.injection.printed-request.printed-request
../../CrossVul/CWE-89/php/bad_2791_1,611,2,`Printing user input risks cross-site scripting vulnerability. You should use `htmlentities()` when showing data to users.,ERROR,php.lang.security.injection.printed-request.printed-request
../../CrossVul/CWE-89/php/bad_2791_1,612,2,`Printing user input risks cross-site scripting vulnerability. You should use `htmlentities()` when showing data to users.,ERROR,php.lang.security.injection.printed-request.printed-request
../../CrossVul/CWE-89/php/bad_2791_1,675,4,`Printing user input risks cross-site scripting vulnerability. You should use `htmlentities()` when showing data to users.,ERROR,php.lang.security.injection.printed-request.printed-request
../../CrossVul/CWE-89/php/bad_2791_1,680,4,`Printing user input risks cross-site scripting vulnerability. You should use `htmlentities()` when showing data to users.,ERROR,php.lang.security.injection.printed-request.printed-request
../../CrossVul/CWE-89/php/bad_2791_1,704,2,`Printing user input risks cross-site scripting vulnerability. You should use `htmlentities()` when showing data to users.,ERROR,php.lang.security.injection.printed-request.printed-request
../../CrossVul/CWE-89/php/bad_2791_1,708,3,`Printing user input risks cross-site scripting vulnerability. You should use `htmlentities()` when showing data to users.,ERROR,php.lang.security.injection.printed-request.printed-request
../../CrossVul/CWE-89/php/bad_2791_1,713,9,`Printing user input risks cross-site scripting vulnerability. You should use `htmlentities()` when showing data to users.,ERROR,php.lang.security.injection.printed-request.printed-request
../../CrossVul/CWE-89/php/bad_2791_1,725,4,`Printing user input risks cross-site scripting vulnerability. You should use `htmlentities()` when showing data to users.,ERROR,php.lang.security.injection.printed-request.printed-request
../../CrossVul/CWE-89/php/bad_2791_1,732,3,`Printing user input risks cross-site scripting vulnerability. You should use `htmlentities()` when showing data to users.,ERROR,php.lang.security.injection.printed-request.printed-request
../../CrossVul/CWE-89/php/bad_2791_1,740,4,`Printing user input risks cross-site scripting vulnerability. You should use `htmlentities()` when showing data to users.,ERROR,php.lang.security.injection.printed-request.printed-request
../../CrossVul/CWE-89/php/bad_2791_1,766,2,`Printing user input risks cross-site scripting vulnerability. You should use `htmlentities()` when showing data to users.,ERROR,php.lang.security.injection.printed-request.printed-request
../../CrossVul/CWE-89/php/bad_2979_0,241,1,`Echo`ing user input risks cross-site scripting vulnerability. You should use `htmlentities()` when showing data to users.,ERROR,php.lang.security.injection.echoed-request.echoed-request
../../CrossVul/CWE-89/php/bad_2990_7,87,2,`Printing user input risks cross-site scripting vulnerability. You should use `htmlentities()` when showing data to users.,ERROR,php.lang.security.injection.printed-request.printed-request
../../CrossVul/CWE-89/php/bad_2990_7,161,4,`Printing user input risks cross-site scripting vulnerability. You should use `htmlentities()` when showing data to users.,ERROR,php.lang.security.injection.printed-request.printed-request
../../CrossVul/CWE-89/php/bad_2990_7,162,4,`Printing user input risks cross-site scripting vulnerability. You should use `htmlentities()` when showing data to users.,ERROR,php.lang.security.injection.printed-request.printed-request
../../CrossVul/CWE-89/php/bad_3090_3,55,40,`Echo`ing user input risks cross-site scripting vulnerability. You should use `htmlentities()` when showing data to users.,ERROR,php.lang.security.injection.echoed-request.echoed-request
../../CrossVul/CWE-89/php/bad_3090_3,55,56,`Echo`ing user input risks cross-site scripting vulnerability. You should use `htmlentities()` when showing data to users.,ERROR,php.lang.security.injection.echoed-request.echoed-request
../../CrossVul/CWE-89/php/bad_3090_3,132,25,`Echo`ing user input risks cross-site scripting vulnerability. You should use `htmlentities()` when showing data to users.,ERROR,php.lang.security.injection.echoed-request.echoed-request
../../CrossVul/CWE-89/php/bad_3090_2,68,40,`Echo`ing user input risks cross-site scripting vulnerability. You should use `htmlentities()` when showing data to users.,ERROR,php.lang.security.injection.echoed-request.echoed-request
../../CrossVul/CWE-89/php/bad_3090_2,68,56,`Echo`ing user input risks cross-site scripting vulnerability. You should use `htmlentities()` when showing data to users.,ERROR,php.lang.security.injection.echoed-request.echoed-request
../../CrossVul/CWE-89/php/bad_3090_2,144,29,`Echo`ing user input risks cross-site scripting vulnerability. You should use `htmlentities()` when showing data to users.,ERROR,php.lang.security.injection.echoed-request.echoed-request
../../CrossVul/CWE-89/php/bad_2990_8,129,4,`Printing user input risks cross-site scripting vulnerability. You should use `htmlentities()` when showing data to users.,ERROR,php.lang.security.injection.printed-request.printed-request
../../CrossVul/CWE-89/php/bad_2990_8,148,5,`Printing user input risks cross-site scripting vulnerability. You should use `htmlentities()` when showing data to users.,ERROR,php.lang.security.injection.printed-request.printed-request
../../CrossVul/CWE-89/php/bad_2990_8,155,5,`Printing user input risks cross-site scripting vulnerability. You should use `htmlentities()` when showing data to users.,ERROR,php.lang.security.injection.printed-request.printed-request
../../CrossVul/CWE-89/php/bad_2990_8,186,4,`Printing user input risks cross-site scripting vulnerability. You should use `htmlentities()` when showing data to users.,ERROR,php.lang.security.injection.printed-request.printed-request
../../CrossVul/CWE-89/php/bad_2990_8,206,5,`Printing user input risks cross-site scripting vulnerability. You should use `htmlentities()` when showing data to users.,ERROR,php.lang.security.injection.printed-request.printed-request
../../CrossVul/CWE-89/php/bad_2990_8,213,4,`Printing user input risks cross-site scripting vulnerability. You should use `htmlentities()` when showing data to users.,ERROR,php.lang.security.injection.printed-request.printed-request
../../CrossVul/CWE-89/php/bad_2990_8,258,2,`Printing user input risks cross-site scripting vulnerability. You should use `htmlentities()` when showing data to users.,ERROR,php.lang.security.injection.printed-request.printed-request
../../CrossVul/CWE-89/php/bad_2990_8,269,3,`Printing user input risks cross-site scripting vulnerability. You should use `htmlentities()` when showing data to users.,ERROR,php.lang.security.injection.printed-request.printed-request
../../CrossVul/CWE-89/php/bad_2990_8,270,3,`Printing user input risks cross-site scripting vulnerability. You should use `htmlentities()` when showing data to users.,ERROR,php.lang.security.injection.printed-request.printed-request
../../CrossVul/CWE-89/php/bad_2990_8,271,3,`Printing user input risks cross-site scripting vulnerability. You should use `htmlentities()` when showing data to users.,ERROR,php.lang.security.injection.printed-request.printed-request
../../CrossVul/CWE-89/php/bad_2990_8,272,3,`Printing user input risks cross-site scripting vulnerability. You should use `htmlentities()` when showing data to users.,ERROR,php.lang.security.injection.printed-request.printed-request
../../CrossVul/CWE-89/php/bad_3395_0,238,1,`Echo`ing user input risks cross-site scripting vulnerability. You should use `htmlentities()` when showing data to users.,ERROR,php.lang.security.injection.echoed-request.echoed-request
../../CrossVul/CWE-89/php/bad_338_0,1126,3,`Echo`ing user input risks cross-site scripting vulnerability. You should use `htmlentities()` when showing data to users.,ERROR,php.lang.security.injection.echoed-request.echoed-request
../../CrossVul/CWE-89/php/bad_338_0,1513,3,`Echo`ing user input risks cross-site scripting vulnerability. You should use `htmlentities()` when showing data to users.,ERROR,php.lang.security.injection.echoed-request.echoed-request
../../CrossVul/CWE-89/php/bad_3544_5,103,9,`Printing user input risks cross-site scripting vulnerability. You should use `htmlentities()` when showing data to users.,ERROR,php.lang.security.injection.printed-request.printed-request
../../CrossVul/CWE-89/php/bad_3544_5,113,9,`Printing user input risks cross-site scripting vulnerability. You should use `htmlentities()` when showing data to users.,ERROR,php.lang.security.injection.printed-request.printed-request
../../CrossVul/CWE-89/php/bad_3544_5,114,9,`Printing user input risks cross-site scripting vulnerability. You should use `htmlentities()` when showing data to users.,ERROR,php.lang.security.injection.printed-request.printed-request
../../CrossVul/CWE-89/php/bad_3544_5,131,9,`Printing user input risks cross-site scripting vulnerability. You should use `htmlentities()` when showing data to users.,ERROR,php.lang.security.injection.printed-request.printed-request
../../CrossVul/CWE-89/php/bad_3544_5,134,9,`Printing user input risks cross-site scripting vulnerability. You should use `htmlentities()` when showing data to users.,ERROR,php.lang.security.injection.printed-request.printed-request
../../CrossVul/CWE-89/php/bad_3544_4,570,20,`Printing user input risks cross-site scripting vulnerability. You should use `htmlentities()` when showing data to users.,ERROR,php.lang.security.injection.printed-request.printed-request
../../CrossVul/CWE-89/php/bad_3544_4,582,9,`Printing user input risks cross-site scripting vulnerability. You should use `htmlentities()` when showing data to users.,ERROR,php.lang.security.injection.printed-request.printed-request
../../CrossVul/CWE-89/php/bad_3544_4,583,9,`Printing user input risks cross-site scripting vulnerability. You should use `htmlentities()` when showing data to users.,ERROR,php.lang.security.injection.printed-request.printed-request
../../CrossVul/CWE-89/php/bad_3544_4,587,9,`Printing user input risks cross-site scripting vulnerability. You should use `htmlentities()` when showing data to users.,ERROR,php.lang.security.injection.printed-request.printed-request
../../CrossVul/CWE-89/php/bad_3544_4,596,9,`Printing user input risks cross-site scripting vulnerability. You should use `htmlentities()` when showing data to users.,ERROR,php.lang.security.injection.printed-request.printed-request
../../CrossVul/CWE-89/php/bad_3544_4,597,9,`Printing user input risks cross-site scripting vulnerability. You should use `htmlentities()` when showing data to users.,ERROR,php.lang.security.injection.printed-request.printed-request
../../CrossVul/CWE-89/php/bad_3544_4,601,9,`Printing user input risks cross-site scripting vulnerability. You should use `htmlentities()` when showing data to users.,ERROR,php.lang.security.injection.printed-request.printed-request
../../CrossVul/CWE-89/php/bad_3544_4,610,9,`Printing user input risks cross-site scripting vulnerability. You should use `htmlentities()` when showing data to users.,ERROR,php.lang.security.injection.printed-request.printed-request
../../CrossVul/CWE-89/php/bad_3544_4,611,9,`Printing user input risks cross-site scripting vulnerability. You should use `htmlentities()` when showing data to users.,ERROR,php.lang.security.injection.printed-request.printed-request
../../CrossVul/CWE-89/php/bad_3544_4,615,9,`Printing user input risks cross-site scripting vulnerability. You should use `htmlentities()` when showing data to users.,ERROR,php.lang.security.injection.printed-request.printed-request
../../CrossVul/CWE-89/php/bad_3544_4,616,9,`Printing user input risks cross-site scripting vulnerability. You should use `htmlentities()` when showing data to users.,ERROR,php.lang.security.injection.printed-request.printed-request
../../CrossVul/CWE-89/php/bad_3544_4,620,9,`Printing user input risks cross-site scripting vulnerability. You should use `htmlentities()` when showing data to users.,ERROR,php.lang.security.injection.printed-request.printed-request
../../CrossVul/CWE-89/php/bad_3544_4,643,13,`Printing user input risks cross-site scripting vulnerability. You should use `htmlentities()` when showing data to users.,ERROR,php.lang.security.injection.printed-request.printed-request
../../CrossVul/CWE-89/php/bad_3544_4,644,13,`Printing user input risks cross-site scripting vulnerability. You should use `htmlentities()` when showing data to users.,ERROR,php.lang.security.injection.printed-request.printed-request
../../CrossVul/CWE-89/php/bad_3544_4,659,9,`Printing user input risks cross-site scripting vulnerability. You should use `htmlentities()` when showing data to users.,ERROR,php.lang.security.injection.printed-request.printed-request
../../CrossVul/CWE-89/php/bad_3544_4,698,9,`Printing user input risks cross-site scripting vulnerability. You should use `htmlentities()` when showing data to users.,ERROR,php.lang.security.injection.printed-request.printed-request
../../CrossVul/CWE-89/php/bad_3544_4,699,9,`Printing user input risks cross-site scripting vulnerability. You should use `htmlentities()` when showing data to users.,ERROR,php.lang.security.injection.printed-request.printed-request
../../CrossVul/CWE-89/php/bad_3544_4,703,9,`Printing user input risks cross-site scripting vulnerability. You should use `htmlentities()` when showing data to users.,ERROR,php.lang.security.injection.printed-request.printed-request
../../CrossVul/CWE-89/php/bad_3544_4,712,9,`Printing user input risks cross-site scripting vulnerability. You should use `htmlentities()` when showing data to users.,ERROR,php.lang.security.injection.printed-request.printed-request
../../CrossVul/CWE-89/php/bad_3544_4,713,9,`Printing user input risks cross-site scripting vulnerability. You should use `htmlentities()` when showing data to users.,ERROR,php.lang.security.injection.printed-request.printed-request
../../CrossVul/CWE-89/php/bad_3544_4,717,9,`Printing user input risks cross-site scripting vulnerability. You should use `htmlentities()` when showing data to users.,ERROR,php.lang.security.injection.printed-request.printed-request
../../CrossVul/CWE-89/php/bad_3544_4,726,9,`Printing user input risks cross-site scripting vulnerability. You should use `htmlentities()` when showing data to users.,ERROR,php.lang.security.injection.printed-request.printed-request
../../CrossVul/CWE-89/php/bad_3544_4,727,9,`Printing user input risks cross-site scripting vulnerability. You should use `htmlentities()` when showing data to users.,ERROR,php.lang.security.injection.printed-request.printed-request
../../CrossVul/CWE-89/php/bad_3544_4,731,9,`Printing user input risks cross-site scripting vulnerability. You should use `htmlentities()` when showing data to users.,ERROR,php.lang.security.injection.printed-request.printed-request
../../CrossVul/CWE-89/php/bad_3544_4,740,9,`Printing user input risks cross-site scripting vulnerability. You should use `htmlentities()` when showing data to users.,ERROR,php.lang.security.injection.printed-request.printed-request
../../CrossVul/CWE-89/php/bad_3544_4,741,9,`Printing user input risks cross-site scripting vulnerability. You should use `htmlentities()` when showing data to users.,ERROR,php.lang.security.injection.printed-request.printed-request
../../CrossVul/CWE-89/php/bad_3544_4,745,9,`Printing user input risks cross-site scripting vulnerability. You should use `htmlentities()` when showing data to users.,ERROR,php.lang.security.injection.printed-request.printed-request
../../CrossVul/CWE-89/php/bad_3544_4,752,5,`Printing user input risks cross-site scripting vulnerability. You should use `htmlentities()` when showing data to users.,ERROR,php.lang.security.injection.printed-request.printed-request
../../CrossVul/CWE-89/php/bad_3544_4,768,9,`Printing user input risks cross-site scripting vulnerability. You should use `htmlentities()` when showing data to users.,ERROR,php.lang.security.injection.printed-request.printed-request
../../CrossVul/CWE-89/php/bad_3544_4,779,9,`Printing user input risks cross-site scripting vulnerability. You should use `htmlentities()` when showing data to users.,ERROR,php.lang.security.injection.printed-request.printed-request
../../CrossVul/CWE-89/php/bad_3544_4,786,9,`Printing user input risks cross-site scripting vulnerability. You should use `htmlentities()` when showing data to users.,ERROR,php.lang.security.injection.printed-request.printed-request
../../CrossVul/CWE-89/php/bad_3544_4,788,9,`Printing user input risks cross-site scripting vulnerability. You should use `htmlentities()` when showing data to users.,ERROR,php.lang.security.injection.printed-request.printed-request
../../CrossVul/CWE-89/php/bad_3544_4,1235,21,`Printing user input risks cross-site scripting vulnerability. You should use `htmlentities()` when showing data to users.,ERROR,php.lang.security.injection.printed-request.printed-request
../../CrossVul/CWE-89/php/bad_3544_8,155,5,`Printing user input risks cross-site scripting vulnerability. You should use `htmlentities()` when showing data to users.,ERROR,php.lang.security.injection.printed-request.printed-request
../../CrossVul/CWE-89/php/bad_3545_4,90,9,`Printing user input risks cross-site scripting vulnerability. You should use `htmlentities()` when showing data to users.,ERROR,php.lang.security.injection.printed-request.printed-request
../../CrossVul/CWE-89/php/bad_3545_4,96,9,`Printing user input risks cross-site scripting vulnerability. You should use `htmlentities()` when showing data to users.,ERROR,php.lang.security.injection.printed-request.printed-request
../../CrossVul/CWE-89/php/bad_3545_4,97,9,`Printing user input risks cross-site scripting vulnerability. You should use `htmlentities()` when showing data to users.,ERROR,php.lang.security.injection.printed-request.printed-request
../../CrossVul/CWE-89/php/bad_3553_0,447,29,"User data flows into this manually-constructed SQL string. User data can be safely inserted into SQL strings using prepared statements or an object-relational mapper (ORM). Manually-constructed SQL strings is a possible indicator of SQL injection, which could let an attacker steal or manipulate data from the database. Instead, use prepared statements (`$mysqli->prepare(""INSERT INTO test(id, label) VALUES (?, ?)"");`) or a safe library.",ERROR,php.lang.security.injection.tainted-sql-string.tainted-sql-string
../../CrossVul/CWE-89/php/bad_3816_0,56,33,"User data flows into this manually-constructed SQL string. User data can be safely inserted into SQL strings using prepared statements or an object-relational mapper (ORM). Manually-constructed SQL strings is a possible indicator of SQL injection, which could let an attacker steal or manipulate data from the database. Instead, use prepared statements (`$mysqli->prepare(""INSERT INTO test(id, label) VALUES (?, ?)"");`) or a safe library.",ERROR,php.lang.security.injection.tainted-sql-string.tainted-sql-string
../../CrossVul/CWE-89/php/bad_3816_2,53,29,"User data flows into this manually-constructed SQL string. User data can be safely inserted into SQL strings using prepared statements or an object-relational mapper (ORM). Manually-constructed SQL strings is a possible indicator of SQL injection, which could let an attacker steal or manipulate data from the database. Instead, use prepared statements (`$mysqli->prepare(""INSERT INTO test(id, label) VALUES (?, ?)"");`) or a safe library.",ERROR,php.lang.security.injection.tainted-sql-string.tainted-sql-string
../../CrossVul/CWE-89/php/bad_3816_2,70,31,"User data flows into this manually-constructed SQL string. User data can be safely inserted into SQL strings using prepared statements or an object-relational mapper (ORM). Manually-constructed SQL strings is a possible indicator of SQL injection, which could let an attacker steal or manipulate data from the database. Instead, use prepared statements (`$mysqli->prepare(""INSERT INTO test(id, label) VALUES (?, ?)"");`) or a safe library.",ERROR,php.lang.security.injection.tainted-sql-string.tainted-sql-string
../../CrossVul/CWE-89/php/bad_3816_1,58,30,"User data flows into this manually-constructed SQL string. User data can be safely inserted into SQL strings using prepared statements or an object-relational mapper (ORM). Manually-constructed SQL strings is a possible indicator of SQL injection, which could let an attacker steal or manipulate data from the database. Instead, use prepared statements (`$mysqli->prepare(""INSERT INTO test(id, label) VALUES (?, ?)"");`) or a safe library.",ERROR,php.lang.security.injection.tainted-sql-string.tainted-sql-string
../../CrossVul/CWE-89/php/bad_3816_1,60,4,`Echo`ing user input risks cross-site scripting vulnerability. You should use `htmlentities()` when showing data to users.,ERROR,php.lang.security.injection.echoed-request.echoed-request
../../CrossVul/CWE-89/php/bad_3816_5,54,29,"User data flows into this manually-constructed SQL string. User data can be safely inserted into SQL strings using prepared statements or an object-relational mapper (ORM). Manually-constructed SQL strings is a possible indicator of SQL injection, which could let an attacker steal or manipulate data from the database. Instead, use prepared statements (`$mysqli->prepare(""INSERT INTO test(id, label) VALUES (?, ?)"");`) or a safe library.",ERROR,php.lang.security.injection.tainted-sql-string.tainted-sql-string
../../CrossVul/CWE-89/php/bad_3816_3,54,29,"User data flows into this manually-constructed SQL string. User data can be safely inserted into SQL strings using prepared statements or an object-relational mapper (ORM). Manually-constructed SQL strings is a possible indicator of SQL injection, which could let an attacker steal or manipulate data from the database. Instead, use prepared statements (`$mysqli->prepare(""INSERT INTO test(id, label) VALUES (?, ?)"");`) or a safe library.",ERROR,php.lang.security.injection.tainted-sql-string.tainted-sql-string
../../CrossVul/CWE-89/php/bad_3816_3,77,19,"User data flows into this manually-constructed SQL string. User data can be safely inserted into SQL strings using prepared statements or an object-relational mapper (ORM). Manually-constructed SQL strings is a possible indicator of SQL injection, which could let an attacker steal or manipulate data from the database. Instead, use prepared statements (`$mysqli->prepare(""INSERT INTO test(id, label) VALUES (?, ?)"");`) or a safe library.",ERROR,php.lang.security.injection.tainted-sql-string.tainted-sql-string
../../CrossVul/CWE-89/php/bad_3816_4,53,29,"User data flows into this manually-constructed SQL string. User data can be safely inserted into SQL strings using prepared statements or an object-relational mapper (ORM). Manually-constructed SQL strings is a possible indicator of SQL injection, which could let an attacker steal or manipulate data from the database. Instead, use prepared statements (`$mysqli->prepare(""INSERT INTO test(id, label) VALUES (?, ?)"");`) or a safe library.",ERROR,php.lang.security.injection.tainted-sql-string.tainted-sql-string
../../CrossVul/CWE-89/php/bad_3816_4,71,31,"User data flows into this manually-constructed SQL string. User data can be safely inserted into SQL strings using prepared statements or an object-relational mapper (ORM). Manually-constructed SQL strings is a possible indicator of SQL injection, which could let an attacker steal or manipulate data from the database. Instead, use prepared statements (`$mysqli->prepare(""INSERT INTO test(id, label) VALUES (?, ?)"");`) or a safe library.",ERROR,php.lang.security.injection.tainted-sql-string.tainted-sql-string
../../CrossVul/CWE-89/php/bad_3816_6,54,28,"User data flows into this manually-constructed SQL string. User data can be safely inserted into SQL strings using prepared statements or an object-relational mapper (ORM). Manually-constructed SQL strings is a possible indicator of SQL injection, which could let an attacker steal or manipulate data from the database. Instead, use prepared statements (`$mysqli->prepare(""INSERT INTO test(id, label) VALUES (?, ?)"");`) or a safe library.",ERROR,php.lang.security.injection.tainted-sql-string.tainted-sql-string
../../CrossVul/CWE-89/php/bad_3816_7,63,28,"User data flows into this manually-constructed SQL string. User data can be safely inserted into SQL strings using prepared statements or an object-relational mapper (ORM). Manually-constructed SQL strings is a possible indicator of SQL injection, which could let an attacker steal or manipulate data from the database. Instead, use prepared statements (`$mysqli->prepare(""INSERT INTO test(id, label) VALUES (?, ?)"");`) or a safe library.",ERROR,php.lang.security.injection.tainted-sql-string.tainted-sql-string
../../CrossVul/CWE-89/php/bad_3816_7,98,30,"User data flows into this manually-constructed SQL string. User data can be safely inserted into SQL strings using prepared statements or an object-relational mapper (ORM). Manually-constructed SQL strings is a possible indicator of SQL injection, which could let an attacker steal or manipulate data from the database. Instead, use prepared statements (`$mysqli->prepare(""INSERT INTO test(id, label) VALUES (?, ?)"");`) or a safe library.",ERROR,php.lang.security.injection.tainted-sql-string.tainted-sql-string
../../CrossVul/CWE-89/php/bad_3816_7,112,9,"User data flows into this manually-constructed SQL string. User data can be safely inserted into SQL strings using prepared statements or an object-relational mapper (ORM). Manually-constructed SQL strings is a possible indicator of SQL injection, which could let an attacker steal or manipulate data from the database. Instead, use prepared statements (`$mysqli->prepare(""INSERT INTO test(id, label) VALUES (?, ?)"");`) or a safe library.",ERROR,php.lang.security.injection.tainted-sql-string.tainted-sql-string
../../CrossVul/CWE-89/php/bad_3816_7,132,8,"User data flows into this manually-constructed SQL string. User data can be safely inserted into SQL strings using prepared statements or an object-relational mapper (ORM). Manually-constructed SQL strings is a possible indicator of SQL injection, which could let an attacker steal or manipulate data from the database. Instead, use prepared statements (`$mysqli->prepare(""INSERT INTO test(id, label) VALUES (?, ?)"");`) or a safe library.",ERROR,php.lang.security.injection.tainted-sql-string.tainted-sql-string
../../CrossVul/CWE-89/php/bad_398_0,105,17,File name based on user input risks server-side request forgery.,WARNING,php.lang.security.injection.tainted-filename.tainted-filename
../../CrossVul/CWE-89/php/bad_4024_0,18,30,"User data flows into this manually-constructed SQL string. User data can be safely inserted into SQL strings using prepared statements or an object-relational mapper (ORM). Manually-constructed SQL strings is a possible indicator of SQL injection, which could let an attacker steal or manipulate data from the database. Instead, use prepared statements (`$mysqli->prepare(""INSERT INTO test(id, label) VALUES (?, ?)"");`) or a safe library.",ERROR,php.lang.security.injection.tainted-sql-string.tainted-sql-string
../../CrossVul/CWE-89/php/bad_4024_0,28,5,`Echo`ing user input risks cross-site scripting vulnerability. You should use `htmlentities()` when showing data to users.,ERROR,php.lang.security.injection.echoed-request.echoed-request
../../CrossVul/CWE-89/php/bad_4024_0,30,26,"User data flows into this manually-constructed SQL string. User data can be safely inserted into SQL strings using prepared statements or an object-relational mapper (ORM). Manually-constructed SQL strings is a possible indicator of SQL injection, which could let an attacker steal or manipulate data from the database. Instead, use prepared statements (`$mysqli->prepare(""INSERT INTO test(id, label) VALUES (?, ?)"");`) or a safe library.",ERROR,php.lang.security.injection.tainted-sql-string.tainted-sql-string
../../CrossVul/CWE-89/php/bad_4024_0,43,5,`Echo`ing user input risks cross-site scripting vulnerability. You should use `htmlentities()` when showing data to users.,ERROR,php.lang.security.injection.echoed-request.echoed-request
../../CrossVul/CWE-89/php/bad_4024_0,49,5,`Echo`ing user input risks cross-site scripting vulnerability. You should use `htmlentities()` when showing data to users.,ERROR,php.lang.security.injection.echoed-request.echoed-request
../../CrossVul/CWE-89/php/bad_4024_0,54,5,`Echo`ing user input risks cross-site scripting vulnerability. You should use `htmlentities()` when showing data to users.,ERROR,php.lang.security.injection.echoed-request.echoed-request
../../CrossVul/CWE-89/php/bad_4024_0,58,5,`Echo`ing user input risks cross-site scripting vulnerability. You should use `htmlentities()` when showing data to users.,ERROR,php.lang.security.injection.echoed-request.echoed-request
../../CrossVul/CWE-89/php/bad_4024_0,62,5,`Echo`ing user input risks cross-site scripting vulnerability. You should use `htmlentities()` when showing data to users.,ERROR,php.lang.security.injection.echoed-request.echoed-request
../../CrossVul/CWE-89/php/bad_4024_0,71,1,`Echo`ing user input risks cross-site scripting vulnerability. You should use `htmlentities()` when showing data to users.,ERROR,php.lang.security.injection.echoed-request.echoed-request
../../CrossVul/CWE-89/php/bad_4024_0,84,5,`Echo`ing user input risks cross-site scripting vulnerability. You should use `htmlentities()` when showing data to users.,ERROR,php.lang.security.injection.echoed-request.echoed-request
../../CrossVul/CWE-89/php/bad_398_10,93,13,"User data flows into this manually-constructed SQL string. User data can be safely inserted into SQL strings using prepared statements or an object-relational mapper (ORM). Manually-constructed SQL strings is a possible indicator of SQL injection, which could let an attacker steal or manipulate data from the database. Instead, use prepared statements (`$mysqli->prepare(""INSERT INTO test(id, label) VALUES (?, ?)"");`) or a safe library.",ERROR,php.lang.security.injection.tainted-sql-string.tainted-sql-string
../../CrossVul/CWE-89/php/bad_398_10,277,15,"User data flows into this manually-constructed SQL string. User data can be safely inserted into SQL strings using prepared statements or an object-relational mapper (ORM). Manually-constructed SQL strings is a possible indicator of SQL injection, which could let an attacker steal or manipulate data from the database. Instead, use prepared statements (`$mysqli->prepare(""INSERT INTO test(id, label) VALUES (?, ?)"");`) or a safe library.",ERROR,php.lang.security.injection.tainted-sql-string.tainted-sql-string
../../CrossVul/CWE-89/php/bad_398_10,562,13,`Echo`ing user input risks cross-site scripting vulnerability. You should use `htmlentities()` when showing data to users.,ERROR,php.lang.security.injection.echoed-request.echoed-request
../../CrossVul/CWE-89/php/bad_398_10,579,13,`Echo`ing user input risks cross-site scripting vulnerability. You should use `htmlentities()` when showing data to users.,ERROR,php.lang.security.injection.echoed-request.echoed-request
../../CrossVul/CWE-89/php/bad_4024_1,189,26,"User data flows into this manually-constructed SQL string. User data can be safely inserted into SQL strings using prepared statements or an object-relational mapper (ORM). Manually-constructed SQL strings is a possible indicator of SQL injection, which could let an attacker steal or manipulate data from the database. Instead, use prepared statements (`$mysqli->prepare(""INSERT INTO test(id, label) VALUES (?, ?)"");`) or a safe library.",ERROR,php.lang.security.injection.tainted-sql-string.tainted-sql-string
../../CrossVul/CWE-89/php/bad_4024_1,192,9,`Echo`ing user input risks cross-site scripting vulnerability. You should use `htmlentities()` when showing data to users.,ERROR,php.lang.security.injection.echoed-request.echoed-request
../../CrossVul/CWE-89/php/bad_4363_3,405,28,"`$qb` Detected string concatenation with a non-literal variable in a Doctrine QueryBuilder method. This could lead to SQL injection if the variable is user-controlled and not properly sanitized. In order to prevent SQL injection, use parameterized queries or prepared statements instead.",WARNING,php.doctrine.security.audit.doctrine-orm-dangerous-query.doctrine-orm-dangerous-query
../../CrossVul/CWE-89/php/bad_476_0,728,26,`Printing user input risks cross-site scripting vulnerability. You should use `htmlentities()` when showing data to users.,ERROR,php.lang.security.injection.printed-request.printed-request
../../CrossVul/CWE-89/php/bad_476_0,743,3,`Printing user input risks cross-site scripting vulnerability. You should use `htmlentities()` when showing data to users.,ERROR,php.lang.security.injection.printed-request.printed-request
../../CrossVul/CWE-89/php/bad_476_0,744,3,`Printing user input risks cross-site scripting vulnerability. You should use `htmlentities()` when showing data to users.,ERROR,php.lang.security.injection.printed-request.printed-request
../../CrossVul/CWE-89/php/bad_476_0,757,3,`Printing user input risks cross-site scripting vulnerability. You should use `htmlentities()` when showing data to users.,ERROR,php.lang.security.injection.printed-request.printed-request
../../CrossVul/CWE-89/php/bad_476_0,758,3,`Printing user input risks cross-site scripting vulnerability. You should use `htmlentities()` when showing data to users.,ERROR,php.lang.security.injection.printed-request.printed-request
../../CrossVul/CWE-89/php/bad_476_0,771,3,`Printing user input risks cross-site scripting vulnerability. You should use `htmlentities()` when showing data to users.,ERROR,php.lang.security.injection.printed-request.printed-request
../../CrossVul/CWE-89/php/bad_476_0,772,3,`Printing user input risks cross-site scripting vulnerability. You should use `htmlentities()` when showing data to users.,ERROR,php.lang.security.injection.printed-request.printed-request
../../CrossVul/CWE-89/php/bad_476_0,776,3,`Printing user input risks cross-site scripting vulnerability. You should use `htmlentities()` when showing data to users.,ERROR,php.lang.security.injection.printed-request.printed-request
../../CrossVul/CWE-89/php/bad_476_0,777,3,`Printing user input risks cross-site scripting vulnerability. You should use `htmlentities()` when showing data to users.,ERROR,php.lang.security.injection.printed-request.printed-request
../../CrossVul/CWE-89/php/bad_476_0,825,2,`Printing user input risks cross-site scripting vulnerability. You should use `htmlentities()` when showing data to users.,ERROR,php.lang.security.injection.printed-request.printed-request
../../CrossVul/CWE-89/php/bad_476_0,959,3,`Printing user input risks cross-site scripting vulnerability. You should use `htmlentities()` when showing data to users.,ERROR,php.lang.security.injection.printed-request.printed-request
../../CrossVul/CWE-89/php/bad_476_0,960,3,`Printing user input risks cross-site scripting vulnerability. You should use `htmlentities()` when showing data to users.,ERROR,php.lang.security.injection.printed-request.printed-request
../../CrossVul/CWE-89/php/bad_476_0,973,3,`Printing user input risks cross-site scripting vulnerability. You should use `htmlentities()` when showing data to users.,ERROR,php.lang.security.injection.printed-request.printed-request
../../CrossVul/CWE-89/php/bad_476_0,974,3,`Printing user input risks cross-site scripting vulnerability. You should use `htmlentities()` when showing data to users.,ERROR,php.lang.security.injection.printed-request.printed-request
../../CrossVul/CWE-89/php/bad_476_0,987,3,`Printing user input risks cross-site scripting vulnerability. You should use `htmlentities()` when showing data to users.,ERROR,php.lang.security.injection.printed-request.printed-request
../../CrossVul/CWE-89/php/bad_476_0,988,3,`Printing user input risks cross-site scripting vulnerability. You should use `htmlentities()` when showing data to users.,ERROR,php.lang.security.injection.printed-request.printed-request
../../CrossVul/CWE-89/php/bad_476_0,1003,4,`Printing user input risks cross-site scripting vulnerability. You should use `htmlentities()` when showing data to users.,ERROR,php.lang.security.injection.printed-request.printed-request
../../CrossVul/CWE-89/php/bad_476_0,1004,4,`Printing user input risks cross-site scripting vulnerability. You should use `htmlentities()` when showing data to users.,ERROR,php.lang.security.injection.printed-request.printed-request
../../CrossVul/CWE-89/php/bad_476_0,1018,3,`Printing user input risks cross-site scripting vulnerability. You should use `htmlentities()` when showing data to users.,ERROR,php.lang.security.injection.printed-request.printed-request
../../CrossVul/CWE-89/php/bad_476_0,1019,3,`Printing user input risks cross-site scripting vulnerability. You should use `htmlentities()` when showing data to users.,ERROR,php.lang.security.injection.printed-request.printed-request
../../CrossVul/CWE-89/php/bad_5278_4,605,35,File name based on user input risks server-side request forgery.,WARNING,php.lang.security.injection.tainted-filename.tainted-filename
../../CrossVul/CWE-89/php/bad_5278_4,606,43,File name based on user input risks server-side request forgery.,WARNING,php.lang.security.injection.tainted-filename.tainted-filename
../../CrossVul/CWE-89/php/bad_5278_4,632,26,File name based on user input risks server-side request forgery.,WARNING,php.lang.security.injection.tainted-filename.tainted-filename
../../CrossVul/CWE-89/php/bad_5278_4,793,17,`Echo`ing user input risks cross-site scripting vulnerability. You should use `htmlentities()` when showing data to users.,ERROR,php.lang.security.injection.echoed-request.echoed-request
../../CrossVul/CWE-89/php/bad_5326_0,62,5,`Printing user input risks cross-site scripting vulnerability. You should use `htmlentities()` when showing data to users.,ERROR,php.lang.security.injection.printed-request.printed-request
../../CrossVul/CWE-89/php/bad_5637_0,492,11,"User data flows into this manually-constructed SQL string. User data can be safely inserted into SQL strings using prepared statements or an object-relational mapper (ORM). Manually-constructed SQL strings is a possible indicator of SQL injection, which could let an attacker steal or manipulate data from the database. Instead, use prepared statements (`$mysqli->prepare(""INSERT INTO test(id, label) VALUES (?, ?)"");`) or a safe library.",ERROR,php.lang.security.injection.tainted-sql-string.tainted-sql-string
../../CrossVul/CWE-89/php/bad_5637_0,798,4,`Printing user input risks cross-site scripting vulnerability. You should use `htmlentities()` when showing data to users.,ERROR,php.lang.security.injection.printed-request.printed-request
../../CrossVul/CWE-89/php/bad_5637_0,813,4,`Printing user input risks cross-site scripting vulnerability. You should use `htmlentities()` when showing data to users.,ERROR,php.lang.security.injection.printed-request.printed-request
../../CrossVul/CWE-89/php/bad_5637_0,964,11,"User data flows into this manually-constructed SQL string. User data can be safely inserted into SQL strings using prepared statements or an object-relational mapper (ORM). Manually-constructed SQL strings is a possible indicator of SQL injection, which could let an attacker steal or manipulate data from the database. Instead, use prepared statements (`$mysqli->prepare(""INSERT INTO test(id, label) VALUES (?, ?)"");`) or a safe library.",ERROR,php.lang.security.injection.tainted-sql-string.tainted-sql-string
../../CrossVul/CWE-89/php/bad_56_1,159,32,File name based on user input risks server-side request forgery.,WARNING,php.lang.security.injection.tainted-filename.tainted-filename
../../CrossVul/CWE-89/php/bad_56_1,272,17,File name based on user input risks server-side request forgery.,WARNING,php.lang.security.injection.tainted-filename.tainted-filename
../../CrossVul/CWE-89/php/bad_56_1,278,34,File name based on user input risks server-side request forgery.,WARNING,php.lang.security.injection.tainted-filename.tainted-filename
../../CrossVul/CWE-89/php/bad_56_15,36,24,File name based on user input risks server-side request forgery.,WARNING,php.lang.security.injection.tainted-filename.tainted-filename
../../CrossVul/CWE-89/php/bad_56_15,40,37,File name based on user input risks server-side request forgery.,WARNING,php.lang.security.injection.tainted-filename.tainted-filename
../../CrossVul/CWE-89/php/bad_56_18,36,24,File name based on user input risks server-side request forgery.,WARNING,php.lang.security.injection.tainted-filename.tainted-filename
../../CrossVul/CWE-89/php/bad_56_18,40,37,File name based on user input risks server-side request forgery.,WARNING,php.lang.security.injection.tainted-filename.tainted-filename
../../CrossVul/CWE-89/php/bad_56_16,42,24,File name based on user input risks server-side request forgery.,WARNING,php.lang.security.injection.tainted-filename.tainted-filename
../../CrossVul/CWE-89/php/bad_56_16,46,36,File name based on user input risks server-side request forgery.,WARNING,php.lang.security.injection.tainted-filename.tainted-filename
../../CrossVul/CWE-89/php/bad_56_17,36,24,File name based on user input risks server-side request forgery.,WARNING,php.lang.security.injection.tainted-filename.tainted-filename
../../CrossVul/CWE-89/php/bad_56_17,40,37,File name based on user input risks server-side request forgery.,WARNING,php.lang.security.injection.tainted-filename.tainted-filename
../../CrossVul/CWE-89/php/bad_56_8,407,12,File name based on user input risks server-side request forgery.,WARNING,php.lang.security.injection.tainted-filename.tainted-filename
../../CrossVul/CWE-89/php/bad_56_8,422,34,File name based on user input risks server-side request forgery.,WARNING,php.lang.security.injection.tainted-filename.tainted-filename
../../CrossVul/CWE-89/php/bad_56_4,54,24,File name based on user input risks server-side request forgery.,WARNING,php.lang.security.injection.tainted-filename.tainted-filename
../../CrossVul/CWE-89/php/bad_56_4,54,53,File name based on user input risks server-side request forgery.,WARNING,php.lang.security.injection.tainted-filename.tainted-filename
../../CrossVul/CWE-89/php/bad_56_4,59,17,File name based on user input risks server-side request forgery.,WARNING,php.lang.security.injection.tainted-filename.tainted-filename
../../CrossVul/CWE-89/php/bad_56_4,60,25,File name based on user input risks server-side request forgery.,WARNING,php.lang.security.injection.tainted-filename.tainted-filename
../../CrossVul/CWE-89/php/bad_56_4,94,5,`Echo`ing user input risks cross-site scripting vulnerability. You should use `htmlentities()` when showing data to users.,ERROR,php.lang.security.injection.echoed-request.echoed-request
../../CrossVul/CWE-89/php/bad_56_4,94,28,File name based on user input risks server-side request forgery.,WARNING,php.lang.security.injection.tainted-filename.tainted-filename
../../CrossVul/CWE-89/php/bad_56_4,101,30,File name based on user input risks server-side request forgery.,WARNING,php.lang.security.injection.tainted-filename.tainted-filename
../../CrossVul/CWE-89/php/bad_750_0,61,13,"User data flows into this manually-constructed SQL string. User data can be safely inserted into SQL strings using prepared statements or an object-relational mapper (ORM). Manually-constructed SQL strings is a possible indicator of SQL injection, which could let an attacker steal or manipulate data from the database. Instead, use prepared statements (`$mysqli->prepare(""INSERT INTO test(id, label) VALUES (?, ?)"");`) or a safe library.",ERROR,php.lang.security.injection.tainted-sql-string.tainted-sql-string
../../CrossVul/CWE-89/php/bad_750_0,74,7,`Echo`ing user input risks cross-site scripting vulnerability. You should use `htmlentities()` when showing data to users.,ERROR,php.lang.security.injection.echoed-request.echoed-request
../../CrossVul/CWE-89/php/bad_750_0,83,7,`Echo`ing user input risks cross-site scripting vulnerability. You should use `htmlentities()` when showing data to users.,ERROR,php.lang.security.injection.echoed-request.echoed-request
../../CrossVul/CWE-89/php/bad_692_0,63,27,"User data flows into this manually-constructed SQL string. User data can be safely inserted into SQL strings using prepared statements or an object-relational mapper (ORM). Manually-constructed SQL strings is a possible indicator of SQL injection, which could let an attacker steal or manipulate data from the database. Instead, use prepared statements (`$mysqli->prepare(""INSERT INTO test(id, label) VALUES (?, ?)"");`) or a safe library.",ERROR,php.lang.security.injection.tainted-sql-string.tainted-sql-string
../../CrossVul/CWE-89/php/bad_692_0,96,27,"User data flows into this manually-constructed SQL string. User data can be safely inserted into SQL strings using prepared statements or an object-relational mapper (ORM). Manually-constructed SQL strings is a possible indicator of SQL injection, which could let an attacker steal or manipulate data from the database. Instead, use prepared statements (`$mysqli->prepare(""INSERT INTO test(id, label) VALUES (?, ?)"");`) or a safe library.",ERROR,php.lang.security.injection.tainted-sql-string.tainted-sql-string
../../CrossVul/CWE-89/php/bad_692_0,152,22,"User data flows into this manually-constructed SQL string. User data can be safely inserted into SQL strings using prepared statements or an object-relational mapper (ORM). Manually-constructed SQL strings is a possible indicator of SQL injection, which could let an attacker steal or manipulate data from the database. Instead, use prepared statements (`$mysqli->prepare(""INSERT INTO test(id, label) VALUES (?, ?)"");`) or a safe library.",ERROR,php.lang.security.injection.tainted-sql-string.tainted-sql-string
../../CrossVul/CWE-89/php/bad_692_0,176,34,"User data flows into this manually-constructed SQL string. User data can be safely inserted into SQL strings using prepared statements or an object-relational mapper (ORM). Manually-constructed SQL strings is a possible indicator of SQL injection, which could let an attacker steal or manipulate data from the database. Instead, use prepared statements (`$mysqli->prepare(""INSERT INTO test(id, label) VALUES (?, ?)"");`) or a safe library.",ERROR,php.lang.security.injection.tainted-sql-string.tainted-sql-string
../../CrossVul/CWE-89/php/bad_692_0,197,27,"User data flows into this manually-constructed SQL string. User data can be safely inserted into SQL strings using prepared statements or an object-relational mapper (ORM). Manually-constructed SQL strings is a possible indicator of SQL injection, which could let an attacker steal or manipulate data from the database. Instead, use prepared statements (`$mysqli->prepare(""INSERT INTO test(id, label) VALUES (?, ?)"");`) or a safe library.",ERROR,php.lang.security.injection.tainted-sql-string.tainted-sql-string
../../CrossVul/CWE-89/php/bad_692_0,226,15,"User data flows into this manually-constructed SQL string. User data can be safely inserted into SQL strings using prepared statements or an object-relational mapper (ORM). Manually-constructed SQL strings is a possible indicator of SQL injection, which could let an attacker steal or manipulate data from the database. Instead, use prepared statements (`$mysqli->prepare(""INSERT INTO test(id, label) VALUES (?, ?)"");`) or a safe library.",ERROR,php.lang.security.injection.tainted-sql-string.tainted-sql-string
../../CrossVul/CWE-89/php/bad_692_0,237,18,"User data flows into this manually-constructed SQL string. User data can be safely inserted into SQL strings using prepared statements or an object-relational mapper (ORM). Manually-constructed SQL strings is a possible indicator of SQL injection, which could let an attacker steal or manipulate data from the database. Instead, use prepared statements (`$mysqli->prepare(""INSERT INTO test(id, label) VALUES (?, ?)"");`) or a safe library.",ERROR,php.lang.security.injection.tainted-sql-string.tainted-sql-string
../../CrossVul/CWE-89/php/bad_692_0,239,18,"User data flows into this manually-constructed SQL string. User data can be safely inserted into SQL strings using prepared statements or an object-relational mapper (ORM). Manually-constructed SQL strings is a possible indicator of SQL injection, which could let an attacker steal or manipulate data from the database. Instead, use prepared statements (`$mysqli->prepare(""INSERT INTO test(id, label) VALUES (?, ?)"");`) or a safe library.",ERROR,php.lang.security.injection.tainted-sql-string.tainted-sql-string
../../CrossVul/CWE-89/php/bad_692_0,1021,62,`Echo`ing user input risks cross-site scripting vulnerability. You should use `htmlentities()` when showing data to users.,ERROR,php.lang.security.injection.echoed-request.echoed-request
../../CrossVul/CWE-89/php/bad_692_0,1252,33,"User data flows into this manually-constructed SQL string. User data can be safely inserted into SQL strings using prepared statements or an object-relational mapper (ORM). Manually-constructed SQL strings is a possible indicator of SQL injection, which could let an attacker steal or manipulate data from the database. Instead, use prepared statements (`$mysqli->prepare(""INSERT INTO test(id, label) VALUES (?, ?)"");`) or a safe library.",ERROR,php.lang.security.injection.tainted-sql-string.tainted-sql-string
../../CrossVul/CWE-89/php/good_1147_0,89,2,`Echo`ing user input risks cross-site scripting vulnerability. You should use `htmlentities()` when showing data to users.,ERROR,php.lang.security.injection.echoed-request.echoed-request
../../CrossVul/CWE-89/php/good_1147_0,90,2,`Echo`ing user input risks cross-site scripting vulnerability. You should use `htmlentities()` when showing data to users.,ERROR,php.lang.security.injection.echoed-request.echoed-request
../../CrossVul/CWE-89/php/good_1147_0,91,2,`Echo`ing user input risks cross-site scripting vulnerability. You should use `htmlentities()` when showing data to users.,ERROR,php.lang.security.injection.echoed-request.echoed-request
../../CrossVul/CWE-89/php/good_1147_0,103,4,`Echo`ing user input risks cross-site scripting vulnerability. You should use `htmlentities()` when showing data to users.,ERROR,php.lang.security.injection.echoed-request.echoed-request
../../CrossVul/CWE-89/php/good_1147_0,106,5,`Echo`ing user input risks cross-site scripting vulnerability. You should use `htmlentities()` when showing data to users.,ERROR,php.lang.security.injection.echoed-request.echoed-request
../../CrossVul/CWE-89/php/good_1147_0,109,5,`Echo`ing user input risks cross-site scripting vulnerability. You should use `htmlentities()` when showing data to users.,ERROR,php.lang.security.injection.echoed-request.echoed-request
../../CrossVul/CWE-89/php/good_1147_0,112,4,`Echo`ing user input risks cross-site scripting vulnerability. You should use `htmlentities()` when showing data to users.,ERROR,php.lang.security.injection.echoed-request.echoed-request
../../CrossVul/CWE-89/php/good_1147_0,114,4,`Echo`ing user input risks cross-site scripting vulnerability. You should use `htmlentities()` when showing data to users.,ERROR,php.lang.security.injection.echoed-request.echoed-request
../../CrossVul/CWE-89/php/good_1147_0,117,5,`Echo`ing user input risks cross-site scripting vulnerability. You should use `htmlentities()` when showing data to users.,ERROR,php.lang.security.injection.echoed-request.echoed-request
../../CrossVul/CWE-89/php/good_1147_0,120,5,`Echo`ing user input risks cross-site scripting vulnerability. You should use `htmlentities()` when showing data to users.,ERROR,php.lang.security.injection.echoed-request.echoed-request
../../CrossVul/CWE-89/php/good_1147_2,112,45,File name based on user input risks server-side request forgery.,WARNING,php.lang.security.injection.tainted-filename.tainted-filename
../../CrossVul/CWE-89/php/good_1147_2,272,3,`Echo`ing user input risks cross-site scripting vulnerability. You should use `htmlentities()` when showing data to users.,ERROR,php.lang.security.injection.echoed-request.echoed-request
../../CrossVul/CWE-89/php/good_1147_2,273,3,`Echo`ing user input risks cross-site scripting vulnerability. You should use `htmlentities()` when showing data to users.,ERROR,php.lang.security.injection.echoed-request.echoed-request
../../CrossVul/CWE-89/php/good_1147_2,274,3,`Echo`ing user input risks cross-site scripting vulnerability. You should use `htmlentities()` when showing data to users.,ERROR,php.lang.security.injection.echoed-request.echoed-request
../../CrossVul/CWE-89/php/good_1147_2,285,2,`Echo`ing user input risks cross-site scripting vulnerability. You should use `htmlentities()` when showing data to users.,ERROR,php.lang.security.injection.echoed-request.echoed-request
../../CrossVul/CWE-89/php/good_1147_2,298,3,`Echo`ing user input risks cross-site scripting vulnerability. You should use `htmlentities()` when showing data to users.,ERROR,php.lang.security.injection.echoed-request.echoed-request
../../CrossVul/CWE-89/php/good_1147_2,304,45,File name based on user input risks server-side request forgery.,WARNING,php.lang.security.injection.tainted-filename.tainted-filename
../../CrossVul/CWE-89/php/good_1147_2,326,5,`Echo`ing user input risks cross-site scripting vulnerability. You should use `htmlentities()` when showing data to users.,ERROR,php.lang.security.injection.echoed-request.echoed-request
../../CrossVul/CWE-89/php/good_1147_2,342,2,`Echo`ing user input risks cross-site scripting vulnerability. You should use `htmlentities()` when showing data to users.,ERROR,php.lang.security.injection.echoed-request.echoed-request
../../CrossVul/CWE-89/php/good_1147_2,353,2,`Echo`ing user input risks cross-site scripting vulnerability. You should use `htmlentities()` when showing data to users.,ERROR,php.lang.security.injection.echoed-request.echoed-request
../../CrossVul/CWE-89/php/good_1147_2,394,2,`Echo`ing user input risks cross-site scripting vulnerability. You should use `htmlentities()` when showing data to users.,ERROR,php.lang.security.injection.echoed-request.echoed-request
../../CrossVul/CWE-89/php/good_1147_2,405,2,`Echo`ing user input risks cross-site scripting vulnerability. You should use `htmlentities()` when showing data to users.,ERROR,php.lang.security.injection.echoed-request.echoed-request
../../CrossVul/CWE-89/php/good_1147_2,443,2,`Echo`ing user input risks cross-site scripting vulnerability. You should use `htmlentities()` when showing data to users.,ERROR,php.lang.security.injection.echoed-request.echoed-request
../../CrossVul/CWE-89/php/good_1147_2,455,2,`Echo`ing user input risks cross-site scripting vulnerability. You should use `htmlentities()` when showing data to users.,ERROR,php.lang.security.injection.echoed-request.echoed-request
../../CrossVul/CWE-89/php/good_1147_2,489,2,`Echo`ing user input risks cross-site scripting vulnerability. You should use `htmlentities()` when showing data to users.,ERROR,php.lang.security.injection.echoed-request.echoed-request
../../CrossVul/CWE-89/php/good_2054_5,55,25,"User data flows into this manually-constructed SQL string. User data can be safely inserted into SQL strings using prepared statements or an object-relational mapper (ORM). Manually-constructed SQL strings is a possible indicator of SQL injection, which could let an attacker steal or manipulate data from the database. Instead, use prepared statements (`$mysqli->prepare(""INSERT INTO test(id, label) VALUES (?, ?)"");`) or a safe library.",ERROR,php.lang.security.injection.tainted-sql-string.tainted-sql-string
../../CrossVul/CWE-89/php/good_2054_5,115,26,"User data flows into this manually-constructed SQL string. User data can be safely inserted into SQL strings using prepared statements or an object-relational mapper (ORM). Manually-constructed SQL strings is a possible indicator of SQL injection, which could let an attacker steal or manipulate data from the database. Instead, use prepared statements (`$mysqli->prepare(""INSERT INTO test(id, label) VALUES (?, ?)"");`) or a safe library.",ERROR,php.lang.security.injection.tainted-sql-string.tainted-sql-string
../../CrossVul/CWE-89/php/good_2054_5,159,41,"User data flows into this manually-constructed SQL string. User data can be safely inserted into SQL strings using prepared statements or an object-relational mapper (ORM). Manually-constructed SQL strings is a possible indicator of SQL injection, which could let an attacker steal or manipulate data from the database. Instead, use prepared statements (`$mysqli->prepare(""INSERT INTO test(id, label) VALUES (?, ?)"");`) or a safe library.",ERROR,php.lang.security.injection.tainted-sql-string.tainted-sql-string
../../CrossVul/CWE-89/php/good_2054_5,164,28,"User data flows into this manually-constructed SQL string. User data can be safely inserted into SQL strings using prepared statements or an object-relational mapper (ORM). Manually-constructed SQL strings is a possible indicator of SQL injection, which could let an attacker steal or manipulate data from the database. Instead, use prepared statements (`$mysqli->prepare(""INSERT INTO test(id, label) VALUES (?, ?)"");`) or a safe library.",ERROR,php.lang.security.injection.tainted-sql-string.tainted-sql-string
../../CrossVul/CWE-89/php/good_2054_5,227,24,"User data flows into this manually-constructed SQL string. User data can be safely inserted into SQL strings using prepared statements or an object-relational mapper (ORM). Manually-constructed SQL strings is a possible indicator of SQL injection, which could let an attacker steal or manipulate data from the database. Instead, use prepared statements (`$mysqli->prepare(""INSERT INTO test(id, label) VALUES (?, ?)"");`) or a safe library.",ERROR,php.lang.security.injection.tainted-sql-string.tainted-sql-string
../../CrossVul/CWE-89/php/good_2054_5,242,46,"User data flows into this manually-constructed SQL string. User data can be safely inserted into SQL strings using prepared statements or an object-relational mapper (ORM). Manually-constructed SQL strings is a possible indicator of SQL injection, which could let an attacker steal or manipulate data from the database. Instead, use prepared statements (`$mysqli->prepare(""INSERT INTO test(id, label) VALUES (?, ?)"");`) or a safe library.",ERROR,php.lang.security.injection.tainted-sql-string.tainted-sql-string
../../CrossVul/CWE-89/php/good_2054_5,251,25,"User data flows into this manually-constructed SQL string. User data can be safely inserted into SQL strings using prepared statements or an object-relational mapper (ORM). Manually-constructed SQL strings is a possible indicator of SQL injection, which could let an attacker steal or manipulate data from the database. Instead, use prepared statements (`$mysqli->prepare(""INSERT INTO test(id, label) VALUES (?, ?)"");`) or a safe library.",ERROR,php.lang.security.injection.tainted-sql-string.tainted-sql-string
../../CrossVul/CWE-89/php/good_2054_5,257,28,"User data flows into this manually-constructed SQL string. User data can be safely inserted into SQL strings using prepared statements or an object-relational mapper (ORM). Manually-constructed SQL strings is a possible indicator of SQL injection, which could let an attacker steal or manipulate data from the database. Instead, use prepared statements (`$mysqli->prepare(""INSERT INTO test(id, label) VALUES (?, ?)"");`) or a safe library.",ERROR,php.lang.security.injection.tainted-sql-string.tainted-sql-string
../../CrossVul/CWE-89/php/good_2054_5,304,28,"User data flows into this manually-constructed SQL string. User data can be safely inserted into SQL strings using prepared statements or an object-relational mapper (ORM). Manually-constructed SQL strings is a possible indicator of SQL injection, which could let an attacker steal or manipulate data from the database. Instead, use prepared statements (`$mysqli->prepare(""INSERT INTO test(id, label) VALUES (?, ?)"");`) or a safe library.",ERROR,php.lang.security.injection.tainted-sql-string.tainted-sql-string
../../CrossVul/CWE-89/php/good_2054_5,325,2,`Echo`ing user input risks cross-site scripting vulnerability. You should use `htmlentities()` when showing data to users.,ERROR,php.lang.security.injection.echoed-request.echoed-request
../../CrossVul/CWE-89/php/good_2121_1,47,5,`Echo`ing user input risks cross-site scripting vulnerability. You should use `htmlentities()` when showing data to users.,ERROR,php.lang.security.injection.echoed-request.echoed-request
../../CrossVul/CWE-89/php/good_2121_1,86,56,`Echo`ing user input risks cross-site scripting vulnerability. You should use `htmlentities()` when showing data to users.,ERROR,php.lang.security.injection.echoed-request.echoed-request
../../CrossVul/CWE-89/php/good_2121_1,87,57,`Echo`ing user input risks cross-site scripting vulnerability. You should use `htmlentities()` when showing data to users.,ERROR,php.lang.security.injection.echoed-request.echoed-request
../../CrossVul/CWE-89/php/good_2178_8,64,17,"User data flows into this manually-constructed SQL string. User data can be safely inserted into SQL strings using prepared statements or an object-relational mapper (ORM). Manually-constructed SQL strings is a possible indicator of SQL injection, which could let an attacker steal or manipulate data from the database. Instead, use prepared statements (`$mysqli->prepare(""INSERT INTO test(id, label) VALUES (?, ?)"");`) or a safe library.",ERROR,php.lang.security.injection.tainted-sql-string.tainted-sql-string
../../CrossVul/CWE-89/php/good_2178_8,75,41,"User data flows into this manually-constructed SQL string. User data can be safely inserted into SQL strings using prepared statements or an object-relational mapper (ORM). Manually-constructed SQL strings is a possible indicator of SQL injection, which could let an attacker steal or manipulate data from the database. Instead, use prepared statements (`$mysqli->prepare(""INSERT INTO test(id, label) VALUES (?, ?)"");`) or a safe library.",ERROR,php.lang.security.injection.tainted-sql-string.tainted-sql-string
../../CrossVul/CWE-89/php/good_2178_8,110,1,`Echo`ing user input risks cross-site scripting vulnerability. You should use `htmlentities()` when showing data to users.,ERROR,php.lang.security.injection.echoed-request.echoed-request
../../CrossVul/CWE-89/php/good_2179_1,91,30,"User data flows into this manually-constructed SQL string. User data can be safely inserted into SQL strings using prepared statements or an object-relational mapper (ORM). Manually-constructed SQL strings is a possible indicator of SQL injection, which could let an attacker steal or manipulate data from the database. Instead, use prepared statements (`$mysqli->prepare(""INSERT INTO test(id, label) VALUES (?, ?)"");`) or a safe library.",ERROR,php.lang.security.injection.tainted-sql-string.tainted-sql-string
../../CrossVul/CWE-89/php/good_2179_1,218,31,"User data flows into this manually-constructed SQL string. User data can be safely inserted into SQL strings using prepared statements or an object-relational mapper (ORM). Manually-constructed SQL strings is a possible indicator of SQL injection, which could let an attacker steal or manipulate data from the database. Instead, use prepared statements (`$mysqli->prepare(""INSERT INTO test(id, label) VALUES (?, ?)"");`) or a safe library.",ERROR,php.lang.security.injection.tainted-sql-string.tainted-sql-string
../../CrossVul/CWE-89/php/good_2179_0,100,31,"User data flows into this manually-constructed SQL string. User data can be safely inserted into SQL strings using prepared statements or an object-relational mapper (ORM). Manually-constructed SQL strings is a possible indicator of SQL injection, which could let an attacker steal or manipulate data from the database. Instead, use prepared statements (`$mysqli->prepare(""INSERT INTO test(id, label) VALUES (?, ?)"");`) or a safe library.",ERROR,php.lang.security.injection.tainted-sql-string.tainted-sql-string
../../CrossVul/CWE-89/php/good_2179_0,277,9,Executing non-constant commands. This can lead to command injection. You should use `escapeshellarg()` when using command.,ERROR,php.lang.security.tainted-exec.tainted-exec
../../CrossVul/CWE-89/php/good_2179_0,284,4,`Printing user input risks cross-site scripting vulnerability. You should use `htmlentities()` when showing data to users.,ERROR,php.lang.security.injection.printed-request.printed-request
../../CrossVul/CWE-89/php/good_2179_10,51,18,"User data flows into this manually-constructed SQL string. User data can be safely inserted into SQL strings using prepared statements or an object-relational mapper (ORM). Manually-constructed SQL strings is a possible indicator of SQL injection, which could let an attacker steal or manipulate data from the database. Instead, use prepared statements (`$mysqli->prepare(""INSERT INTO test(id, label) VALUES (?, ?)"");`) or a safe library.",ERROR,php.lang.security.injection.tainted-sql-string.tainted-sql-string
../../CrossVul/CWE-89/php/good_2179_11,58,30,"User data flows into this manually-constructed SQL string. User data can be safely inserted into SQL strings using prepared statements or an object-relational mapper (ORM). Manually-constructed SQL strings is a possible indicator of SQL injection, which could let an attacker steal or manipulate data from the database. Instead, use prepared statements (`$mysqli->prepare(""INSERT INTO test(id, label) VALUES (?, ?)"");`) or a safe library.",ERROR,php.lang.security.injection.tainted-sql-string.tainted-sql-string
../../CrossVul/CWE-89/php/good_2179_12,49,18,"User data flows into this manually-constructed SQL string. User data can be safely inserted into SQL strings using prepared statements or an object-relational mapper (ORM). Manually-constructed SQL strings is a possible indicator of SQL injection, which could let an attacker steal or manipulate data from the database. Instead, use prepared statements (`$mysqli->prepare(""INSERT INTO test(id, label) VALUES (?, ?)"");`) or a safe library.",ERROR,php.lang.security.injection.tainted-sql-string.tainted-sql-string
../../CrossVul/CWE-89/php/good_2179_14,93,29,"User data flows into this manually-constructed SQL string. User data can be safely inserted into SQL strings using prepared statements or an object-relational mapper (ORM). Manually-constructed SQL strings is a possible indicator of SQL injection, which could let an attacker steal or manipulate data from the database. Instead, use prepared statements (`$mysqli->prepare(""INSERT INTO test(id, label) VALUES (?, ?)"");`) or a safe library.",ERROR,php.lang.security.injection.tainted-sql-string.tainted-sql-string
../../CrossVul/CWE-89/php/good_2179_14,102,28,"User data flows into this manually-constructed SQL string. User data can be safely inserted into SQL strings using prepared statements or an object-relational mapper (ORM). Manually-constructed SQL strings is a possible indicator of SQL injection, which could let an attacker steal or manipulate data from the database. Instead, use prepared statements (`$mysqli->prepare(""INSERT INTO test(id, label) VALUES (?, ?)"");`) or a safe library.",ERROR,php.lang.security.injection.tainted-sql-string.tainted-sql-string
../../CrossVul/CWE-89/php/good_2179_13,100,30,"User data flows into this manually-constructed SQL string. User data can be safely inserted into SQL strings using prepared statements or an object-relational mapper (ORM). Manually-constructed SQL strings is a possible indicator of SQL injection, which could let an attacker steal or manipulate data from the database. Instead, use prepared statements (`$mysqli->prepare(""INSERT INTO test(id, label) VALUES (?, ?)"");`) or a safe library.",ERROR,php.lang.security.injection.tainted-sql-string.tainted-sql-string
../../CrossVul/CWE-89/php/good_2179_13,307,32,"User data flows into this manually-constructed SQL string. User data can be safely inserted into SQL strings using prepared statements or an object-relational mapper (ORM). Manually-constructed SQL strings is a possible indicator of SQL injection, which could let an attacker steal or manipulate data from the database. Instead, use prepared statements (`$mysqli->prepare(""INSERT INTO test(id, label) VALUES (?, ?)"");`) or a safe library.",ERROR,php.lang.security.injection.tainted-sql-string.tainted-sql-string
../../CrossVul/CWE-89/php/good_2179_13,335,32,"User data flows into this manually-constructed SQL string. User data can be safely inserted into SQL strings using prepared statements or an object-relational mapper (ORM). Manually-constructed SQL strings is a possible indicator of SQL injection, which could let an attacker steal or manipulate data from the database. Instead, use prepared statements (`$mysqli->prepare(""INSERT INTO test(id, label) VALUES (?, ?)"");`) or a safe library.",ERROR,php.lang.security.injection.tainted-sql-string.tainted-sql-string
../../CrossVul/CWE-89/php/good_2179_13,361,11,"User data flows into this manually-constructed SQL string. User data can be safely inserted into SQL strings using prepared statements or an object-relational mapper (ORM). Manually-constructed SQL strings is a possible indicator of SQL injection, which could let an attacker steal or manipulate data from the database. Instead, use prepared statements (`$mysqli->prepare(""INSERT INTO test(id, label) VALUES (?, ?)"");`) or a safe library.",ERROR,php.lang.security.injection.tainted-sql-string.tainted-sql-string
../../CrossVul/CWE-89/php/good_2179_13,373,11,"User data flows into this manually-constructed SQL string. User data can be safely inserted into SQL strings using prepared statements or an object-relational mapper (ORM). Manually-constructed SQL strings is a possible indicator of SQL injection, which could let an attacker steal or manipulate data from the database. Instead, use prepared statements (`$mysqli->prepare(""INSERT INTO test(id, label) VALUES (?, ?)"");`) or a safe library.",ERROR,php.lang.security.injection.tainted-sql-string.tainted-sql-string
../../CrossVul/CWE-89/php/good_2179_13,409,13,"User data flows into this manually-constructed SQL string. User data can be safely inserted into SQL strings using prepared statements or an object-relational mapper (ORM). Manually-constructed SQL strings is a possible indicator of SQL injection, which could let an attacker steal or manipulate data from the database. Instead, use prepared statements (`$mysqli->prepare(""INSERT INTO test(id, label) VALUES (?, ?)"");`) or a safe library.",ERROR,php.lang.security.injection.tainted-sql-string.tainted-sql-string
../../CrossVul/CWE-89/php/good_2179_2,54,31,"User data flows into this manually-constructed SQL string. User data can be safely inserted into SQL strings using prepared statements or an object-relational mapper (ORM). Manually-constructed SQL strings is a possible indicator of SQL injection, which could let an attacker steal or manipulate data from the database. Instead, use prepared statements (`$mysqli->prepare(""INSERT INTO test(id, label) VALUES (?, ?)"");`) or a safe library.",ERROR,php.lang.security.injection.tainted-sql-string.tainted-sql-string
../../CrossVul/CWE-89/php/good_2179_2,57,23,File name based on user input risks server-side request forgery.,WARNING,php.lang.security.injection.tainted-filename.tainted-filename
../../CrossVul/CWE-89/php/good_2179_2,60,16,File name based on user input risks server-side request forgery.,WARNING,php.lang.security.injection.tainted-filename.tainted-filename
../../CrossVul/CWE-89/php/good_2179_2,61,20,File name based on user input risks server-side request forgery.,WARNING,php.lang.security.injection.tainted-filename.tainted-filename
../../CrossVul/CWE-89/php/good_2179_2,67,8,`Printing user input risks cross-site scripting vulnerability. You should use `htmlentities()` when showing data to users.,ERROR,php.lang.security.injection.printed-request.printed-request
../../CrossVul/CWE-89/php/good_2179_15,74,31,"User data flows into this manually-constructed SQL string. User data can be safely inserted into SQL strings using prepared statements or an object-relational mapper (ORM). Manually-constructed SQL strings is a possible indicator of SQL injection, which could let an attacker steal or manipulate data from the database. Instead, use prepared statements (`$mysqli->prepare(""INSERT INTO test(id, label) VALUES (?, ?)"");`) or a safe library.",ERROR,php.lang.security.injection.tainted-sql-string.tainted-sql-string
../../CrossVul/CWE-89/php/good_2179_15,114,32,"User data flows into this manually-constructed SQL string. User data can be safely inserted into SQL strings using prepared statements or an object-relational mapper (ORM). Manually-constructed SQL strings is a possible indicator of SQL injection, which could let an attacker steal or manipulate data from the database. Instead, use prepared statements (`$mysqli->prepare(""INSERT INTO test(id, label) VALUES (?, ?)"");`) or a safe library.",ERROR,php.lang.security.injection.tainted-sql-string.tainted-sql-string
../../CrossVul/CWE-89/php/good_2179_15,117,32,"User data flows into this manually-constructed SQL string. User data can be safely inserted into SQL strings using prepared statements or an object-relational mapper (ORM). Manually-constructed SQL strings is a possible indicator of SQL injection, which could let an attacker steal or manipulate data from the database. Instead, use prepared statements (`$mysqli->prepare(""INSERT INTO test(id, label) VALUES (?, ?)"");`) or a safe library.",ERROR,php.lang.security.injection.tainted-sql-string.tainted-sql-string
../../CrossVul/CWE-89/php/good_2179_15,149,30,"User data flows into this manually-constructed SQL string. User data can be safely inserted into SQL strings using prepared statements or an object-relational mapper (ORM). Manually-constructed SQL strings is a possible indicator of SQL injection, which could let an attacker steal or manipulate data from the database. Instead, use prepared statements (`$mysqli->prepare(""INSERT INTO test(id, label) VALUES (?, ?)"");`) or a safe library.",ERROR,php.lang.security.injection.tainted-sql-string.tainted-sql-string
../../CrossVul/CWE-89/php/good_2179_15,273,9,Executing non-constant commands. This can lead to command injection. You should use `escapeshellarg()` when using command.,ERROR,php.lang.security.tainted-exec.tainted-exec
../../CrossVul/CWE-89/php/good_2179_15,280,4,`Printing user input risks cross-site scripting vulnerability. You should use `htmlentities()` when showing data to users.,ERROR,php.lang.security.injection.printed-request.printed-request
../../CrossVul/CWE-89/php/good_2179_3,91,31,"User data flows into this manually-constructed SQL string. User data can be safely inserted into SQL strings using prepared statements or an object-relational mapper (ORM). Manually-constructed SQL strings is a possible indicator of SQL injection, which could let an attacker steal or manipulate data from the database. Instead, use prepared statements (`$mysqli->prepare(""INSERT INTO test(id, label) VALUES (?, ?)"");`) or a safe library.",ERROR,php.lang.security.injection.tainted-sql-string.tainted-sql-string
../../CrossVul/CWE-89/php/good_2179_3,98,30,"User data flows into this manually-constructed SQL string. User data can be safely inserted into SQL strings using prepared statements or an object-relational mapper (ORM). Manually-constructed SQL strings is a possible indicator of SQL injection, which could let an attacker steal or manipulate data from the database. Instead, use prepared statements (`$mysqli->prepare(""INSERT INTO test(id, label) VALUES (?, ?)"");`) or a safe library.",ERROR,php.lang.security.injection.tainted-sql-string.tainted-sql-string
../../CrossVul/CWE-89/php/good_2179_3,105,31,"User data flows into this manually-constructed SQL string. User data can be safely inserted into SQL strings using prepared statements or an object-relational mapper (ORM). Manually-constructed SQL strings is a possible indicator of SQL injection, which could let an attacker steal or manipulate data from the database. Instead, use prepared statements (`$mysqli->prepare(""INSERT INTO test(id, label) VALUES (?, ?)"");`) or a safe library.",ERROR,php.lang.security.injection.tainted-sql-string.tainted-sql-string
../../CrossVul/CWE-89/php/good_2179_4,155,30,"User data flows into this manually-constructed SQL string. User data can be safely inserted into SQL strings using prepared statements or an object-relational mapper (ORM). Manually-constructed SQL strings is a possible indicator of SQL injection, which could let an attacker steal or manipulate data from the database. Instead, use prepared statements (`$mysqli->prepare(""INSERT INTO test(id, label) VALUES (?, ?)"");`) or a safe library.",ERROR,php.lang.security.injection.tainted-sql-string.tainted-sql-string
../../CrossVul/CWE-89/php/good_2179_7,65,36,"User data flows into this manually-constructed SQL string. User data can be safely inserted into SQL strings using prepared statements or an object-relational mapper (ORM). Manually-constructed SQL strings is a possible indicator of SQL injection, which could let an attacker steal or manipulate data from the database. Instead, use prepared statements (`$mysqli->prepare(""INSERT INTO test(id, label) VALUES (?, ?)"");`) or a safe library.",ERROR,php.lang.security.injection.tainted-sql-string.tainted-sql-string
../../CrossVul/CWE-89/php/good_2179_5,136,44,"User data flows into this manually-constructed SQL string. User data can be safely inserted into SQL strings using prepared statements or an object-relational mapper (ORM). Manually-constructed SQL strings is a possible indicator of SQL injection, which could let an attacker steal or manipulate data from the database. Instead, use prepared statements (`$mysqli->prepare(""INSERT INTO test(id, label) VALUES (?, ?)"");`) or a safe library.",ERROR,php.lang.security.injection.tainted-sql-string.tainted-sql-string
../../CrossVul/CWE-89/php/good_2179_5,141,44,"User data flows into this manually-constructed SQL string. User data can be safely inserted into SQL strings using prepared statements or an object-relational mapper (ORM). Manually-constructed SQL strings is a possible indicator of SQL injection, which could let an attacker steal or manipulate data from the database. Instead, use prepared statements (`$mysqli->prepare(""INSERT INTO test(id, label) VALUES (?, ?)"");`) or a safe library.",ERROR,php.lang.security.injection.tainted-sql-string.tainted-sql-string
../../CrossVul/CWE-89/php/good_2179_5,151,30,"User data flows into this manually-constructed SQL string. User data can be safely inserted into SQL strings using prepared statements or an object-relational mapper (ORM). Manually-constructed SQL strings is a possible indicator of SQL injection, which could let an attacker steal or manipulate data from the database. Instead, use prepared statements (`$mysqli->prepare(""INSERT INTO test(id, label) VALUES (?, ?)"");`) or a safe library.",ERROR,php.lang.security.injection.tainted-sql-string.tainted-sql-string
../../CrossVul/CWE-89/php/good_2179_5,167,31,"User data flows into this manually-constructed SQL string. User data can be safely inserted into SQL strings using prepared statements or an object-relational mapper (ORM). Manually-constructed SQL strings is a possible indicator of SQL injection, which could let an attacker steal or manipulate data from the database. Instead, use prepared statements (`$mysqli->prepare(""INSERT INTO test(id, label) VALUES (?, ?)"");`) or a safe library.",ERROR,php.lang.security.injection.tainted-sql-string.tainted-sql-string
../../CrossVul/CWE-89/php/good_2179_5,181,11,"User data flows into this manually-constructed SQL string. User data can be safely inserted into SQL strings using prepared statements or an object-relational mapper (ORM). Manually-constructed SQL strings is a possible indicator of SQL injection, which could let an attacker steal or manipulate data from the database. Instead, use prepared statements (`$mysqli->prepare(""INSERT INTO test(id, label) VALUES (?, ?)"");`) or a safe library.",ERROR,php.lang.security.injection.tainted-sql-string.tainted-sql-string
../../CrossVul/CWE-89/php/good_2179_6,189,32,"User data flows into this manually-constructed SQL string. User data can be safely inserted into SQL strings using prepared statements or an object-relational mapper (ORM). Manually-constructed SQL strings is a possible indicator of SQL injection, which could let an attacker steal or manipulate data from the database. Instead, use prepared statements (`$mysqli->prepare(""INSERT INTO test(id, label) VALUES (?, ?)"");`) or a safe library.",ERROR,php.lang.security.injection.tainted-sql-string.tainted-sql-string
../../CrossVul/CWE-89/php/good_2179_9,174,30,"User data flows into this manually-constructed SQL string. User data can be safely inserted into SQL strings using prepared statements or an object-relational mapper (ORM). Manually-constructed SQL strings is a possible indicator of SQL injection, which could let an attacker steal or manipulate data from the database. Instead, use prepared statements (`$mysqli->prepare(""INSERT INTO test(id, label) VALUES (?, ?)"");`) or a safe library.",ERROR,php.lang.security.injection.tainted-sql-string.tainted-sql-string
../../CrossVul/CWE-89/php/good_2179_9,341,32,"User data flows into this manually-constructed SQL string. User data can be safely inserted into SQL strings using prepared statements or an object-relational mapper (ORM). Manually-constructed SQL strings is a possible indicator of SQL injection, which could let an attacker steal or manipulate data from the database. Instead, use prepared statements (`$mysqli->prepare(""INSERT INTO test(id, label) VALUES (?, ?)"");`) or a safe library.",ERROR,php.lang.security.injection.tainted-sql-string.tainted-sql-string
../../CrossVul/CWE-89/php/good_2179_9,381,6,"User data flows into this manually-constructed SQL string. User data can be safely inserted into SQL strings using prepared statements or an object-relational mapper (ORM). Manually-constructed SQL strings is a possible indicator of SQL injection, which could let an attacker steal or manipulate data from the database. Instead, use prepared statements (`$mysqli->prepare(""INSERT INTO test(id, label) VALUES (?, ?)"");`) or a safe library.",ERROR,php.lang.security.injection.tainted-sql-string.tainted-sql-string
../../CrossVul/CWE-89/php/good_2179_9,389,6,"User data flows into this manually-constructed SQL string. User data can be safely inserted into SQL strings using prepared statements or an object-relational mapper (ORM). Manually-constructed SQL strings is a possible indicator of SQL injection, which could let an attacker steal or manipulate data from the database. Instead, use prepared statements (`$mysqli->prepare(""INSERT INTO test(id, label) VALUES (?, ?)"");`) or a safe library.",ERROR,php.lang.security.injection.tainted-sql-string.tainted-sql-string
../../CrossVul/CWE-89/php/good_2179_9,415,32,"User data flows into this manually-constructed SQL string. User data can be safely inserted into SQL strings using prepared statements or an object-relational mapper (ORM). Manually-constructed SQL strings is a possible indicator of SQL injection, which could let an attacker steal or manipulate data from the database. Instead, use prepared statements (`$mysqli->prepare(""INSERT INTO test(id, label) VALUES (?, ?)"");`) or a safe library.",ERROR,php.lang.security.injection.tainted-sql-string.tainted-sql-string
../../CrossVul/CWE-89/php/good_2179_9,455,32,"User data flows into this manually-constructed SQL string. User data can be safely inserted into SQL strings using prepared statements or an object-relational mapper (ORM). Manually-constructed SQL strings is a possible indicator of SQL injection, which could let an attacker steal or manipulate data from the database. Instead, use prepared statements (`$mysqli->prepare(""INSERT INTO test(id, label) VALUES (?, ?)"");`) or a safe library.",ERROR,php.lang.security.injection.tainted-sql-string.tainted-sql-string
../../CrossVul/CWE-89/php/good_2179_9,457,32,"User data flows into this manually-constructed SQL string. User data can be safely inserted into SQL strings using prepared statements or an object-relational mapper (ORM). Manually-constructed SQL strings is a possible indicator of SQL injection, which could let an attacker steal or manipulate data from the database. Instead, use prepared statements (`$mysqli->prepare(""INSERT INTO test(id, label) VALUES (?, ?)"");`) or a safe library.",ERROR,php.lang.security.injection.tainted-sql-string.tainted-sql-string
../../CrossVul/CWE-89/php/good_2179_9,637,31,"User data flows into this manually-constructed SQL string. User data can be safely inserted into SQL strings using prepared statements or an object-relational mapper (ORM). Manually-constructed SQL strings is a possible indicator of SQL injection, which could let an attacker steal or manipulate data from the database. Instead, use prepared statements (`$mysqli->prepare(""INSERT INTO test(id, label) VALUES (?, ?)"");`) or a safe library.",ERROR,php.lang.security.injection.tainted-sql-string.tainted-sql-string
../../CrossVul/CWE-89/php/good_2179_9,639,31,"User data flows into this manually-constructed SQL string. User data can be safely inserted into SQL strings using prepared statements or an object-relational mapper (ORM). Manually-constructed SQL strings is a possible indicator of SQL injection, which could let an attacker steal or manipulate data from the database. Instead, use prepared statements (`$mysqli->prepare(""INSERT INTO test(id, label) VALUES (?, ?)"");`) or a safe library.",ERROR,php.lang.security.injection.tainted-sql-string.tainted-sql-string
../../CrossVul/CWE-89/php/good_2179_9,668,15,"User data flows into this manually-constructed SQL string. User data can be safely inserted into SQL strings using prepared statements or an object-relational mapper (ORM). Manually-constructed SQL strings is a possible indicator of SQL injection, which could let an attacker steal or manipulate data from the database. Instead, use prepared statements (`$mysqli->prepare(""INSERT INTO test(id, label) VALUES (?, ?)"");`) or a safe library.",ERROR,php.lang.security.injection.tainted-sql-string.tainted-sql-string
../../CrossVul/CWE-89/php/good_2179_9,730,31,"User data flows into this manually-constructed SQL string. User data can be safely inserted into SQL strings using prepared statements or an object-relational mapper (ORM). Manually-constructed SQL strings is a possible indicator of SQL injection, which could let an attacker steal or manipulate data from the database. Instead, use prepared statements (`$mysqli->prepare(""INSERT INTO test(id, label) VALUES (?, ?)"");`) or a safe library.",ERROR,php.lang.security.injection.tainted-sql-string.tainted-sql-string
../../CrossVul/CWE-89/php/good_2179_9,796,31,"User data flows into this manually-constructed SQL string. User data can be safely inserted into SQL strings using prepared statements or an object-relational mapper (ORM). Manually-constructed SQL strings is a possible indicator of SQL injection, which could let an attacker steal or manipulate data from the database. Instead, use prepared statements (`$mysqli->prepare(""INSERT INTO test(id, label) VALUES (?, ?)"");`) or a safe library.",ERROR,php.lang.security.injection.tainted-sql-string.tainted-sql-string
../../CrossVul/CWE-89/php/good_2179_9,798,31,"User data flows into this manually-constructed SQL string. User data can be safely inserted into SQL strings using prepared statements or an object-relational mapper (ORM). Manually-constructed SQL strings is a possible indicator of SQL injection, which could let an attacker steal or manipulate data from the database. Instead, use prepared statements (`$mysqli->prepare(""INSERT INTO test(id, label) VALUES (?, ?)"");`) or a safe library.",ERROR,php.lang.security.injection.tainted-sql-string.tainted-sql-string
../../CrossVul/CWE-89/php/good_224_3,95,16,`Printing user input risks cross-site scripting vulnerability. You should use `htmlentities()` when showing data to users.,ERROR,php.lang.security.injection.printed-request.printed-request
../../CrossVul/CWE-89/php/good_2318_0,40,8,"User data flows into this manually-constructed SQL string. User data can be safely inserted into SQL strings using prepared statements or an object-relational mapper (ORM). Manually-constructed SQL strings is a possible indicator of SQL injection, which could let an attacker steal or manipulate data from the database. Instead, use prepared statements (`$mysqli->prepare(""INSERT INTO test(id, label) VALUES (?, ?)"");`) or a safe library.",ERROR,php.lang.security.injection.tainted-sql-string.tainted-sql-string
../../CrossVul/CWE-89/php/good_2318_0,47,3,`Echo`ing user input risks cross-site scripting vulnerability. You should use `htmlentities()` when showing data to users.,ERROR,php.lang.security.injection.echoed-request.echoed-request
../../CrossVul/CWE-89/php/good_2318_0,48,3,`Echo`ing user input risks cross-site scripting vulnerability. You should use `htmlentities()` when showing data to users.,ERROR,php.lang.security.injection.echoed-request.echoed-request
../../CrossVul/CWE-89/php/good_2318_0,49,3,`Echo`ing user input risks cross-site scripting vulnerability. You should use `htmlentities()` when showing data to users.,ERROR,php.lang.security.injection.echoed-request.echoed-request
../../CrossVul/CWE-89/php/good_2318_0,53,8,"User data flows into this manually-constructed SQL string. User data can be safely inserted into SQL strings using prepared statements or an object-relational mapper (ORM). Manually-constructed SQL strings is a possible indicator of SQL injection, which could let an attacker steal or manipulate data from the database. Instead, use prepared statements (`$mysqli->prepare(""INSERT INTO test(id, label) VALUES (?, ?)"");`) or a safe library.",ERROR,php.lang.security.injection.tainted-sql-string.tainted-sql-string
../../CrossVul/CWE-89/php/good_2318_0,60,3,`Echo`ing user input risks cross-site scripting vulnerability. You should use `htmlentities()` when showing data to users.,ERROR,php.lang.security.injection.echoed-request.echoed-request
../../CrossVul/CWE-89/php/good_2318_0,61,3,`Echo`ing user input risks cross-site scripting vulnerability. You should use `htmlentities()` when showing data to users.,ERROR,php.lang.security.injection.echoed-request.echoed-request
../../CrossVul/CWE-89/php/good_2318_0,62,3,`Echo`ing user input risks cross-site scripting vulnerability. You should use `htmlentities()` when showing data to users.,ERROR,php.lang.security.injection.echoed-request.echoed-request
../../CrossVul/CWE-89/php/good_2318_1,257,1,`Printing user input risks cross-site scripting vulnerability. You should use `htmlentities()` when showing data to users.,ERROR,php.lang.security.injection.printed-request.printed-request
../../CrossVul/CWE-89/php/good_2349_0,34,6,"User data flows into this manually-constructed SQL string. User data can be safely inserted into SQL strings using prepared statements or an object-relational mapper (ORM). Manually-constructed SQL strings is a possible indicator of SQL injection, which could let an attacker steal or manipulate data from the database. Instead, use prepared statements (`$mysqli->prepare(""INSERT INTO test(id, label) VALUES (?, ?)"");`) or a safe library.",ERROR,php.lang.security.injection.tainted-sql-string.tainted-sql-string
../../CrossVul/CWE-89/php/good_2349_0,77,17,"User data flows into this manually-constructed SQL string. User data can be safely inserted into SQL strings using prepared statements or an object-relational mapper (ORM). Manually-constructed SQL strings is a possible indicator of SQL injection, which could let an attacker steal or manipulate data from the database. Instead, use prepared statements (`$mysqli->prepare(""INSERT INTO test(id, label) VALUES (?, ?)"");`) or a safe library.",ERROR,php.lang.security.injection.tainted-sql-string.tainted-sql-string
../../CrossVul/CWE-89/php/good_2349_0,78,17,"User data flows into this manually-constructed SQL string. User data can be safely inserted into SQL strings using prepared statements or an object-relational mapper (ORM). Manually-constructed SQL strings is a possible indicator of SQL injection, which could let an attacker steal or manipulate data from the database. Instead, use prepared statements (`$mysqli->prepare(""INSERT INTO test(id, label) VALUES (?, ?)"");`) or a safe library.",ERROR,php.lang.security.injection.tainted-sql-string.tainted-sql-string
../../CrossVul/CWE-89/php/good_2350_0,32,6,"User data flows into this manually-constructed SQL string. User data can be safely inserted into SQL strings using prepared statements or an object-relational mapper (ORM). Manually-constructed SQL strings is a possible indicator of SQL injection, which could let an attacker steal or manipulate data from the database. Instead, use prepared statements (`$mysqli->prepare(""INSERT INTO test(id, label) VALUES (?, ?)"");`) or a safe library.",ERROR,php.lang.security.injection.tainted-sql-string.tainted-sql-string
../../CrossVul/CWE-89/php/good_2350_0,75,17,"User data flows into this manually-constructed SQL string. User data can be safely inserted into SQL strings using prepared statements or an object-relational mapper (ORM). Manually-constructed SQL strings is a possible indicator of SQL injection, which could let an attacker steal or manipulate data from the database. Instead, use prepared statements (`$mysqli->prepare(""INSERT INTO test(id, label) VALUES (?, ?)"");`) or a safe library.",ERROR,php.lang.security.injection.tainted-sql-string.tainted-sql-string
../../CrossVul/CWE-89/php/good_2350_0,76,17,"User data flows into this manually-constructed SQL string. User data can be safely inserted into SQL strings using prepared statements or an object-relational mapper (ORM). Manually-constructed SQL strings is a possible indicator of SQL injection, which could let an attacker steal or manipulate data from the database. Instead, use prepared statements (`$mysqli->prepare(""INSERT INTO test(id, label) VALUES (?, ?)"");`) or a safe library.",ERROR,php.lang.security.injection.tainted-sql-string.tainted-sql-string
../../CrossVul/CWE-89/php/good_2790_1,393,5,`Printing user input risks cross-site scripting vulnerability. You should use `htmlentities()` when showing data to users.,ERROR,php.lang.security.injection.printed-request.printed-request
../../CrossVul/CWE-89/php/good_2790_0,202,18,File name based on user input risks server-side request forgery.,WARNING,php.lang.security.injection.tainted-filename.tainted-filename
../../CrossVul/CWE-89/php/good_2791_1,322,2,`Printing user input risks cross-site scripting vulnerability. You should use `htmlentities()` when showing data to users.,ERROR,php.lang.security.injection.printed-request.printed-request
../../CrossVul/CWE-89/php/good_2791_1,333,2,`Printing user input risks cross-site scripting vulnerability. You should use `htmlentities()` when showing data to users.,ERROR,php.lang.security.injection.printed-request.printed-request
../../CrossVul/CWE-89/php/good_2791_1,335,5,`Printing user input risks cross-site scripting vulnerability. You should use `htmlentities()` when showing data to users.,ERROR,php.lang.security.injection.printed-request.printed-request
../../CrossVul/CWE-89/php/good_2791_1,340,5,`Printing user input risks cross-site scripting vulnerability. You should use `htmlentities()` when showing data to users.,ERROR,php.lang.security.injection.printed-request.printed-request
../../CrossVul/CWE-89/php/good_2791_1,379,3,`Printing user input risks cross-site scripting vulnerability. You should use `htmlentities()` when showing data to users.,ERROR,php.lang.security.injection.printed-request.printed-request
../../CrossVul/CWE-89/php/good_2791_1,420,2,`Printing user input risks cross-site scripting vulnerability. You should use `htmlentities()` when showing data to users.,ERROR,php.lang.security.injection.printed-request.printed-request
../../CrossVul/CWE-89/php/good_2791_1,421,2,`Printing user input risks cross-site scripting vulnerability. You should use `htmlentities()` when showing data to users.,ERROR,php.lang.security.injection.printed-request.printed-request
../../CrossVul/CWE-89/php/good_2791_1,430,2,`Printing user input risks cross-site scripting vulnerability. You should use `htmlentities()` when showing data to users.,ERROR,php.lang.security.injection.printed-request.printed-request
../../CrossVul/CWE-89/php/good_2791_1,442,3,`Printing user input risks cross-site scripting vulnerability. You should use `htmlentities()` when showing data to users.,ERROR,php.lang.security.injection.printed-request.printed-request
../../CrossVul/CWE-89/php/good_2791_1,447,3,`Printing user input risks cross-site scripting vulnerability. You should use `htmlentities()` when showing data to users.,ERROR,php.lang.security.injection.printed-request.printed-request
../../CrossVul/CWE-89/php/good_2791_1,457,2,`Printing user input risks cross-site scripting vulnerability. You should use `htmlentities()` when showing data to users.,ERROR,php.lang.security.injection.printed-request.printed-request
../../CrossVul/CWE-89/php/good_2791_1,458,2,`Printing user input risks cross-site scripting vulnerability. You should use `htmlentities()` when showing data to users.,ERROR,php.lang.security.injection.printed-request.printed-request
../../CrossVul/CWE-89/php/good_2791_1,459,2,`Printing user input risks cross-site scripting vulnerability. You should use `htmlentities()` when showing data to users.,ERROR,php.lang.security.injection.printed-request.printed-request
../../CrossVul/CWE-89/php/good_2791_1,461,2,`Printing user input risks cross-site scripting vulnerability. You should use `htmlentities()` when showing data to users.,ERROR,php.lang.security.injection.printed-request.printed-request
../../CrossVul/CWE-89/php/good_2791_1,465,2,`Printing user input risks cross-site scripting vulnerability. You should use `htmlentities()` when showing data to users.,ERROR,php.lang.security.injection.printed-request.printed-request
../../CrossVul/CWE-89/php/good_2791_1,467,2,`Printing user input risks cross-site scripting vulnerability. You should use `htmlentities()` when showing data to users.,ERROR,php.lang.security.injection.printed-request.printed-request
../../CrossVul/CWE-89/php/good_2791_1,472,2,`Printing user input risks cross-site scripting vulnerability. You should use `htmlentities()` when showing data to users.,ERROR,php.lang.security.injection.printed-request.printed-request
../../CrossVul/CWE-89/php/good_2791_1,476,2,`Printing user input risks cross-site scripting vulnerability. You should use `htmlentities()` when showing data to users.,ERROR,php.lang.security.injection.printed-request.printed-request
../../CrossVul/CWE-89/php/good_2791_1,486,2,`Printing user input risks cross-site scripting vulnerability. You should use `htmlentities()` when showing data to users.,ERROR,php.lang.security.injection.printed-request.printed-request
../../CrossVul/CWE-89/php/good_2791_1,505,8,`Printing user input risks cross-site scripting vulnerability. You should use `htmlentities()` when showing data to users.,ERROR,php.lang.security.injection.printed-request.printed-request
../../CrossVul/CWE-89/php/good_2791_1,530,9,`Printing user input risks cross-site scripting vulnerability. You should use `htmlentities()` when showing data to users.,ERROR,php.lang.security.injection.printed-request.printed-request
../../CrossVul/CWE-89/php/good_2791_1,599,2,`Printing user input risks cross-site scripting vulnerability. You should use `htmlentities()` when showing data to users.,ERROR,php.lang.security.injection.printed-request.printed-request
../../CrossVul/CWE-89/php/good_2791_1,603,2,`Printing user input risks cross-site scripting vulnerability. You should use `htmlentities()` when showing data to users.,ERROR,php.lang.security.injection.printed-request.printed-request
../../CrossVul/CWE-89/php/good_2791_1,607,2,`Printing user input risks cross-site scripting vulnerability. You should use `htmlentities()` when showing data to users.,ERROR,php.lang.security.injection.printed-request.printed-request
../../CrossVul/CWE-89/php/good_2791_1,610,2,`Printing user input risks cross-site scripting vulnerability. You should use `htmlentities()` when showing data to users.,ERROR,php.lang.security.injection.printed-request.printed-request
../../CrossVul/CWE-89/php/good_2791_1,611,2,`Printing user input risks cross-site scripting vulnerability. You should use `htmlentities()` when showing data to users.,ERROR,php.lang.security.injection.printed-request.printed-request
../../CrossVul/CWE-89/php/good_2791_1,612,2,`Printing user input risks cross-site scripting vulnerability. You should use `htmlentities()` when showing data to users.,ERROR,php.lang.security.injection.printed-request.printed-request
../../CrossVul/CWE-89/php/good_2791_1,675,4,`Printing user input risks cross-site scripting vulnerability. You should use `htmlentities()` when showing data to users.,ERROR,php.lang.security.injection.printed-request.printed-request
../../CrossVul/CWE-89/php/good_2791_1,680,4,`Printing user input risks cross-site scripting vulnerability. You should use `htmlentities()` when showing data to users.,ERROR,php.lang.security.injection.printed-request.printed-request
../../CrossVul/CWE-89/php/good_2791_1,704,2,`Printing user input risks cross-site scripting vulnerability. You should use `htmlentities()` when showing data to users.,ERROR,php.lang.security.injection.printed-request.printed-request
../../CrossVul/CWE-89/php/good_2791_1,708,3,`Printing user input risks cross-site scripting vulnerability. You should use `htmlentities()` when showing data to users.,ERROR,php.lang.security.injection.printed-request.printed-request
../../CrossVul/CWE-89/php/good_2791_1,713,9,`Printing user input risks cross-site scripting vulnerability. You should use `htmlentities()` when showing data to users.,ERROR,php.lang.security.injection.printed-request.printed-request
../../CrossVul/CWE-89/php/good_2791_1,725,4,`Printing user input risks cross-site scripting vulnerability. You should use `htmlentities()` when showing data to users.,ERROR,php.lang.security.injection.printed-request.printed-request
../../CrossVul/CWE-89/php/good_2791_1,732,3,`Printing user input risks cross-site scripting vulnerability. You should use `htmlentities()` when showing data to users.,ERROR,php.lang.security.injection.printed-request.printed-request
../../CrossVul/CWE-89/php/good_2791_1,740,4,`Printing user input risks cross-site scripting vulnerability. You should use `htmlentities()` when showing data to users.,ERROR,php.lang.security.injection.printed-request.printed-request
../../CrossVul/CWE-89/php/good_2791_1,766,2,`Printing user input risks cross-site scripting vulnerability. You should use `htmlentities()` when showing data to users.,ERROR,php.lang.security.injection.printed-request.printed-request
../../CrossVul/CWE-89/php/good_2979_0,243,1,`Echo`ing user input risks cross-site scripting vulnerability. You should use `htmlentities()` when showing data to users.,ERROR,php.lang.security.injection.echoed-request.echoed-request
../../CrossVul/CWE-89/php/good_3090_2,68,40,`Echo`ing user input risks cross-site scripting vulnerability. You should use `htmlentities()` when showing data to users.,ERROR,php.lang.security.injection.echoed-request.echoed-request
../../CrossVul/CWE-89/php/good_3090_2,68,56,`Echo`ing user input risks cross-site scripting vulnerability. You should use `htmlentities()` when showing data to users.,ERROR,php.lang.security.injection.echoed-request.echoed-request
../../CrossVul/CWE-89/php/good_3090_2,144,29,`Echo`ing user input risks cross-site scripting vulnerability. You should use `htmlentities()` when showing data to users.,ERROR,php.lang.security.injection.echoed-request.echoed-request
../../CrossVul/CWE-89/php/good_3090_3,55,40,`Echo`ing user input risks cross-site scripting vulnerability. You should use `htmlentities()` when showing data to users.,ERROR,php.lang.security.injection.echoed-request.echoed-request
../../CrossVul/CWE-89/php/good_3090_3,55,56,`Echo`ing user input risks cross-site scripting vulnerability. You should use `htmlentities()` when showing data to users.,ERROR,php.lang.security.injection.echoed-request.echoed-request
../../CrossVul/CWE-89/php/good_3090_3,132,25,`Echo`ing user input risks cross-site scripting vulnerability. You should use `htmlentities()` when showing data to users.,ERROR,php.lang.security.injection.echoed-request.echoed-request
../../CrossVul/CWE-89/php/good_3395_0,241,1,`Echo`ing user input risks cross-site scripting vulnerability. You should use `htmlentities()` when showing data to users.,ERROR,php.lang.security.injection.echoed-request.echoed-request
../../CrossVul/CWE-89/php/good_338_0,1382,3,`Echo`ing user input risks cross-site scripting vulnerability. You should use `htmlentities()` when showing data to users.,ERROR,php.lang.security.injection.echoed-request.echoed-request
../../CrossVul/CWE-89/php/good_338_0,1769,3,`Echo`ing user input risks cross-site scripting vulnerability. You should use `htmlentities()` when showing data to users.,ERROR,php.lang.security.injection.echoed-request.echoed-request
../../CrossVul/CWE-89/php/good_3544_5,103,9,`Printing user input risks cross-site scripting vulnerability. You should use `htmlentities()` when showing data to users.,ERROR,php.lang.security.injection.printed-request.printed-request
../../CrossVul/CWE-89/php/good_3544_5,113,9,`Printing user input risks cross-site scripting vulnerability. You should use `htmlentities()` when showing data to users.,ERROR,php.lang.security.injection.printed-request.printed-request
../../CrossVul/CWE-89/php/good_3544_5,114,9,`Printing user input risks cross-site scripting vulnerability. You should use `htmlentities()` when showing data to users.,ERROR,php.lang.security.injection.printed-request.printed-request
../../CrossVul/CWE-89/php/good_3544_5,131,9,`Printing user input risks cross-site scripting vulnerability. You should use `htmlentities()` when showing data to users.,ERROR,php.lang.security.injection.printed-request.printed-request
../../CrossVul/CWE-89/php/good_3544_5,134,9,`Printing user input risks cross-site scripting vulnerability. You should use `htmlentities()` when showing data to users.,ERROR,php.lang.security.injection.printed-request.printed-request
../../CrossVul/CWE-89/php/good_3544_4,571,20,`Printing user input risks cross-site scripting vulnerability. You should use `htmlentities()` when showing data to users.,ERROR,php.lang.security.injection.printed-request.printed-request
../../CrossVul/CWE-89/php/good_3544_4,583,9,`Printing user input risks cross-site scripting vulnerability. You should use `htmlentities()` when showing data to users.,ERROR,php.lang.security.injection.printed-request.printed-request
../../CrossVul/CWE-89/php/good_3544_4,584,9,`Printing user input risks cross-site scripting vulnerability. You should use `htmlentities()` when showing data to users.,ERROR,php.lang.security.injection.printed-request.printed-request
../../CrossVul/CWE-89/php/good_3544_4,588,9,`Printing user input risks cross-site scripting vulnerability. You should use `htmlentities()` when showing data to users.,ERROR,php.lang.security.injection.printed-request.printed-request
../../CrossVul/CWE-89/php/good_3544_4,597,9,`Printing user input risks cross-site scripting vulnerability. You should use `htmlentities()` when showing data to users.,ERROR,php.lang.security.injection.printed-request.printed-request
../../CrossVul/CWE-89/php/good_3544_4,598,9,`Printing user input risks cross-site scripting vulnerability. You should use `htmlentities()` when showing data to users.,ERROR,php.lang.security.injection.printed-request.printed-request
../../CrossVul/CWE-89/php/good_3544_4,602,9,`Printing user input risks cross-site scripting vulnerability. You should use `htmlentities()` when showing data to users.,ERROR,php.lang.security.injection.printed-request.printed-request
../../CrossVul/CWE-89/php/good_3544_4,611,9,`Printing user input risks cross-site scripting vulnerability. You should use `htmlentities()` when showing data to users.,ERROR,php.lang.security.injection.printed-request.printed-request
../../CrossVul/CWE-89/php/good_3544_4,612,9,`Printing user input risks cross-site scripting vulnerability. You should use `htmlentities()` when showing data to users.,ERROR,php.lang.security.injection.printed-request.printed-request
../../CrossVul/CWE-89/php/good_3544_4,616,9,`Printing user input risks cross-site scripting vulnerability. You should use `htmlentities()` when showing data to users.,ERROR,php.lang.security.injection.printed-request.printed-request
../../CrossVul/CWE-89/php/good_3544_4,617,9,`Printing user input risks cross-site scripting vulnerability. You should use `htmlentities()` when showing data to users.,ERROR,php.lang.security.injection.printed-request.printed-request
../../CrossVul/CWE-89/php/good_3544_4,621,9,`Printing user input risks cross-site scripting vulnerability. You should use `htmlentities()` when showing data to users.,ERROR,php.lang.security.injection.printed-request.printed-request
../../CrossVul/CWE-89/php/good_3544_4,644,13,`Printing user input risks cross-site scripting vulnerability. You should use `htmlentities()` when showing data to users.,ERROR,php.lang.security.injection.printed-request.printed-request
../../CrossVul/CWE-89/php/good_3544_4,645,13,`Printing user input risks cross-site scripting vulnerability. You should use `htmlentities()` when showing data to users.,ERROR,php.lang.security.injection.printed-request.printed-request
../../CrossVul/CWE-89/php/good_3544_4,660,9,`Printing user input risks cross-site scripting vulnerability. You should use `htmlentities()` when showing data to users.,ERROR,php.lang.security.injection.printed-request.printed-request
../../CrossVul/CWE-89/php/good_3544_4,699,9,`Printing user input risks cross-site scripting vulnerability. You should use `htmlentities()` when showing data to users.,ERROR,php.lang.security.injection.printed-request.printed-request
../../CrossVul/CWE-89/php/good_3544_4,700,9,`Printing user input risks cross-site scripting vulnerability. You should use `htmlentities()` when showing data to users.,ERROR,php.lang.security.injection.printed-request.printed-request
../../CrossVul/CWE-89/php/good_3544_4,704,9,`Printing user input risks cross-site scripting vulnerability. You should use `htmlentities()` when showing data to users.,ERROR,php.lang.security.injection.printed-request.printed-request
../../CrossVul/CWE-89/php/good_3544_4,713,9,`Printing user input risks cross-site scripting vulnerability. You should use `htmlentities()` when showing data to users.,ERROR,php.lang.security.injection.printed-request.printed-request
../../CrossVul/CWE-89/php/good_3544_4,714,9,`Printing user input risks cross-site scripting vulnerability. You should use `htmlentities()` when showing data to users.,ERROR,php.lang.security.injection.printed-request.printed-request
../../CrossVul/CWE-89/php/good_3544_4,718,9,`Printing user input risks cross-site scripting vulnerability. You should use `htmlentities()` when showing data to users.,ERROR,php.lang.security.injection.printed-request.printed-request
../../CrossVul/CWE-89/php/good_3544_4,727,9,`Printing user input risks cross-site scripting vulnerability. You should use `htmlentities()` when showing data to users.,ERROR,php.lang.security.injection.printed-request.printed-request
../../CrossVul/CWE-89/php/good_3544_4,728,9,`Printing user input risks cross-site scripting vulnerability. You should use `htmlentities()` when showing data to users.,ERROR,php.lang.security.injection.printed-request.printed-request
../../CrossVul/CWE-89/php/good_3544_4,732,9,`Printing user input risks cross-site scripting vulnerability. You should use `htmlentities()` when showing data to users.,ERROR,php.lang.security.injection.printed-request.printed-request
../../CrossVul/CWE-89/php/good_3544_4,741,9,`Printing user input risks cross-site scripting vulnerability. You should use `htmlentities()` when showing data to users.,ERROR,php.lang.security.injection.printed-request.printed-request
../../CrossVul/CWE-89/php/good_3544_4,742,9,`Printing user input risks cross-site scripting vulnerability. You should use `htmlentities()` when showing data to users.,ERROR,php.lang.security.injection.printed-request.printed-request
../../CrossVul/CWE-89/php/good_3544_4,746,9,`Printing user input risks cross-site scripting vulnerability. You should use `htmlentities()` when showing data to users.,ERROR,php.lang.security.injection.printed-request.printed-request
../../CrossVul/CWE-89/php/good_3544_4,753,5,`Printing user input risks cross-site scripting vulnerability. You should use `htmlentities()` when showing data to users.,ERROR,php.lang.security.injection.printed-request.printed-request
../../CrossVul/CWE-89/php/good_3544_4,769,9,`Printing user input risks cross-site scripting vulnerability. You should use `htmlentities()` when showing data to users.,ERROR,php.lang.security.injection.printed-request.printed-request
../../CrossVul/CWE-89/php/good_3544_4,780,9,`Printing user input risks cross-site scripting vulnerability. You should use `htmlentities()` when showing data to users.,ERROR,php.lang.security.injection.printed-request.printed-request
../../CrossVul/CWE-89/php/good_3544_4,787,9,`Printing user input risks cross-site scripting vulnerability. You should use `htmlentities()` when showing data to users.,ERROR,php.lang.security.injection.printed-request.printed-request
../../CrossVul/CWE-89/php/good_3544_4,789,9,`Printing user input risks cross-site scripting vulnerability. You should use `htmlentities()` when showing data to users.,ERROR,php.lang.security.injection.printed-request.printed-request
../../CrossVul/CWE-89/php/good_3544_8,156,5,`Printing user input risks cross-site scripting vulnerability. You should use `htmlentities()` when showing data to users.,ERROR,php.lang.security.injection.printed-request.printed-request
../../CrossVul/CWE-89/php/good_3545_4,90,9,`Printing user input risks cross-site scripting vulnerability. You should use `htmlentities()` when showing data to users.,ERROR,php.lang.security.injection.printed-request.printed-request
../../CrossVul/CWE-89/php/good_3545_4,96,9,`Printing user input risks cross-site scripting vulnerability. You should use `htmlentities()` when showing data to users.,ERROR,php.lang.security.injection.printed-request.printed-request
../../CrossVul/CWE-89/php/good_3545_4,97,9,`Printing user input risks cross-site scripting vulnerability. You should use `htmlentities()` when showing data to users.,ERROR,php.lang.security.injection.printed-request.printed-request
../../CrossVul/CWE-89/php/good_3553_0,447,29,"User data flows into this manually-constructed SQL string. User data can be safely inserted into SQL strings using prepared statements or an object-relational mapper (ORM). Manually-constructed SQL strings is a possible indicator of SQL injection, which could let an attacker steal or manipulate data from the database. Instead, use prepared statements (`$mysqli->prepare(""INSERT INTO test(id, label) VALUES (?, ?)"");`) or a safe library.",ERROR,php.lang.security.injection.tainted-sql-string.tainted-sql-string
../../CrossVul/CWE-89/php/good_3816_0,56,33,"User data flows into this manually-constructed SQL string. User data can be safely inserted into SQL strings using prepared statements or an object-relational mapper (ORM). Manually-constructed SQL strings is a possible indicator of SQL injection, which could let an attacker steal or manipulate data from the database. Instead, use prepared statements (`$mysqli->prepare(""INSERT INTO test(id, label) VALUES (?, ?)"");`) or a safe library.",ERROR,php.lang.security.injection.tainted-sql-string.tainted-sql-string
../../CrossVul/CWE-89/php/good_3816_1,58,30,"User data flows into this manually-constructed SQL string. User data can be safely inserted into SQL strings using prepared statements or an object-relational mapper (ORM). Manually-constructed SQL strings is a possible indicator of SQL injection, which could let an attacker steal or manipulate data from the database. Instead, use prepared statements (`$mysqli->prepare(""INSERT INTO test(id, label) VALUES (?, ?)"");`) or a safe library.",ERROR,php.lang.security.injection.tainted-sql-string.tainted-sql-string
../../CrossVul/CWE-89/php/good_3816_1,60,4,`Echo`ing user input risks cross-site scripting vulnerability. You should use `htmlentities()` when showing data to users.,ERROR,php.lang.security.injection.echoed-request.echoed-request
../../CrossVul/CWE-89/php/good_3816_2,53,29,"User data flows into this manually-constructed SQL string. User data can be safely inserted into SQL strings using prepared statements or an object-relational mapper (ORM). Manually-constructed SQL strings is a possible indicator of SQL injection, which could let an attacker steal or manipulate data from the database. Instead, use prepared statements (`$mysqli->prepare(""INSERT INTO test(id, label) VALUES (?, ?)"");`) or a safe library.",ERROR,php.lang.security.injection.tainted-sql-string.tainted-sql-string
../../CrossVul/CWE-89/php/good_3816_2,70,31,"User data flows into this manually-constructed SQL string. User data can be safely inserted into SQL strings using prepared statements or an object-relational mapper (ORM). Manually-constructed SQL strings is a possible indicator of SQL injection, which could let an attacker steal or manipulate data from the database. Instead, use prepared statements (`$mysqli->prepare(""INSERT INTO test(id, label) VALUES (?, ?)"");`) or a safe library.",ERROR,php.lang.security.injection.tainted-sql-string.tainted-sql-string
../../CrossVul/CWE-89/php/good_3816_5,54,29,"User data flows into this manually-constructed SQL string. User data can be safely inserted into SQL strings using prepared statements or an object-relational mapper (ORM). Manually-constructed SQL strings is a possible indicator of SQL injection, which could let an attacker steal or manipulate data from the database. Instead, use prepared statements (`$mysqli->prepare(""INSERT INTO test(id, label) VALUES (?, ?)"");`) or a safe library.",ERROR,php.lang.security.injection.tainted-sql-string.tainted-sql-string
../../CrossVul/CWE-89/php/good_3816_6,54,28,"User data flows into this manually-constructed SQL string. User data can be safely inserted into SQL strings using prepared statements or an object-relational mapper (ORM). Manually-constructed SQL strings is a possible indicator of SQL injection, which could let an attacker steal or manipulate data from the database. Instead, use prepared statements (`$mysqli->prepare(""INSERT INTO test(id, label) VALUES (?, ?)"");`) or a safe library.",ERROR,php.lang.security.injection.tainted-sql-string.tainted-sql-string
../../CrossVul/CWE-89/php/good_3816_3,54,29,"User data flows into this manually-constructed SQL string. User data can be safely inserted into SQL strings using prepared statements or an object-relational mapper (ORM). Manually-constructed SQL strings is a possible indicator of SQL injection, which could let an attacker steal or manipulate data from the database. Instead, use prepared statements (`$mysqli->prepare(""INSERT INTO test(id, label) VALUES (?, ?)"");`) or a safe library.",ERROR,php.lang.security.injection.tainted-sql-string.tainted-sql-string
../../CrossVul/CWE-89/php/good_3816_3,77,19,"User data flows into this manually-constructed SQL string. User data can be safely inserted into SQL strings using prepared statements or an object-relational mapper (ORM). Manually-constructed SQL strings is a possible indicator of SQL injection, which could let an attacker steal or manipulate data from the database. Instead, use prepared statements (`$mysqli->prepare(""INSERT INTO test(id, label) VALUES (?, ?)"");`) or a safe library.",ERROR,php.lang.security.injection.tainted-sql-string.tainted-sql-string
../../CrossVul/CWE-89/php/good_3816_4,53,29,"User data flows into this manually-constructed SQL string. User data can be safely inserted into SQL strings using prepared statements or an object-relational mapper (ORM). Manually-constructed SQL strings is a possible indicator of SQL injection, which could let an attacker steal or manipulate data from the database. Instead, use prepared statements (`$mysqli->prepare(""INSERT INTO test(id, label) VALUES (?, ?)"");`) or a safe library.",ERROR,php.lang.security.injection.tainted-sql-string.tainted-sql-string
../../CrossVul/CWE-89/php/good_3816_4,71,31,"User data flows into this manually-constructed SQL string. User data can be safely inserted into SQL strings using prepared statements or an object-relational mapper (ORM). Manually-constructed SQL strings is a possible indicator of SQL injection, which could let an attacker steal or manipulate data from the database. Instead, use prepared statements (`$mysqli->prepare(""INSERT INTO test(id, label) VALUES (?, ?)"");`) or a safe library.",ERROR,php.lang.security.injection.tainted-sql-string.tainted-sql-string
../../CrossVul/CWE-89/php/good_3816_7,63,28,"User data flows into this manually-constructed SQL string. User data can be safely inserted into SQL strings using prepared statements or an object-relational mapper (ORM). Manually-constructed SQL strings is a possible indicator of SQL injection, which could let an attacker steal or manipulate data from the database. Instead, use prepared statements (`$mysqli->prepare(""INSERT INTO test(id, label) VALUES (?, ?)"");`) or a safe library.",ERROR,php.lang.security.injection.tainted-sql-string.tainted-sql-string
../../CrossVul/CWE-89/php/good_3816_7,98,30,"User data flows into this manually-constructed SQL string. User data can be safely inserted into SQL strings using prepared statements or an object-relational mapper (ORM). Manually-constructed SQL strings is a possible indicator of SQL injection, which could let an attacker steal or manipulate data from the database. Instead, use prepared statements (`$mysqli->prepare(""INSERT INTO test(id, label) VALUES (?, ?)"");`) or a safe library.",ERROR,php.lang.security.injection.tainted-sql-string.tainted-sql-string
../../CrossVul/CWE-89/php/good_3816_7,112,9,"User data flows into this manually-constructed SQL string. User data can be safely inserted into SQL strings using prepared statements or an object-relational mapper (ORM). Manually-constructed SQL strings is a possible indicator of SQL injection, which could let an attacker steal or manipulate data from the database. Instead, use prepared statements (`$mysqli->prepare(""INSERT INTO test(id, label) VALUES (?, ?)"");`) or a safe library.",ERROR,php.lang.security.injection.tainted-sql-string.tainted-sql-string
../../CrossVul/CWE-89/php/good_3816_7,132,8,"User data flows into this manually-constructed SQL string. User data can be safely inserted into SQL strings using prepared statements or an object-relational mapper (ORM). Manually-constructed SQL strings is a possible indicator of SQL injection, which could let an attacker steal or manipulate data from the database. Instead, use prepared statements (`$mysqli->prepare(""INSERT INTO test(id, label) VALUES (?, ?)"");`) or a safe library.",ERROR,php.lang.security.injection.tainted-sql-string.tainted-sql-string
../../CrossVul/CWE-89/php/good_398_0,105,17,File name based on user input risks server-side request forgery.,WARNING,php.lang.security.injection.tainted-filename.tainted-filename
../../CrossVul/CWE-89/php/good_4024_0,18,30,"User data flows into this manually-constructed SQL string. User data can be safely inserted into SQL strings using prepared statements or an object-relational mapper (ORM). Manually-constructed SQL strings is a possible indicator of SQL injection, which could let an attacker steal or manipulate data from the database. Instead, use prepared statements (`$mysqli->prepare(""INSERT INTO test(id, label) VALUES (?, ?)"");`) or a safe library.",ERROR,php.lang.security.injection.tainted-sql-string.tainted-sql-string
../../CrossVul/CWE-89/php/good_4024_0,28,5,`Echo`ing user input risks cross-site scripting vulnerability. You should use `htmlentities()` when showing data to users.,ERROR,php.lang.security.injection.echoed-request.echoed-request
../../CrossVul/CWE-89/php/good_4024_0,30,26,"User data flows into this manually-constructed SQL string. User data can be safely inserted into SQL strings using prepared statements or an object-relational mapper (ORM). Manually-constructed SQL strings is a possible indicator of SQL injection, which could let an attacker steal or manipulate data from the database. Instead, use prepared statements (`$mysqli->prepare(""INSERT INTO test(id, label) VALUES (?, ?)"");`) or a safe library.",ERROR,php.lang.security.injection.tainted-sql-string.tainted-sql-string
../../CrossVul/CWE-89/php/good_4024_0,40,1,`Echo`ing user input risks cross-site scripting vulnerability. You should use `htmlentities()` when showing data to users.,ERROR,php.lang.security.injection.echoed-request.echoed-request
../../CrossVul/CWE-89/php/good_4024_0,46,5,`Echo`ing user input risks cross-site scripting vulnerability. You should use `htmlentities()` when showing data to users.,ERROR,php.lang.security.injection.echoed-request.echoed-request
../../CrossVul/CWE-89/php/good_4024_0,52,5,`Echo`ing user input risks cross-site scripting vulnerability. You should use `htmlentities()` when showing data to users.,ERROR,php.lang.security.injection.echoed-request.echoed-request
../../CrossVul/CWE-89/php/good_4024_0,57,5,`Echo`ing user input risks cross-site scripting vulnerability. You should use `htmlentities()` when showing data to users.,ERROR,php.lang.security.injection.echoed-request.echoed-request
../../CrossVul/CWE-89/php/good_4024_0,61,5,`Echo`ing user input risks cross-site scripting vulnerability. You should use `htmlentities()` when showing data to users.,ERROR,php.lang.security.injection.echoed-request.echoed-request
../../CrossVul/CWE-89/php/good_4024_0,65,5,`Echo`ing user input risks cross-site scripting vulnerability. You should use `htmlentities()` when showing data to users.,ERROR,php.lang.security.injection.echoed-request.echoed-request
../../CrossVul/CWE-89/php/good_4024_0,74,1,`Echo`ing user input risks cross-site scripting vulnerability. You should use `htmlentities()` when showing data to users.,ERROR,php.lang.security.injection.echoed-request.echoed-request
../../CrossVul/CWE-89/php/good_4024_0,87,5,`Echo`ing user input risks cross-site scripting vulnerability. You should use `htmlentities()` when showing data to users.,ERROR,php.lang.security.injection.echoed-request.echoed-request
../../CrossVul/CWE-89/php/good_4024_1,189,26,"User data flows into this manually-constructed SQL string. User data can be safely inserted into SQL strings using prepared statements or an object-relational mapper (ORM). Manually-constructed SQL strings is a possible indicator of SQL injection, which could let an attacker steal or manipulate data from the database. Instead, use prepared statements (`$mysqli->prepare(""INSERT INTO test(id, label) VALUES (?, ?)"");`) or a safe library.",ERROR,php.lang.security.injection.tainted-sql-string.tainted-sql-string
../../CrossVul/CWE-89/php/good_4024_1,192,9,`Echo`ing user input risks cross-site scripting vulnerability. You should use `htmlentities()` when showing data to users.,ERROR,php.lang.security.injection.echoed-request.echoed-request
../../CrossVul/CWE-89/php/good_398_10,93,13,"User data flows into this manually-constructed SQL string. User data can be safely inserted into SQL strings using prepared statements or an object-relational mapper (ORM). Manually-constructed SQL strings is a possible indicator of SQL injection, which could let an attacker steal or manipulate data from the database. Instead, use prepared statements (`$mysqli->prepare(""INSERT INTO test(id, label) VALUES (?, ?)"");`) or a safe library.",ERROR,php.lang.security.injection.tainted-sql-string.tainted-sql-string
../../CrossVul/CWE-89/php/good_398_10,566,13,`Echo`ing user input risks cross-site scripting vulnerability. You should use `htmlentities()` when showing data to users.,ERROR,php.lang.security.injection.echoed-request.echoed-request
../../CrossVul/CWE-89/php/good_398_10,583,13,`Echo`ing user input risks cross-site scripting vulnerability. You should use `htmlentities()` when showing data to users.,ERROR,php.lang.security.injection.echoed-request.echoed-request
../../CrossVul/CWE-89/php/good_4363_3,405,28,"`$qb` Detected string concatenation with a non-literal variable in a Doctrine QueryBuilder method. This could lead to SQL injection if the variable is user-controlled and not properly sanitized. In order to prevent SQL injection, use parameterized queries or prepared statements instead.",WARNING,php.doctrine.security.audit.doctrine-orm-dangerous-query.doctrine-orm-dangerous-query
../../CrossVul/CWE-89/php/good_5278_4,605,35,File name based on user input risks server-side request forgery.,WARNING,php.lang.security.injection.tainted-filename.tainted-filename
../../CrossVul/CWE-89/php/good_5278_4,606,43,File name based on user input risks server-side request forgery.,WARNING,php.lang.security.injection.tainted-filename.tainted-filename
../../CrossVul/CWE-89/php/good_5278_4,632,26,File name based on user input risks server-side request forgery.,WARNING,php.lang.security.injection.tainted-filename.tainted-filename
../../CrossVul/CWE-89/php/good_5278_4,793,17,`Echo`ing user input risks cross-site scripting vulnerability. You should use `htmlentities()` when showing data to users.,ERROR,php.lang.security.injection.echoed-request.echoed-request
../../CrossVul/CWE-89/php/good_476_0,728,26,`Printing user input risks cross-site scripting vulnerability. You should use `htmlentities()` when showing data to users.,ERROR,php.lang.security.injection.printed-request.printed-request
../../CrossVul/CWE-89/php/good_476_0,743,3,`Printing user input risks cross-site scripting vulnerability. You should use `htmlentities()` when showing data to users.,ERROR,php.lang.security.injection.printed-request.printed-request
../../CrossVul/CWE-89/php/good_476_0,744,3,`Printing user input risks cross-site scripting vulnerability. You should use `htmlentities()` when showing data to users.,ERROR,php.lang.security.injection.printed-request.printed-request
../../CrossVul/CWE-89/php/good_476_0,757,3,`Printing user input risks cross-site scripting vulnerability. You should use `htmlentities()` when showing data to users.,ERROR,php.lang.security.injection.printed-request.printed-request
../../CrossVul/CWE-89/php/good_476_0,758,3,`Printing user input risks cross-site scripting vulnerability. You should use `htmlentities()` when showing data to users.,ERROR,php.lang.security.injection.printed-request.printed-request
../../CrossVul/CWE-89/php/good_476_0,771,3,`Printing user input risks cross-site scripting vulnerability. You should use `htmlentities()` when showing data to users.,ERROR,php.lang.security.injection.printed-request.printed-request
../../CrossVul/CWE-89/php/good_476_0,772,3,`Printing user input risks cross-site scripting vulnerability. You should use `htmlentities()` when showing data to users.,ERROR,php.lang.security.injection.printed-request.printed-request
../../CrossVul/CWE-89/php/good_476_0,776,3,`Printing user input risks cross-site scripting vulnerability. You should use `htmlentities()` when showing data to users.,ERROR,php.lang.security.injection.printed-request.printed-request
../../CrossVul/CWE-89/php/good_476_0,777,3,`Printing user input risks cross-site scripting vulnerability. You should use `htmlentities()` when showing data to users.,ERROR,php.lang.security.injection.printed-request.printed-request
../../CrossVul/CWE-89/php/good_476_0,825,2,`Printing user input risks cross-site scripting vulnerability. You should use `htmlentities()` when showing data to users.,ERROR,php.lang.security.injection.printed-request.printed-request
../../CrossVul/CWE-89/php/good_476_0,959,3,`Printing user input risks cross-site scripting vulnerability. You should use `htmlentities()` when showing data to users.,ERROR,php.lang.security.injection.printed-request.printed-request
../../CrossVul/CWE-89/php/good_476_0,960,3,`Printing user input risks cross-site scripting vulnerability. You should use `htmlentities()` when showing data to users.,ERROR,php.lang.security.injection.printed-request.printed-request
../../CrossVul/CWE-89/php/good_476_0,973,3,`Printing user input risks cross-site scripting vulnerability. You should use `htmlentities()` when showing data to users.,ERROR,php.lang.security.injection.printed-request.printed-request
../../CrossVul/CWE-89/php/good_476_0,974,3,`Printing user input risks cross-site scripting vulnerability. You should use `htmlentities()` when showing data to users.,ERROR,php.lang.security.injection.printed-request.printed-request
../../CrossVul/CWE-89/php/good_476_0,987,3,`Printing user input risks cross-site scripting vulnerability. You should use `htmlentities()` when showing data to users.,ERROR,php.lang.security.injection.printed-request.printed-request
../../CrossVul/CWE-89/php/good_476_0,988,3,`Printing user input risks cross-site scripting vulnerability. You should use `htmlentities()` when showing data to users.,ERROR,php.lang.security.injection.printed-request.printed-request
../../CrossVul/CWE-89/php/good_476_0,1003,4,`Printing user input risks cross-site scripting vulnerability. You should use `htmlentities()` when showing data to users.,ERROR,php.lang.security.injection.printed-request.printed-request
../../CrossVul/CWE-89/php/good_476_0,1004,4,`Printing user input risks cross-site scripting vulnerability. You should use `htmlentities()` when showing data to users.,ERROR,php.lang.security.injection.printed-request.printed-request
../../CrossVul/CWE-89/php/good_476_0,1018,3,`Printing user input risks cross-site scripting vulnerability. You should use `htmlentities()` when showing data to users.,ERROR,php.lang.security.injection.printed-request.printed-request
../../CrossVul/CWE-89/php/good_476_0,1019,3,`Printing user input risks cross-site scripting vulnerability. You should use `htmlentities()` when showing data to users.,ERROR,php.lang.security.injection.printed-request.printed-request
../../CrossVul/CWE-89/php/good_5326_0,62,5,`Printing user input risks cross-site scripting vulnerability. You should use `htmlentities()` when showing data to users.,ERROR,php.lang.security.injection.printed-request.printed-request
../../CrossVul/CWE-89/php/good_5637_0,492,11,"User data flows into this manually-constructed SQL string. User data can be safely inserted into SQL strings using prepared statements or an object-relational mapper (ORM). Manually-constructed SQL strings is a possible indicator of SQL injection, which could let an attacker steal or manipulate data from the database. Instead, use prepared statements (`$mysqli->prepare(""INSERT INTO test(id, label) VALUES (?, ?)"");`) or a safe library.",ERROR,php.lang.security.injection.tainted-sql-string.tainted-sql-string
../../CrossVul/CWE-89/php/good_5637_0,798,4,`Printing user input risks cross-site scripting vulnerability. You should use `htmlentities()` when showing data to users.,ERROR,php.lang.security.injection.printed-request.printed-request
../../CrossVul/CWE-89/php/good_56_1,159,32,File name based on user input risks server-side request forgery.,WARNING,php.lang.security.injection.tainted-filename.tainted-filename
../../CrossVul/CWE-89/php/good_56_1,272,17,File name based on user input risks server-side request forgery.,WARNING,php.lang.security.injection.tainted-filename.tainted-filename
../../CrossVul/CWE-89/php/good_56_1,278,34,File name based on user input risks server-side request forgery.,WARNING,php.lang.security.injection.tainted-filename.tainted-filename
../../CrossVul/CWE-89/php/good_56_15,36,24,File name based on user input risks server-side request forgery.,WARNING,php.lang.security.injection.tainted-filename.tainted-filename
../../CrossVul/CWE-89/php/good_56_15,40,37,File name based on user input risks server-side request forgery.,WARNING,php.lang.security.injection.tainted-filename.tainted-filename
../../CrossVul/CWE-89/php/good_56_16,42,24,File name based on user input risks server-side request forgery.,WARNING,php.lang.security.injection.tainted-filename.tainted-filename
../../CrossVul/CWE-89/php/good_56_16,46,36,File name based on user input risks server-side request forgery.,WARNING,php.lang.security.injection.tainted-filename.tainted-filename
../../CrossVul/CWE-89/php/good_56_17,36,24,File name based on user input risks server-side request forgery.,WARNING,php.lang.security.injection.tainted-filename.tainted-filename
../../CrossVul/CWE-89/php/good_56_17,40,37,File name based on user input risks server-side request forgery.,WARNING,php.lang.security.injection.tainted-filename.tainted-filename
../../CrossVul/CWE-89/php/good_56_18,36,24,File name based on user input risks server-side request forgery.,WARNING,php.lang.security.injection.tainted-filename.tainted-filename
../../CrossVul/CWE-89/php/good_56_18,40,37,File name based on user input risks server-side request forgery.,WARNING,php.lang.security.injection.tainted-filename.tainted-filename
../../CrossVul/CWE-89/php/good_56_4,27,24,File name based on user input risks server-side request forgery.,WARNING,php.lang.security.injection.tainted-filename.tainted-filename
../../CrossVul/CWE-89/php/good_56_4,27,53,File name based on user input risks server-side request forgery.,WARNING,php.lang.security.injection.tainted-filename.tainted-filename
../../CrossVul/CWE-89/php/good_56_4,72,17,File name based on user input risks server-side request forgery.,WARNING,php.lang.security.injection.tainted-filename.tainted-filename
../../CrossVul/CWE-89/php/good_56_4,73,25,File name based on user input risks server-side request forgery.,WARNING,php.lang.security.injection.tainted-filename.tainted-filename
../../CrossVul/CWE-89/php/good_56_4,107,5,`Echo`ing user input risks cross-site scripting vulnerability. You should use `htmlentities()` when showing data to users.,ERROR,php.lang.security.injection.echoed-request.echoed-request
../../CrossVul/CWE-89/php/good_56_4,107,28,File name based on user input risks server-side request forgery.,WARNING,php.lang.security.injection.tainted-filename.tainted-filename
../../CrossVul/CWE-89/php/good_56_4,114,30,File name based on user input risks server-side request forgery.,WARNING,php.lang.security.injection.tainted-filename.tainted-filename
../../CrossVul/CWE-89/php/good_56_8,407,12,File name based on user input risks server-side request forgery.,WARNING,php.lang.security.injection.tainted-filename.tainted-filename
../../CrossVul/CWE-89/php/good_56_8,422,34,File name based on user input risks server-side request forgery.,WARNING,php.lang.security.injection.tainted-filename.tainted-filename
../../CrossVul/CWE-89/php/good_750_0,61,13,"User data flows into this manually-constructed SQL string. User data can be safely inserted into SQL strings using prepared statements or an object-relational mapper (ORM). Manually-constructed SQL strings is a possible indicator of SQL injection, which could let an attacker steal or manipulate data from the database. Instead, use prepared statements (`$mysqli->prepare(""INSERT INTO test(id, label) VALUES (?, ?)"");`) or a safe library.",ERROR,php.lang.security.injection.tainted-sql-string.tainted-sql-string
../../CrossVul/CWE-89/php/good_750_0,74,7,`Echo`ing user input risks cross-site scripting vulnerability. You should use `htmlentities()` when showing data to users.,ERROR,php.lang.security.injection.echoed-request.echoed-request
../../CrossVul/CWE-89/php/good_750_0,83,7,`Echo`ing user input risks cross-site scripting vulnerability. You should use `htmlentities()` when showing data to users.,ERROR,php.lang.security.injection.echoed-request.echoed-request
../../CrossVul/CWE-89/php/good_692_0,53,27,"User data flows into this manually-constructed SQL string. User data can be safely inserted into SQL strings using prepared statements or an object-relational mapper (ORM). Manually-constructed SQL strings is a possible indicator of SQL injection, which could let an attacker steal or manipulate data from the database. Instead, use prepared statements (`$mysqli->prepare(""INSERT INTO test(id, label) VALUES (?, ?)"");`) or a safe library.",ERROR,php.lang.security.injection.tainted-sql-string.tainted-sql-string
../../CrossVul/CWE-89/php/good_692_0,86,27,"User data flows into this manually-constructed SQL string. User data can be safely inserted into SQL strings using prepared statements or an object-relational mapper (ORM). Manually-constructed SQL strings is a possible indicator of SQL injection, which could let an attacker steal or manipulate data from the database. Instead, use prepared statements (`$mysqli->prepare(""INSERT INTO test(id, label) VALUES (?, ?)"");`) or a safe library.",ERROR,php.lang.security.injection.tainted-sql-string.tainted-sql-string
../../CrossVul/CWE-89/php/good_692_0,142,22,"User data flows into this manually-constructed SQL string. User data can be safely inserted into SQL strings using prepared statements or an object-relational mapper (ORM). Manually-constructed SQL strings is a possible indicator of SQL injection, which could let an attacker steal or manipulate data from the database. Instead, use prepared statements (`$mysqli->prepare(""INSERT INTO test(id, label) VALUES (?, ?)"");`) or a safe library.",ERROR,php.lang.security.injection.tainted-sql-string.tainted-sql-string
../../CrossVul/CWE-89/php/good_692_0,166,34,"User data flows into this manually-constructed SQL string. User data can be safely inserted into SQL strings using prepared statements or an object-relational mapper (ORM). Manually-constructed SQL strings is a possible indicator of SQL injection, which could let an attacker steal or manipulate data from the database. Instead, use prepared statements (`$mysqli->prepare(""INSERT INTO test(id, label) VALUES (?, ?)"");`) or a safe library.",ERROR,php.lang.security.injection.tainted-sql-string.tainted-sql-string
../../CrossVul/CWE-89/php/good_692_0,187,27,"User data flows into this manually-constructed SQL string. User data can be safely inserted into SQL strings using prepared statements or an object-relational mapper (ORM). Manually-constructed SQL strings is a possible indicator of SQL injection, which could let an attacker steal or manipulate data from the database. Instead, use prepared statements (`$mysqli->prepare(""INSERT INTO test(id, label) VALUES (?, ?)"");`) or a safe library.",ERROR,php.lang.security.injection.tainted-sql-string.tainted-sql-string
../../CrossVul/CWE-89/php/good_692_0,222,18,"User data flows into this manually-constructed SQL string. User data can be safely inserted into SQL strings using prepared statements or an object-relational mapper (ORM). Manually-constructed SQL strings is a possible indicator of SQL injection, which could let an attacker steal or manipulate data from the database. Instead, use prepared statements (`$mysqli->prepare(""INSERT INTO test(id, label) VALUES (?, ?)"");`) or a safe library.",ERROR,php.lang.security.injection.tainted-sql-string.tainted-sql-string
../../CrossVul/CWE-89/php/good_692_0,224,18,"User data flows into this manually-constructed SQL string. User data can be safely inserted into SQL strings using prepared statements or an object-relational mapper (ORM). Manually-constructed SQL strings is a possible indicator of SQL injection, which could let an attacker steal or manipulate data from the database. Instead, use prepared statements (`$mysqli->prepare(""INSERT INTO test(id, label) VALUES (?, ?)"");`) or a safe library.",ERROR,php.lang.security.injection.tainted-sql-string.tainted-sql-string
../../CrossVul/CWE-89/php/good_692_0,1006,62,`Echo`ing user input risks cross-site scripting vulnerability. You should use `htmlentities()` when showing data to users.,ERROR,php.lang.security.injection.echoed-request.echoed-request
../../CrossVul/CWE-89/php/good_692_0,1237,33,"User data flows into this manually-constructed SQL string. User data can be safely inserted into SQL strings using prepared statements or an object-relational mapper (ORM). Manually-constructed SQL strings is a possible indicator of SQL injection, which could let an attacker steal or manipulate data from the database. Instead, use prepared statements (`$mysqli->prepare(""INSERT INTO test(id, label) VALUES (?, ?)"");`) or a safe library.",ERROR,php.lang.security.injection.tainted-sql-string.tainted-sql-string
