file,label,cwe,classification
../../CrossVul/CWE-79/c/good_1838_3,good,CWE-79,True Negative
../../CrossVul/CWE-79/cpp/bad_2407_0,bad,CWE-79,False Negative
../../CrossVul/CWE-79/c/good_720_2,good,CWE-79,True Negative
../../CrossVul/CWE-79/c/bad_1838_3,bad,CWE-79,False Negative
../../CrossVul/CWE-79/c/bad_384_0,bad,CWE-79,False Negative
../../CrossVul/CWE-79/c/good_384_0,good,CWE-79,True Negative
../../CrossVul/CWE-79/c/bad_720_2,bad,CWE-79,False Negative
../../CrossVul/CWE-79/cpp/bad_3200_0,bad,CWE-79,False Negative
../../CrossVul/CWE-79/cpp/good_3200_1,good,CWE-79,True Negative
../../CrossVul/CWE-79/cpp/bad_3200_4,bad,CWE-79,False Negative
../../CrossVul/CWE-79/cpp/good_2407_0,good,CWE-79,True Negative
../../CrossVul/CWE-79/cpp/bad_3200_1,bad,CWE-79,False Negative
../../CrossVul/CWE-79/cpp/good_3200_0,good,CWE-79,True Negative
../../CrossVul/CWE-79/cpp/bad_3200_5,bad,CWE-79,False Negative
../../CrossVul/CWE-79/cpp/good_3200_4,good,CWE-79,True Negative
../../CrossVul/CWE-79/cpp/good_3200_5,good,CWE-79,True Negative
../../CrossVul/CWE-79/cs/bad_4397_0,bad,CWE-79,False Negative
../../CrossVul/CWE-79/cs/bad_4397_1,bad,CWE-79,False Negative
../../CrossVul/CWE-79/cs/bad_678_1,bad,CWE-79,False Negative
../../CrossVul/CWE-79/cs/bad_3685_0,bad,CWE-79,False Negative
../../CrossVul/CWE-79/cs/good_4397_0,good,CWE-79,True Negative
../../CrossVul/CWE-79/cs/good_3685_0,good,CWE-79,True Negative
../../CrossVul/CWE-79/cs/good_4397_1,good,CWE-79,True Negative
../../CrossVul/CWE-79/cs/bad_712_0,bad,CWE-79,False Negative
../../CrossVul/CWE-79/java/bad_1163_0,bad,CWE-79,False Negative
../../CrossVul/CWE-79/java/bad_1164_0,bad,CWE-79,False Negative
../../CrossVul/CWE-79/java/bad_1165_0,bad,CWE-79,False Negative
../../CrossVul/CWE-79/java/bad_1166_0,bad,CWE-79,False Negative
../../CrossVul/CWE-79/java/bad_1166_1,bad,CWE-79,False Negative
../../CrossVul/CWE-79/java/bad_2083_1,bad,CWE-79,False Negative
../../CrossVul/CWE-79/java/bad_2097_0,bad,CWE-79,False Negative
../../CrossVul/CWE-79/java/bad_2083_0,bad,CWE-79,False Negative
../../CrossVul/CWE-79/java/bad_2097_2,bad,CWE-79,False Negative
../../CrossVul/CWE-79/java/bad_2097_1,bad,CWE-79,False Negative
../../CrossVul/CWE-79/java/bad_24_0,bad,CWE-79,False Negative
../../CrossVul/CWE-79/java/bad_24_1,bad,CWE-79,False Negative
../../CrossVul/CWE-79/java/bad_2099_0,bad,CWE-79,False Negative
../../CrossVul/CWE-79/java/bad_24_2,bad,CWE-79,False Negative
../../CrossVul/CWE-79/java/bad_24_3,bad,CWE-79,False Negative
../../CrossVul/CWE-79/java/bad_3893_0,bad,CWE-79,False Negative
../../CrossVul/CWE-79/java/bad_3049_17,bad,CWE-79,False Negative
../../CrossVul/CWE-79/java/bad_3049_0,bad,CWE-79,False Negative
../../CrossVul/CWE-79/java/bad_4174_1,bad,CWE-79,False Negative
../../CrossVul/CWE-79/java/bad_4174_2,bad,CWE-79,False Negative
../../CrossVul/CWE-79/java/bad_4990_1,bad,CWE-79,False Negative
../../CrossVul/CWE-79/java/bad_4990_0,bad,CWE-79,False Negative
../../CrossVul/CWE-79/java/bad_4516_0,bad,CWE-79,False Negative
../../CrossVul/CWE-79/cs/good_678_1,good,CWE-79,True Negative
../../CrossVul/CWE-79/cs/good_712_0,good,CWE-79,True Negative
../../CrossVul/CWE-79/java/bad_4992_0,bad,CWE-79,False Negative
../../CrossVul/CWE-79/java/bad_509_0,bad,CWE-79,False Negative
../../CrossVul/CWE-79/java/bad_1165_1,bad,CWE-79,False Negative
../../CrossVul/CWE-79/java/bad_509_1,bad,CWE-79,False Negative
../../CrossVul/CWE-79/java/bad_5805_1,bad,CWE-79,False Negative
../../CrossVul/CWE-79/java/bad_5805_0,bad,CWE-79,False Negative
../../CrossVul/CWE-79/java/bad_883_0,bad,CWE-79,False Negative
../../CrossVul/CWE-79/java/bad_5841_1,bad,CWE-79,False Negative
../../CrossVul/CWE-79/java/bad_5841_0,bad,CWE-79,False Negative
../../CrossVul/CWE-79/java/bad_5810_0,bad,CWE-79,False Negative
../../CrossVul/CWE-79/java/good_1165_1,good,CWE-79,True Negative
../../CrossVul/CWE-79/java/good_1163_0,good,CWE-79,True Negative
../../CrossVul/CWE-79/java/good_1166_0,good,CWE-79,True Negative
../../CrossVul/CWE-79/java/good_1164_0,good,CWE-79,True Negative
../../CrossVul/CWE-79/java/good_1166_1,good,CWE-79,True Negative
../../CrossVul/CWE-79/java/good_1165_0,good,CWE-79,True Negative
../../CrossVul/CWE-79/java/good_2083_0,good,CWE-79,True Negative
../../CrossVul/CWE-79/java/good_2083_1,good,CWE-79,True Negative
../../CrossVul/CWE-79/java/good_2097_1,good,CWE-79,True Negative
../../CrossVul/CWE-79/java/good_2099_0,good,CWE-79,True Negative
../../CrossVul/CWE-79/java/good_2097_2,good,CWE-79,True Negative
../../CrossVul/CWE-79/java/good_2097_0,good,CWE-79,True Negative
../../CrossVul/CWE-79/java/good_24_0,good,CWE-79,True Negative
../../CrossVul/CWE-79/java/good_24_1,good,CWE-79,True Negative
../../CrossVul/CWE-79/java/good_24_2,good,CWE-79,True Negative
../../CrossVul/CWE-79/java/good_24_3,good,CWE-79,True Negative
../../CrossVul/CWE-79/java/good_3049_17,good,CWE-79,True Negative
../../CrossVul/CWE-79/java/good_3049_0,good,CWE-79,True Negative
../../CrossVul/CWE-79/java/good_4174_1,good,CWE-79,True Negative
../../CrossVul/CWE-79/java/good_4516_0,good,CWE-79,True Negative
../../CrossVul/CWE-79/java/good_3893_0,good,CWE-79,True Negative
../../CrossVul/CWE-79/java/good_4174_2,good,CWE-79,True Negative
../../CrossVul/CWE-79/java/good_4990_1,good,CWE-79,True Negative
../../CrossVul/CWE-79/java/good_4990_0,good,CWE-79,True Negative
../../CrossVul/CWE-79/java/good_509_1,good,CWE-79,True Negative
../../CrossVul/CWE-79/java/good_4992_0,good,CWE-79,True Negative
../../CrossVul/CWE-79/java/good_5805_0,good,CWE-79,True Negative
../../CrossVul/CWE-79/java/good_5805_1,good,CWE-79,True Negative
../../CrossVul/CWE-79/java/good_509_0,good,CWE-79,True Negative
../../CrossVul/CWE-79/java/good_5810_0,good,CWE-79,True Negative
../../CrossVul/CWE-79/java/good_5841_0,good,CWE-79,True Negative
../../CrossVul/CWE-79/java/good_5841_1,good,CWE-79,True Negative
../../CrossVul/CWE-79/java/good_883_0,good,CWE-79,True Negative
../../CrossVul/CWE-79/py/bad_1091_0,bad,CWE-79,False Negative
../../CrossVul/CWE-79/py/bad_1456_0,bad,CWE-79,False Negative
../../CrossVul/CWE-79/py/bad_1644_0,bad,CWE-79,False Negative
../../CrossVul/CWE-79/py/bad_1091_1,bad,CWE-79,False Negative
../../CrossVul/CWE-79/py/bad_1644_10,bad,CWE-79,False Negative
../../CrossVul/CWE-79/py/bad_1644_2,bad,CWE-79,False Negative
../../CrossVul/CWE-79/py/bad_1644_1,bad,CWE-79,False Negative
../../CrossVul/CWE-79/py/bad_1644_3,bad,CWE-79,False Negative
../../CrossVul/CWE-79/py/bad_1644_4,bad,CWE-79,False Negative
../../CrossVul/CWE-79/py/bad_1644_7,bad,CWE-79,False Negative
../../CrossVul/CWE-79/py/bad_1644_6,bad,CWE-79,False Negative
../../CrossVul/CWE-79/py/bad_1644_8,bad,CWE-79,False Negative
../../CrossVul/CWE-79/py/bad_1645_0,bad,CWE-79,False Negative
../../CrossVul/CWE-79/py/bad_1644_9,bad,CWE-79,False Negative
../../CrossVul/CWE-79/py/bad_1728_0,bad,CWE-79,False Negative
../../CrossVul/CWE-79/py/bad_1727_0,bad,CWE-79,False Negative
../../CrossVul/CWE-79/py/bad_1729_0,bad,CWE-79,False Negative
../../CrossVul/CWE-79/py/bad_1735_1,bad,CWE-79,False Negative
../../CrossVul/CWE-79/py/bad_2103_9,bad,CWE-79,False Negative
../../CrossVul/CWE-79/py/bad_2104_9,bad,CWE-79,False Negative
../../CrossVul/CWE-79/py/bad_2105_1,bad,CWE-79,False Negative
../../CrossVul/CWE-79/py/bad_2105_2,bad,CWE-79,False Negative
../../CrossVul/CWE-79/py/bad_2186_0,bad,CWE-79,False Negative
../../CrossVul/CWE-79/py/bad_2196_0,bad,CWE-79,False Negative
../../CrossVul/CWE-79/py/bad_3147_0,bad,CWE-79,False Negative
../../CrossVul/CWE-79/py/bad_2940_0,bad,CWE-79,False Negative
../../CrossVul/CWE-79/py/bad_2188_0,bad,CWE-79,False Negative
../../CrossVul/CWE-79/py/bad_3530_2,bad,CWE-79,False Negative
../../CrossVul/CWE-79/py/bad_3890_0,bad,CWE-79,False Negative
../../CrossVul/CWE-79/py/bad_3890_3,bad,CWE-79,False Negative
../../CrossVul/CWE-79/py/bad_3149_0,bad,CWE-79,False Negative
../../CrossVul/CWE-79/py/bad_3890_2,bad,CWE-79,False Negative
../../CrossVul/CWE-79/py/bad_4097_1,bad,CWE-79,False Negative
../../CrossVul/CWE-79/py/bad_4097_3,bad,CWE-79,False Negative
../../CrossVul/CWE-79/py/bad_40_0,bad,CWE-79,False Negative
../../CrossVul/CWE-79/py/bad_4389_0,bad,CWE-79,False Negative
../../CrossVul/CWE-79/py/bad_41_0,bad,CWE-79,False Negative
../../CrossVul/CWE-79/py/bad_4208_0,bad,CWE-79,False Negative
../../CrossVul/CWE-79/py/bad_4208_1,bad,CWE-79,False Negative
../../CrossVul/CWE-79/py/bad_4953_0,bad,CWE-79,False Negative
../../CrossVul/CWE-79/py/bad_447_0,bad,CWE-79,False Negative
../../CrossVul/CWE-79/py/bad_453_0,bad,CWE-79,False Negative
../../CrossVul/CWE-79/py/bad_5191_3,bad,CWE-79,False Negative
../../CrossVul/CWE-79/py/bad_5191_4,bad,CWE-79,False Negative
../../CrossVul/CWE-79/py/bad_5190_4,bad,CWE-79,False Negative
../../CrossVul/CWE-79/py/bad_5190_1,bad,CWE-79,False Negative
../../CrossVul/CWE-79/py/bad_5191_1,bad,CWE-79,False Negative
../../CrossVul/CWE-79/py/bad_5510_1,bad,CWE-79,False Negative
../../CrossVul/CWE-79/py/bad_5525_1,bad,CWE-79,False Negative
../../CrossVul/CWE-79/py/bad_5729_0,bad,CWE-79,False Negative
../../CrossVul/CWE-79/py/bad_5730_0,bad,CWE-79,False Negative
../../CrossVul/CWE-79/py/bad_5789_1,bad,CWE-79,False Negative
../../CrossVul/CWE-79/py/bad_5788_0,bad,CWE-79,False Negative
../../CrossVul/CWE-79/py/bad_5790_0,bad,CWE-79,False Negative
../../CrossVul/CWE-79/py/bad_5788_1,bad,CWE-79,False Negative
../../CrossVul/CWE-79/py/bad_5790_1,bad,CWE-79,False Negative
../../CrossVul/CWE-79/py/good_1091_1,good,CWE-79,True Negative
../../CrossVul/CWE-79/py/good_1456_0,good,CWE-79,True Negative
../../CrossVul/CWE-79/py/good_1644_0,good,CWE-79,True Negative
../../CrossVul/CWE-79/py/good_1091_0,good,CWE-79,True Negative
../../CrossVul/CWE-79/py/good_1644_2,good,CWE-79,True Negative
../../CrossVul/CWE-79/py/good_1644_10,good,CWE-79,True Negative
../../CrossVul/CWE-79/py/good_1644_1,good,CWE-79,True Negative
../../CrossVul/CWE-79/py/good_1644_3,good,CWE-79,True Negative
../../CrossVul/CWE-79/py/good_1644_7,good,CWE-79,True Negative
../../CrossVul/CWE-79/py/good_1644_4,good,CWE-79,True Negative
../../CrossVul/CWE-79/py/good_1644_6,good,CWE-79,True Negative
../../CrossVul/CWE-79/py/good_1644_8,good,CWE-79,True Negative
../../CrossVul/CWE-79/py/good_1644_9,good,CWE-79,True Negative
../../CrossVul/CWE-79/py/good_1645_0,good,CWE-79,True Negative
../../CrossVul/CWE-79/py/good_1727_0,good,CWE-79,True Negative
../../CrossVul/CWE-79/py/good_2104_9,good,CWE-79,True Negative
../../CrossVul/CWE-79/py/good_1735_1,good,CWE-79,True Negative
../../CrossVul/CWE-79/py/good_2103_9,good,CWE-79,True Negative
../../CrossVul/CWE-79/py/good_1729_0,good,CWE-79,True Negative
../../CrossVul/CWE-79/py/good_1728_0,good,CWE-79,True Negative
../../CrossVul/CWE-79/py/good_2186_0,good,CWE-79,True Negative
../../CrossVul/CWE-79/py/good_2105_1,good,CWE-79,True Negative
../../CrossVul/CWE-79/py/good_2105_2,good,CWE-79,True Negative
../../CrossVul/CWE-79/py/good_2188_0,good,CWE-79,True Negative
../../CrossVul/CWE-79/py/good_2196_0,good,CWE-79,True Negative
../../CrossVul/CWE-79/py/good_3147_0,good,CWE-79,True Negative
../../CrossVul/CWE-79/py/good_2940_0,good,CWE-79,True Negative
../../CrossVul/CWE-79/py/good_3890_0,good,CWE-79,True Negative
../../CrossVul/CWE-79/py/good_3530_2,good,CWE-79,True Negative
../../CrossVul/CWE-79/py/good_3149_0,good,CWE-79,True Negative
../../CrossVul/CWE-79/py/good_3890_3,good,CWE-79,True Negative
../../CrossVul/CWE-79/py/good_4097_1,good,CWE-79,True Negative
../../CrossVul/CWE-79/py/good_4097_3,good,CWE-79,True Negative
../../CrossVul/CWE-79/py/good_40_0,good,CWE-79,True Negative
../../CrossVul/CWE-79/py/good_3890_2,good,CWE-79,True Negative
../../CrossVul/CWE-79/py/good_41_0,good,CWE-79,True Negative
../../CrossVul/CWE-79/py/good_4208_0,good,CWE-79,True Negative
../../CrossVul/CWE-79/py/good_4208_1,good,CWE-79,True Negative
../../CrossVul/CWE-79/py/good_447_0,good,CWE-79,True Negative
../../CrossVul/CWE-79/py/good_4389_0,good,CWE-79,True Negative
../../CrossVul/CWE-79/py/good_4953_0,good,CWE-79,True Negative
../../CrossVul/CWE-79/py/good_453_0,good,CWE-79,True Negative
../../CrossVul/CWE-79/py/good_5190_1,good,CWE-79,True Negative
../../CrossVul/CWE-79/py/good_5190_4,good,CWE-79,True Negative
../../CrossVul/CWE-79/py/good_5191_3,good,CWE-79,True Negative
../../CrossVul/CWE-79/py/good_5191_1,good,CWE-79,True Negative
../../CrossVul/CWE-79/py/good_5191_4,good,CWE-79,True Negative
../../CrossVul/CWE-79/py/good_5510_1,good,CWE-79,True Negative
../../CrossVul/CWE-79/py/good_5729_0,good,CWE-79,True Negative
../../CrossVul/CWE-79/py/good_5525_1,good,CWE-79,True Negative
../../CrossVul/CWE-79/py/good_5730_0,good,CWE-79,True Negative
../../CrossVul/CWE-79/py/good_5788_0,good,CWE-79,True Negative
../../CrossVul/CWE-79/py/good_5788_1,good,CWE-79,True Negative
../../CrossVul/CWE-79/py/good_5789_1,good,CWE-79,True Negative
../../CrossVul/CWE-79/py/good_5790_0,good,CWE-79,True Negative
../../CrossVul/CWE-79/py/good_5790_1,good,CWE-79,True Negative
../../CrossVul/CWE-79/php/bad_103_0,bad,CWE-79,False Negative
../../CrossVul/CWE-79/php/bad_1034_0,bad,CWE-79,False Negative
../../CrossVul/CWE-79/php/bad_1078_0,bad,CWE-79,False Negative
../../CrossVul/CWE-79/php/bad_1072_0,bad,CWE-79,False Negative
../../CrossVul/CWE-79/php/bad_1073_0,bad,CWE-79,False Negative
../../CrossVul/CWE-79/php/bad_1082_0,bad,CWE-79,False Negative
../../CrossVul/CWE-79/php/bad_1093_0,bad,CWE-79,False Negative
../../CrossVul/CWE-79/php/bad_1117_0,bad,CWE-79,False Negative
../../CrossVul/CWE-79/php/bad_1117_1,bad,CWE-79,False Negative
../../CrossVul/CWE-79/php/bad_1093_1,bad,CWE-79,False Negative
../../CrossVul/CWE-79/php/bad_1117_3,bad,CWE-79,False Negative
../../CrossVul/CWE-79/php/bad_1117_2,bad,CWE-79,False Negative
../../CrossVul/CWE-79/php/bad_1134_1,bad,CWE-79,True Positive
../../CrossVul/CWE-79/php/bad_1126_0,bad,CWE-79,True Positive
../../CrossVul/CWE-79/php/bad_1135_0,bad,CWE-79,True Positive
../../CrossVul/CWE-79/php/bad_1136_0,bad,CWE-79,True Positive
../../CrossVul/CWE-79/php/bad_1137_0,bad,CWE-79,True Positive
../../CrossVul/CWE-79/php/bad_1138_0,bad,CWE-79,True Positive
../../CrossVul/CWE-79/php/bad_1141_0,bad,CWE-79,True Positive
../../CrossVul/CWE-79/php/bad_1139_0,bad,CWE-79,True Positive
../../CrossVul/CWE-79/php/bad_1142_0,bad,CWE-79,True Positive
../../CrossVul/CWE-79/php/bad_1143_0,bad,CWE-79,True Positive
../../CrossVul/CWE-79/php/bad_1146_0,bad,CWE-79,True Positive
../../CrossVul/CWE-79/php/bad_1140_0,bad,CWE-79,True Positive
../../CrossVul/CWE-79/php/bad_1145_0,bad,CWE-79,True Positive
../../CrossVul/CWE-79/php/bad_1144_0,bad,CWE-79,True Positive
../../CrossVul/CWE-79/php/bad_1148_0,bad,CWE-79,True Positive
../../CrossVul/CWE-79/php/bad_1149_0,bad,CWE-79,True Positive
../../CrossVul/CWE-79/php/bad_1150_0,bad,CWE-79,False Negative
../../CrossVul/CWE-79/php/bad_1151_0,bad,CWE-79,True Positive
../../CrossVul/CWE-79/php/bad_1155_0,bad,CWE-79,True Positive
../../CrossVul/CWE-79/php/bad_1157_0,bad,CWE-79,True Positive
../../CrossVul/CWE-79/php/bad_1156_0,bad,CWE-79,True Positive
../../CrossVul/CWE-79/php/bad_1227_0,bad,CWE-79,False Negative
../../CrossVul/CWE-79/php/bad_1208_1,bad,CWE-79,False Negative
../../CrossVul/CWE-79/php/bad_1159_0,bad,CWE-79,True Positive
../../CrossVul/CWE-79/php/bad_1289_0,bad,CWE-79,True Positive
../../CrossVul/CWE-79/php/bad_1292_0,bad,CWE-79,True Positive
../../CrossVul/CWE-79/php/bad_1294_0,bad,CWE-79,True Positive
../../CrossVul/CWE-79/php/bad_1295_0,bad,CWE-79,True Positive
../../CrossVul/CWE-79/php/bad_1290_0,bad,CWE-79,True Positive
../../CrossVul/CWE-79/php/bad_1296_0,bad,CWE-79,True Positive
../../CrossVul/CWE-79/php/bad_1293_0,bad,CWE-79,True Positive
../../CrossVul/CWE-79/php/bad_1340_1,bad,CWE-79,False Negative
../../CrossVul/CWE-79/php/bad_1355_0,bad,CWE-79,False Negative
../../CrossVul/CWE-79/php/bad_1340_0,bad,CWE-79,False Negative
../../CrossVul/CWE-79/php/bad_137_3,bad,CWE-79,False Negative
../../CrossVul/CWE-79/php/bad_137_1,bad,CWE-79,False Negative
../../CrossVul/CWE-79/php/bad_137_0,bad,CWE-79,True Positive
../../CrossVul/CWE-79/php/bad_1403_0,bad,CWE-79,False Negative
../../CrossVul/CWE-79/php/bad_1413_0,bad,CWE-79,False Negative
../../CrossVul/CWE-79/php/bad_1409_1,bad,CWE-79,False Negative
../../CrossVul/CWE-79/php/bad_1408_0,bad,CWE-79,True Positive
../../CrossVul/CWE-79/php/bad_1425_1,bad,CWE-79,True Positive
../../CrossVul/CWE-79/php/bad_1424_3,bad,CWE-79,True Positive
../../CrossVul/CWE-79/php/bad_1409_0,bad,CWE-79,False Negative
../../CrossVul/CWE-79/php/bad_1424_1,bad,CWE-79,True Positive
../../CrossVul/CWE-79/php/bad_1462_1,bad,CWE-79,False Negative
../../CrossVul/CWE-79/php/bad_1425_3,bad,CWE-79,True Positive
../../CrossVul/CWE-79/php/bad_1437_0,bad,CWE-79,False Negative
../../CrossVul/CWE-79/php/bad_1463_0,bad,CWE-79,False Negative
../../CrossVul/CWE-79/php/bad_1462_2,bad,CWE-79,False Negative
../../CrossVul/CWE-79/php/bad_1440_0,bad,CWE-79,True Positive
../../CrossVul/CWE-79/php/bad_1463_1,bad,CWE-79,False Negative
../../CrossVul/CWE-79/php/bad_1480_0,bad,CWE-79,False Negative
../../CrossVul/CWE-79/php/bad_1530_3,bad,CWE-79,True Positive
../../CrossVul/CWE-79/php/bad_1486_1,bad,CWE-79,False Negative
../../CrossVul/CWE-79/php/bad_1486_0,bad,CWE-79,False Negative
../../CrossVul/CWE-79/php/bad_1530_0,bad,CWE-79,False Negative
../../CrossVul/CWE-79/php/bad_1530_2,bad,CWE-79,True Positive
../../CrossVul/CWE-79/php/bad_1530_1,bad,CWE-79,False Negative
../../CrossVul/CWE-79/php/bad_1541_0,bad,CWE-79,False Negative
../../CrossVul/CWE-79/php/bad_1541_1,bad,CWE-79,False Negative
../../CrossVul/CWE-79/php/bad_1612_0,bad,CWE-79,False Negative
../../CrossVul/CWE-79/php/bad_1612_1,bad,CWE-79,False Negative
../../CrossVul/CWE-79/php/bad_1612_2,bad,CWE-79,False Negative
../../CrossVul/CWE-79/php/bad_1641_0,bad,CWE-79,False Negative
../../CrossVul/CWE-79/php/bad_1541_2,bad,CWE-79,True Positive
../../CrossVul/CWE-79/php/bad_1612_3,bad,CWE-79,False Negative
../../CrossVul/CWE-79/php/bad_1679_1,bad,CWE-79,False Negative
../../CrossVul/CWE-79/php/bad_1676_0,bad,CWE-79,True Positive
../../CrossVul/CWE-79/php/bad_1685_0,bad,CWE-79,False Negative
../../CrossVul/CWE-79/php/bad_1685_3,bad,CWE-79,True Positive
../../CrossVul/CWE-79/php/bad_1685_2,bad,CWE-79,True Positive
../../CrossVul/CWE-79/php/bad_1685_4,bad,CWE-79,True Positive
../../CrossVul/CWE-79/php/bad_1685_1,bad,CWE-79,True Positive
../../CrossVul/CWE-79/php/bad_1685_5,bad,CWE-79,False Negative
../../CrossVul/CWE-79/php/bad_1698_0,bad,CWE-79,False Negative
../../CrossVul/CWE-79/php/bad_173_0,bad,CWE-79,False Negative
../../CrossVul/CWE-79/php/bad_1698_1,bad,CWE-79,False Negative
../../CrossVul/CWE-79/php/bad_173_1,bad,CWE-79,False Negative
../../CrossVul/CWE-79/php/bad_1741_0,bad,CWE-79,False Negative
../../CrossVul/CWE-79/php/bad_1741_1,bad,CWE-79,False Negative
../../CrossVul/CWE-79/php/bad_1741_2,bad,CWE-79,False Negative
../../CrossVul/CWE-79/php/bad_1741_3,bad,CWE-79,False Negative
../../CrossVul/CWE-79/php/bad_1812_0,bad,CWE-79,False Negative
../../CrossVul/CWE-79/php/bad_1759_0,bad,CWE-79,True Positive
../../CrossVul/CWE-79/php/bad_1767_0,bad,CWE-79,False Negative
../../CrossVul/CWE-79/php/bad_1767_1,bad,CWE-79,False Negative
../../CrossVul/CWE-79/php/bad_1879_0,bad,CWE-79,False Negative
../../CrossVul/CWE-79/php/bad_1879_1,bad,CWE-79,True Positive
../../CrossVul/CWE-79/php/bad_1879_2,bad,CWE-79,False Negative
../../CrossVul/CWE-79/php/bad_1904_0,bad,CWE-79,True Positive
../../CrossVul/CWE-79/php/bad_1960_1,bad,CWE-79,False Negative
../../CrossVul/CWE-79/php/bad_1958_1,bad,CWE-79,False Negative
../../CrossVul/CWE-79/php/bad_1961_3,bad,CWE-79,False Negative
../../CrossVul/CWE-79/php/bad_1961_2,bad,CWE-79,False Negative
../../CrossVul/CWE-79/php/bad_1959_0,bad,CWE-79,False Negative
../../CrossVul/CWE-79/php/bad_1961_1,bad,CWE-79,False Negative
../../CrossVul/CWE-79/php/bad_1961_5,bad,CWE-79,False Negative
../../CrossVul/CWE-79/php/bad_1961_4,bad,CWE-79,False Negative
../../CrossVul/CWE-79/php/bad_1978_0,bad,CWE-79,False Negative
../../CrossVul/CWE-79/php/bad_1983_1,bad,CWE-79,False Negative
../../CrossVul/CWE-79/php/bad_1983_2,bad,CWE-79,False Negative
../../CrossVul/CWE-79/php/bad_1994_0,bad,CWE-79,False Negative
../../CrossVul/CWE-79/php/bad_2008_0,bad,CWE-79,False Negative
../../CrossVul/CWE-79/php/bad_2082_0,bad,CWE-79,False Negative
../../CrossVul/CWE-79/php/bad_2085_0,bad,CWE-79,False Negative
../../CrossVul/CWE-79/php/bad_2085_1,bad,CWE-79,False Negative
../../CrossVul/CWE-79/php/bad_2085_5,bad,CWE-79,False Negative
../../CrossVul/CWE-79/php/bad_2085_2,bad,CWE-79,False Negative
../../CrossVul/CWE-79/php/bad_2088_1,bad,CWE-79,False Negative
../../CrossVul/CWE-79/php/bad_2088_0,bad,CWE-79,False Negative
../../CrossVul/CWE-79/php/bad_2119_0,bad,CWE-79,False Negative
../../CrossVul/CWE-79/php/bad_2113_0,bad,CWE-79,True Positive
../../CrossVul/CWE-79/php/bad_2149_0,bad,CWE-79,False Negative
../../CrossVul/CWE-79/php/bad_2225_0,bad,CWE-79,False Negative
../../CrossVul/CWE-79/php/bad_2226_0,bad,CWE-79,False Negative
../../CrossVul/CWE-79/php/bad_211_0,bad,CWE-79,False Negative
../../CrossVul/CWE-79/php/bad_2229_0,bad,CWE-79,False Negative
../../CrossVul/CWE-79/php/bad_2228_0,bad,CWE-79,False Negative
../../CrossVul/CWE-79/php/bad_2238_0,bad,CWE-79,False Negative
../../CrossVul/CWE-79/php/bad_2230_0,bad,CWE-79,False Negative
../../CrossVul/CWE-79/php/bad_2267_1,bad,CWE-79,False Negative
../../CrossVul/CWE-79/php/bad_2267_0,bad,CWE-79,False Negative
../../CrossVul/CWE-79/php/bad_2238_1,bad,CWE-79,False Negative
../../CrossVul/CWE-79/php/bad_223_0,bad,CWE-79,False Negative
../../CrossVul/CWE-79/php/bad_2267_2,bad,CWE-79,False Negative
../../CrossVul/CWE-79/php/bad_2267_3,bad,CWE-79,False Negative
../../CrossVul/CWE-79/php/bad_2267_4,bad,CWE-79,False Negative
../../CrossVul/CWE-79/php/bad_2268_2,bad,CWE-79,False Negative
../../CrossVul/CWE-79/php/bad_2332_0,bad,CWE-79,False Negative
../../CrossVul/CWE-79/php/bad_2332_1,bad,CWE-79,True Positive
../../CrossVul/CWE-79/php/bad_2334_1,bad,CWE-79,True Positive
../../CrossVul/CWE-79/php/bad_2274_0,bad,CWE-79,True Positive
../../CrossVul/CWE-79/php/bad_2342_0,bad,CWE-79,False Negative
../../CrossVul/CWE-79/php/bad_2341_0,bad,CWE-79,False Negative
../../CrossVul/CWE-79/php/bad_2358_1,bad,CWE-79,False Negative
../../CrossVul/CWE-79/php/bad_2360_0,bad,CWE-79,False Negative
../../CrossVul/CWE-79/php/bad_2363_0,bad,CWE-79,False Negative
../../CrossVul/CWE-79/php/bad_2362_0,bad,CWE-79,False Negative
../../CrossVul/CWE-79/php/bad_2368_0,bad,CWE-79,False Negative
../../CrossVul/CWE-79/php/bad_2361_0,bad,CWE-79,False Negative
../../CrossVul/CWE-79/php/bad_2387_0,bad,CWE-79,False Negative
../../CrossVul/CWE-79/php/bad_2380_0,bad,CWE-79,False Negative
../../CrossVul/CWE-79/php/bad_2404_0,bad,CWE-79,False Negative
../../CrossVul/CWE-79/php/bad_2388_0,bad,CWE-79,False Negative
../../CrossVul/CWE-79/php/bad_2405_0,bad,CWE-79,False Negative
../../CrossVul/CWE-79/php/bad_2451_0,bad,CWE-79,False Negative
../../CrossVul/CWE-79/php/bad_2407_1,bad,CWE-79,False Negative
../../CrossVul/CWE-79/php/bad_2418_0,bad,CWE-79,False Negative
../../CrossVul/CWE-79/php/bad_2451_1,bad,CWE-79,False Negative
../../CrossVul/CWE-79/php/bad_2452_0,bad,CWE-79,False Negative
../../CrossVul/CWE-79/php/bad_2516_2,bad,CWE-79,False Negative
../../CrossVul/CWE-79/php/bad_2516_1,bad,CWE-79,False Negative
../../CrossVul/CWE-79/php/bad_2543_1,bad,CWE-79,False Negative
../../CrossVul/CWE-79/php/bad_2516_3,bad,CWE-79,True Positive
../../CrossVul/CWE-79/php/bad_2595_0,bad,CWE-79,False Negative
../../CrossVul/CWE-79/php/bad_2594_0,bad,CWE-79,False Negative
../../CrossVul/CWE-79/php/bad_2653_1,bad,CWE-79,False Negative
../../CrossVul/CWE-79/php/bad_2543_0,bad,CWE-79,False Negative
../../CrossVul/CWE-79/php/bad_2596_0,bad,CWE-79,False Negative
../../CrossVul/CWE-79/php/bad_2591_0,bad,CWE-79,False Negative
../../CrossVul/CWE-79/php/bad_271_0,bad,CWE-79,False Negative
../../CrossVul/CWE-79/php/bad_2743_0,bad,CWE-79,False Negative
../../CrossVul/CWE-79/php/bad_2772_0,bad,CWE-79,False Negative
../../CrossVul/CWE-79/php/bad_2772_5,bad,CWE-79,False Negative
../../CrossVul/CWE-79/php/bad_2772_4,bad,CWE-79,False Negative
../../CrossVul/CWE-79/php/bad_2772_2,bad,CWE-79,False Negative
../../CrossVul/CWE-79/php/bad_2772_1,bad,CWE-79,False Negative
../../CrossVul/CWE-79/php/bad_2772_3,bad,CWE-79,False Negative
../../CrossVul/CWE-79/php/bad_2773_3,bad,CWE-79,False Negative
../../CrossVul/CWE-79/php/bad_2773_1,bad,CWE-79,False Negative
../../CrossVul/CWE-79/php/bad_2773_0,bad,CWE-79,False Negative
../../CrossVul/CWE-79/php/bad_2772_6,bad,CWE-79,True Positive
../../CrossVul/CWE-79/php/bad_2773_2,bad,CWE-79,False Negative
../../CrossVul/CWE-79/php/bad_2797_0,bad,CWE-79,False Negative
../../CrossVul/CWE-79/php/bad_2805_0,bad,CWE-79,False Negative
../../CrossVul/CWE-79/php/bad_2792_0,bad,CWE-79,False Negative
../../CrossVul/CWE-79/php/bad_2826_0,bad,CWE-79,False Negative
../../CrossVul/CWE-79/php/bad_2805_2,bad,CWE-79,False Negative
../../CrossVul/CWE-79/php/bad_2805_3,bad,CWE-79,False Negative
../../CrossVul/CWE-79/php/bad_2805_1,bad,CWE-79,False Negative
../../CrossVul/CWE-79/php/bad_2827_0,bad,CWE-79,True Positive
../../CrossVul/CWE-79/php/bad_2831_0,bad,CWE-79,False Negative
../../CrossVul/CWE-79/php/bad_2831_2,bad,CWE-79,False Negative
../../CrossVul/CWE-79/php/bad_2849_0,bad,CWE-79,False Negative
../../CrossVul/CWE-79/php/bad_2854_10,bad,CWE-79,False Negative
../../CrossVul/CWE-79/php/bad_2844_0,bad,CWE-79,False Negative
../../CrossVul/CWE-79/php/bad_2854_11,bad,CWE-79,False Negative
../../CrossVul/CWE-79/php/bad_2854_13,bad,CWE-79,False Negative
../../CrossVul/CWE-79/php/bad_2854_14,bad,CWE-79,False Negative
../../CrossVul/CWE-79/php/bad_2854_12,bad,CWE-79,False Negative
../../CrossVul/CWE-79/php/bad_2854_17,bad,CWE-79,False Negative
../../CrossVul/CWE-79/php/bad_2854_15,bad,CWE-79,False Negative
../../CrossVul/CWE-79/php/bad_2854_18,bad,CWE-79,False Negative
../../CrossVul/CWE-79/php/bad_2854_16,bad,CWE-79,False Negative
../../CrossVul/CWE-79/php/bad_2854_19,bad,CWE-79,False Negative
../../CrossVul/CWE-79/php/bad_2854_2,bad,CWE-79,False Negative
../../CrossVul/CWE-79/php/bad_2854_21,bad,CWE-79,False Negative
../../CrossVul/CWE-79/php/bad_2854_20,bad,CWE-79,False Negative
../../CrossVul/CWE-79/php/bad_2854_24,bad,CWE-79,False Negative
../../CrossVul/CWE-79/php/bad_2854_23,bad,CWE-79,False Negative
../../CrossVul/CWE-79/php/bad_2854_25,bad,CWE-79,False Negative
../../CrossVul/CWE-79/php/bad_2854_22,bad,CWE-79,False Negative
../../CrossVul/CWE-79/php/bad_2854_29,bad,CWE-79,False Negative
../../CrossVul/CWE-79/php/bad_2854_3,bad,CWE-79,False Negative
../../CrossVul/CWE-79/php/bad_2854_27,bad,CWE-79,False Negative
../../CrossVul/CWE-79/php/bad_2854_26,bad,CWE-79,False Negative
../../CrossVul/CWE-79/php/bad_2854_6,bad,CWE-79,False Negative
../../CrossVul/CWE-79/php/bad_2854_5,bad,CWE-79,False Negative
../../CrossVul/CWE-79/php/bad_2854_7,bad,CWE-79,False Negative
../../CrossVul/CWE-79/php/bad_2854_4,bad,CWE-79,False Negative
../../CrossVul/CWE-79/php/bad_2857_0,bad,CWE-79,False Negative
../../CrossVul/CWE-79/php/bad_2854_9,bad,CWE-79,False Negative
../../CrossVul/CWE-79/php/bad_2873_0,bad,CWE-79,False Negative
../../CrossVul/CWE-79/php/bad_2854_8,bad,CWE-79,False Negative
../../CrossVul/CWE-79/php/bad_2883_0,bad,CWE-79,False Negative
../../CrossVul/CWE-79/php/bad_2874_0,bad,CWE-79,False Negative
../../CrossVul/CWE-79/php/bad_2874_1,bad,CWE-79,False Negative
../../CrossVul/CWE-79/php/bad_2883_1,bad,CWE-79,True Positive
../../CrossVul/CWE-79/php/bad_2885_0,bad,CWE-79,False Negative
../../CrossVul/CWE-79/php/bad_2883_2,bad,CWE-79,False Negative
../../CrossVul/CWE-79/php/bad_2883_4,bad,CWE-79,False Negative
../../CrossVul/CWE-79/php/bad_2883_3,bad,CWE-79,True Positive
../../CrossVul/CWE-79/php/bad_2941_0,bad,CWE-79,False Negative
../../CrossVul/CWE-79/php/bad_2886_0,bad,CWE-79,False Negative
../../CrossVul/CWE-79/php/bad_2932_0,bad,CWE-79,False Negative
../../CrossVul/CWE-79/php/bad_2942_0,bad,CWE-79,False Negative
../../CrossVul/CWE-79/php/bad_2961_1,bad,CWE-79,False Negative
../../CrossVul/CWE-79/php/bad_2943_0,bad,CWE-79,False Negative
../../CrossVul/CWE-79/php/bad_2961_0,bad,CWE-79,False Negative
../../CrossVul/CWE-79/php/bad_2962_0,bad,CWE-79,True Positive
../../CrossVul/CWE-79/php/bad_2973_0,bad,CWE-79,False Negative
../../CrossVul/CWE-79/php/bad_2963_0,bad,CWE-79,False Negative
../../CrossVul/CWE-79/php/bad_2963_1,bad,CWE-79,False Negative
../../CrossVul/CWE-79/php/bad_2962_1,bad,CWE-79,False Negative
../../CrossVul/CWE-79/php/bad_300_0,bad,CWE-79,False Negative
../../CrossVul/CWE-79/php/bad_300_10,bad,CWE-79,False Negative
../../CrossVul/CWE-79/php/bad_300_11,bad,CWE-79,False Negative
../../CrossVul/CWE-79/php/bad_300_1,bad,CWE-79,True Positive
../../CrossVul/CWE-79/php/bad_300_3,bad,CWE-79,False Negative
../../CrossVul/CWE-79/php/bad_300_2,bad,CWE-79,True Positive
../../CrossVul/CWE-79/php/bad_300_4,bad,CWE-79,False Negative
../../CrossVul/CWE-79/php/bad_300_5,bad,CWE-79,False Negative
../../CrossVul/CWE-79/php/bad_300_6,bad,CWE-79,False Negative
../../CrossVul/CWE-79/php/bad_300_7,bad,CWE-79,False Negative
../../CrossVul/CWE-79/php/bad_300_9,bad,CWE-79,False Negative
../../CrossVul/CWE-79/php/bad_300_8,bad,CWE-79,True Positive
../../CrossVul/CWE-79/php/bad_301_0,bad,CWE-79,False Negative
../../CrossVul/CWE-79/php/bad_301_11,bad,CWE-79,False Negative
../../CrossVul/CWE-79/php/bad_301_10,bad,CWE-79,False Negative
../../CrossVul/CWE-79/php/bad_301_1,bad,CWE-79,True Positive
../../CrossVul/CWE-79/php/bad_301_4,bad,CWE-79,False Negative
../../CrossVul/CWE-79/php/bad_301_3,bad,CWE-79,False Negative
../../CrossVul/CWE-79/php/bad_301_2,bad,CWE-79,True Positive
../../CrossVul/CWE-79/php/bad_301_5,bad,CWE-79,False Negative
../../CrossVul/CWE-79/php/bad_301_7,bad,CWE-79,False Negative
../../CrossVul/CWE-79/php/bad_301_6,bad,CWE-79,False Negative
../../CrossVul/CWE-79/php/bad_301_8,bad,CWE-79,True Positive
../../CrossVul/CWE-79/php/bad_302_0,bad,CWE-79,False Negative
../../CrossVul/CWE-79/php/bad_301_9,bad,CWE-79,False Negative
../../CrossVul/CWE-79/php/bad_302_1,bad,CWE-79,True Positive
../../CrossVul/CWE-79/php/bad_302_11,bad,CWE-79,False Negative
../../CrossVul/CWE-79/php/bad_302_10,bad,CWE-79,False Negative
../../CrossVul/CWE-79/php/bad_302_2,bad,CWE-79,True Positive
../../CrossVul/CWE-79/php/bad_302_3,bad,CWE-79,False Negative
../../CrossVul/CWE-79/php/bad_302_4,bad,CWE-79,False Negative
../../CrossVul/CWE-79/php/bad_302_6,bad,CWE-79,False Negative
../../CrossVul/CWE-79/php/bad_302_5,bad,CWE-79,False Negative
../../CrossVul/CWE-79/php/bad_302_7,bad,CWE-79,False Negative
../../CrossVul/CWE-79/php/bad_3031_0,bad,CWE-79,False Negative
../../CrossVul/CWE-79/php/bad_302_9,bad,CWE-79,False Negative
../../CrossVul/CWE-79/php/bad_3034_0,bad,CWE-79,False Negative
../../CrossVul/CWE-79/php/bad_302_8,bad,CWE-79,True Positive
../../CrossVul/CWE-79/php/bad_303_0,bad,CWE-79,False Negative
../../CrossVul/CWE-79/php/bad_303_10,bad,CWE-79,False Negative
../../CrossVul/CWE-79/php/bad_303_1,bad,CWE-79,True Positive
../../CrossVul/CWE-79/php/bad_303_3,bad,CWE-79,False Negative
../../CrossVul/CWE-79/php/bad_303_4,bad,CWE-79,False Negative
../../CrossVul/CWE-79/php/bad_303_11,bad,CWE-79,False Negative
../../CrossVul/CWE-79/php/bad_303_2,bad,CWE-79,True Positive
../../CrossVul/CWE-79/php/bad_303_5,bad,CWE-79,False Negative
../../CrossVul/CWE-79/php/bad_303_6,bad,CWE-79,False Negative
../../CrossVul/CWE-79/php/bad_303_7,bad,CWE-79,False Negative
../../CrossVul/CWE-79/php/bad_303_9,bad,CWE-79,False Negative
../../CrossVul/CWE-79/php/bad_304_0,bad,CWE-79,False Negative
../../CrossVul/CWE-79/php/bad_303_8,bad,CWE-79,True Positive
../../CrossVul/CWE-79/php/bad_304_10,bad,CWE-79,False Negative
../../CrossVul/CWE-79/php/bad_304_1,bad,CWE-79,True Positive
../../CrossVul/CWE-79/php/bad_304_11,bad,CWE-79,False Negative
../../CrossVul/CWE-79/php/bad_304_2,bad,CWE-79,True Positive
../../CrossVul/CWE-79/php/bad_304_3,bad,CWE-79,False Negative
../../CrossVul/CWE-79/php/bad_304_4,bad,CWE-79,False Negative
../../CrossVul/CWE-79/php/bad_304_5,bad,CWE-79,False Negative
../../CrossVul/CWE-79/php/bad_304_6,bad,CWE-79,False Negative
../../CrossVul/CWE-79/php/bad_304_7,bad,CWE-79,False Negative
../../CrossVul/CWE-79/php/bad_305_0,bad,CWE-79,False Negative
../../CrossVul/CWE-79/php/bad_304_9,bad,CWE-79,False Negative
../../CrossVul/CWE-79/php/bad_304_8,bad,CWE-79,True Positive
../../CrossVul/CWE-79/php/bad_305_10,bad,CWE-79,False Negative
../../CrossVul/CWE-79/php/bad_305_1,bad,CWE-79,True Positive
../../CrossVul/CWE-79/php/bad_305_11,bad,CWE-79,False Negative
../../CrossVul/CWE-79/php/bad_305_3,bad,CWE-79,False Negative
../../CrossVul/CWE-79/php/bad_305_4,bad,CWE-79,False Negative
../../CrossVul/CWE-79/php/bad_305_2,bad,CWE-79,True Positive
../../CrossVul/CWE-79/php/bad_305_5,bad,CWE-79,False Negative
../../CrossVul/CWE-79/php/bad_305_6,bad,CWE-79,False Negative
../../CrossVul/CWE-79/php/bad_305_7,bad,CWE-79,False Negative
../../CrossVul/CWE-79/php/bad_306_10,bad,CWE-79,False Negative
../../CrossVul/CWE-79/php/bad_305_9,bad,CWE-79,False Negative
../../CrossVul/CWE-79/php/bad_305_8,bad,CWE-79,True Positive
../../CrossVul/CWE-79/php/bad_306_0,bad,CWE-79,False Negative
../../CrossVul/CWE-79/php/bad_306_11,bad,CWE-79,False Negative
../../CrossVul/CWE-79/php/bad_306_2,bad,CWE-79,True Positive
../../CrossVul/CWE-79/php/bad_306_1,bad,CWE-79,True Positive
../../CrossVul/CWE-79/php/bad_306_5,bad,CWE-79,False Negative
../../CrossVul/CWE-79/php/bad_306_4,bad,CWE-79,False Negative
../../CrossVul/CWE-79/php/bad_306_3,bad,CWE-79,False Negative
../../CrossVul/CWE-79/php/bad_306_7,bad,CWE-79,False Negative
../../CrossVul/CWE-79/php/bad_306_6,bad,CWE-79,False Negative
../../CrossVul/CWE-79/php/bad_306_9,bad,CWE-79,False Negative
../../CrossVul/CWE-79/php/bad_306_8,bad,CWE-79,True Positive
../../CrossVul/CWE-79/php/bad_307_0,bad,CWE-79,False Negative
../../CrossVul/CWE-79/php/bad_307_11,bad,CWE-79,False Negative
../../CrossVul/CWE-79/php/bad_307_10,bad,CWE-79,False Negative
../../CrossVul/CWE-79/php/bad_307_3,bad,CWE-79,False Negative
../../CrossVul/CWE-79/php/bad_307_1,bad,CWE-79,True Positive
../../CrossVul/CWE-79/php/bad_307_2,bad,CWE-79,True Positive
../../CrossVul/CWE-79/php/bad_307_5,bad,CWE-79,False Negative
../../CrossVul/CWE-79/php/bad_307_4,bad,CWE-79,False Negative
../../CrossVul/CWE-79/php/bad_307_7,bad,CWE-79,False Negative
../../CrossVul/CWE-79/php/bad_307_6,bad,CWE-79,False Negative
../../CrossVul/CWE-79/php/bad_3096_1,bad,CWE-79,False Negative
../../CrossVul/CWE-79/php/bad_307_8,bad,CWE-79,True Positive
../../CrossVul/CWE-79/php/bad_3096_0,bad,CWE-79,True Positive
../../CrossVul/CWE-79/php/bad_307_9,bad,CWE-79,False Negative
../../CrossVul/CWE-79/php/bad_3101_0,bad,CWE-79,False Negative
../../CrossVul/CWE-79/php/bad_3097_1,bad,CWE-79,False Negative
../../CrossVul/CWE-79/php/bad_3097_0,bad,CWE-79,False Negative
../../CrossVul/CWE-79/php/bad_3101_1,bad,CWE-79,False Negative
../../CrossVul/CWE-79/php/bad_3135_0,bad,CWE-79,True Positive
../../CrossVul/CWE-79/php/bad_312_1,bad,CWE-79,True Positive
../../CrossVul/CWE-79/php/bad_3101_2,bad,CWE-79,False Negative
../../CrossVul/CWE-79/php/bad_3139_1,bad,CWE-79,False Negative
../../CrossVul/CWE-79/php/bad_3157_0,bad,CWE-79,True Positive
../../CrossVul/CWE-79/php/bad_3139_0,bad,CWE-79,False Negative
../../CrossVul/CWE-79/php/bad_3157_1,bad,CWE-79,True Positive
../../CrossVul/CWE-79/php/bad_3157_2,bad,CWE-79,True Positive
../../CrossVul/CWE-79/php/bad_3183_0,bad,CWE-79,False Negative
../../CrossVul/CWE-79/php/bad_3182_0,bad,CWE-79,False Negative
../../CrossVul/CWE-79/php/bad_3157_3,bad,CWE-79,True Positive
../../CrossVul/CWE-79/php/bad_3183_1,bad,CWE-79,False Negative
../../CrossVul/CWE-79/php/bad_3183_2,bad,CWE-79,False Negative
../../CrossVul/CWE-79/php/bad_3202_0,bad,CWE-79,False Negative
../../CrossVul/CWE-79/php/bad_3183_3,bad,CWE-79,True Positive
../../CrossVul/CWE-79/php/bad_3183_4,bad,CWE-79,True Positive
../../CrossVul/CWE-79/php/bad_3202_1,bad,CWE-79,False Negative
../../CrossVul/CWE-79/php/bad_3202_2,bad,CWE-79,False Negative
../../CrossVul/CWE-79/php/bad_3204_0,bad,CWE-79,False Negative
../../CrossVul/CWE-79/php/bad_3210_1,bad,CWE-79,False Negative
../../CrossVul/CWE-79/php/bad_3205_0,bad,CWE-79,False Negative
../../CrossVul/CWE-79/php/bad_3206_0,bad,CWE-79,False Negative
../../CrossVul/CWE-79/php/bad_3213_0,bad,CWE-79,False Negative
../../CrossVul/CWE-79/php/bad_3210_0,bad,CWE-79,True Positive
../../CrossVul/CWE-79/php/bad_3214_2,bad,CWE-79,False Negative
../../CrossVul/CWE-79/php/bad_3216_0,bad,CWE-79,False Negative
../../CrossVul/CWE-79/php/bad_3213_1,bad,CWE-79,False Negative
../../CrossVul/CWE-79/php/bad_3236_0,bad,CWE-79,False Negative
../../CrossVul/CWE-79/php/bad_3217_1,bad,CWE-79,False Negative
../../CrossVul/CWE-79/php/bad_3235_0,bad,CWE-79,False Negative
../../CrossVul/CWE-79/php/bad_3248_0,bad,CWE-79,False Negative
../../CrossVul/CWE-79/php/bad_3251_1,bad,CWE-79,False Negative
../../CrossVul/CWE-79/php/bad_3300_1,bad,CWE-79,True Positive
../../CrossVul/CWE-79/php/bad_3300_0,bad,CWE-79,True Positive
../../CrossVul/CWE-79/php/bad_3323_0,bad,CWE-79,False Negative
../../CrossVul/CWE-79/php/bad_3306_0,bad,CWE-79,False Negative
../../CrossVul/CWE-79/php/bad_3285_0,bad,CWE-79,False Negative
../../CrossVul/CWE-79/php/bad_3340_1,bad,CWE-79,False Negative
../../CrossVul/CWE-79/php/bad_3340_0,bad,CWE-79,True Positive
../../CrossVul/CWE-79/php/bad_3353_1,bad,CWE-79,False Negative
../../CrossVul/CWE-79/php/bad_3354_0,bad,CWE-79,False Negative
../../CrossVul/CWE-79/php/bad_3353_0,bad,CWE-79,False Negative
../../CrossVul/CWE-79/php/bad_3383_0,bad,CWE-79,False Negative
../../CrossVul/CWE-79/php/bad_3354_3,bad,CWE-79,False Negative
../../CrossVul/CWE-79/php/bad_3408_0,bad,CWE-79,False Negative
../../CrossVul/CWE-79/php/bad_3354_4,bad,CWE-79,False Negative
../../CrossVul/CWE-79/php/bad_3408_1,bad,CWE-79,False Negative
../../CrossVul/CWE-79/php/bad_3504_0,bad,CWE-79,False Negative
../../CrossVul/CWE-79/php/bad_3408_3,bad,CWE-79,True Positive
../../CrossVul/CWE-79/php/bad_3408_4,bad,CWE-79,True Positive
../../CrossVul/CWE-79/php/bad_3408_2,bad,CWE-79,True Positive
../../CrossVul/CWE-79/php/bad_3507_0,bad,CWE-79,False Negative
../../CrossVul/CWE-79/php/bad_3507_1,bad,CWE-79,False Negative
../../CrossVul/CWE-79/php/bad_3513_1,bad,CWE-79,False Negative
../../CrossVul/CWE-79/php/bad_3510_0,bad,CWE-79,True Positive
../../CrossVul/CWE-79/php/bad_3548_1,bad,CWE-79,False Negative
../../CrossVul/CWE-79/php/bad_3513_2,bad,CWE-79,False Negative
../../CrossVul/CWE-79/php/bad_3549_0,bad,CWE-79,False Negative
../../CrossVul/CWE-79/php/bad_3548_0,bad,CWE-79,False Negative
../../CrossVul/CWE-79/php/bad_3549_1,bad,CWE-79,False Negative
../../CrossVul/CWE-79/php/bad_3559_0,bad,CWE-79,False Negative
../../CrossVul/CWE-79/php/bad_3550_0,bad,CWE-79,False Negative
../../CrossVul/CWE-79/php/bad_3586_0,bad,CWE-79,False Negative
../../CrossVul/CWE-79/php/bad_3584_0,bad,CWE-79,False Negative
../../CrossVul/CWE-79/php/bad_3585_0,bad,CWE-79,False Negative
../../CrossVul/CWE-79/php/bad_3590_0,bad,CWE-79,False Negative
../../CrossVul/CWE-79/php/bad_3587_0,bad,CWE-79,True Positive
../../CrossVul/CWE-79/php/bad_3605_0,bad,CWE-79,False Negative
../../CrossVul/CWE-79/php/bad_3606_0,bad,CWE-79,False Negative
../../CrossVul/CWE-79/php/bad_3590_1,bad,CWE-79,False Negative
../../CrossVul/CWE-79/php/bad_3612_0,bad,CWE-79,False Negative
../../CrossVul/CWE-79/php/bad_3610_0,bad,CWE-79,False Negative
../../CrossVul/CWE-79/php/bad_3609_0,bad,CWE-79,False Negative
../../CrossVul/CWE-79/php/bad_3611_0,bad,CWE-79,False Negative
../../CrossVul/CWE-79/php/bad_3619_0,bad,CWE-79,False Negative
../../CrossVul/CWE-79/php/bad_3620_0,bad,CWE-79,False Negative
../../CrossVul/CWE-79/php/bad_3650_1,bad,CWE-79,False Negative
../../CrossVul/CWE-79/php/bad_3715_0,bad,CWE-79,False Negative
../../CrossVul/CWE-79/php/bad_36_0,bad,CWE-79,False Negative
../../CrossVul/CWE-79/php/bad_3639_0,bad,CWE-79,True Positive
../../CrossVul/CWE-79/php/bad_3718_1,bad,CWE-79,False Negative
../../CrossVul/CWE-79/php/bad_3715_1,bad,CWE-79,False Negative
../../CrossVul/CWE-79/php/bad_3742_0,bad,CWE-79,False Negative
../../CrossVul/CWE-79/php/bad_3743_0,bad,CWE-79,False Negative
../../CrossVul/CWE-79/php/bad_3745_0,bad,CWE-79,False Negative
../../CrossVul/CWE-79/php/bad_3748_0,bad,CWE-79,False Negative
../../CrossVul/CWE-79/php/bad_3747_0,bad,CWE-79,False Negative
../../CrossVul/CWE-79/php/bad_3745_1,bad,CWE-79,True Positive
../../CrossVul/CWE-79/php/bad_3750_0,bad,CWE-79,False Negative
../../CrossVul/CWE-79/php/bad_3750_1,bad,CWE-79,False Negative
../../CrossVul/CWE-79/php/bad_3749_0,bad,CWE-79,False Negative
../../CrossVul/CWE-79/php/bad_3753_0,bad,CWE-79,False Negative
../../CrossVul/CWE-79/php/bad_3750_2,bad,CWE-79,False Negative
../../CrossVul/CWE-79/php/bad_3750_5,bad,CWE-79,False Negative
../../CrossVul/CWE-79/php/bad_3750_4,bad,CWE-79,False Negative
../../CrossVul/CWE-79/php/bad_3750_3,bad,CWE-79,False Negative
../../CrossVul/CWE-79/php/bad_3756_2,bad,CWE-79,False Negative
../../CrossVul/CWE-79/php/bad_3756_4,bad,CWE-79,False Negative
../../CrossVul/CWE-79/php/bad_3756_0,bad,CWE-79,False Negative
../../CrossVul/CWE-79/php/bad_3776_1,bad,CWE-79,False Negative
../../CrossVul/CWE-79/php/bad_3776_3,bad,CWE-79,False Negative
../../CrossVul/CWE-79/php/bad_3776_0,bad,CWE-79,False Negative
../../CrossVul/CWE-79/php/bad_3776_2,bad,CWE-79,False Negative
../../CrossVul/CWE-79/php/bad_3756_6,bad,CWE-79,False Negative
../../CrossVul/CWE-79/php/bad_3776_5,bad,CWE-79,False Negative
../../CrossVul/CWE-79/php/bad_3776_4,bad,CWE-79,False Negative
../../CrossVul/CWE-79/php/bad_3777_0,bad,CWE-79,False Negative
../../CrossVul/CWE-79/php/bad_3777_2,bad,CWE-79,False Negative
../../CrossVul/CWE-79/php/bad_3777_3,bad,CWE-79,False Negative
../../CrossVul/CWE-79/php/bad_3777_1,bad,CWE-79,False Negative
../../CrossVul/CWE-79/php/bad_3778_0,bad,CWE-79,False Negative
../../CrossVul/CWE-79/php/bad_3778_2,bad,CWE-79,False Negative
../../CrossVul/CWE-79/php/bad_3778_1,bad,CWE-79,False Negative
../../CrossVul/CWE-79/php/bad_3778_3,bad,CWE-79,False Negative
../../CrossVul/CWE-79/php/bad_3821_1,bad,CWE-79,False Negative
../../CrossVul/CWE-79/php/bad_3798_0,bad,CWE-79,False Negative
../../CrossVul/CWE-79/php/bad_3821_2,bad,CWE-79,False Negative
../../CrossVul/CWE-79/php/bad_3884_1,bad,CWE-79,True Positive
../../CrossVul/CWE-79/php/bad_3884_0,bad,CWE-79,True Positive
../../CrossVul/CWE-79/php/bad_3926_0,bad,CWE-79,False Negative
../../CrossVul/CWE-79/php/bad_3926_2,bad,CWE-79,True Positive
../../CrossVul/CWE-79/php/bad_3926_1,bad,CWE-79,True Positive
../../CrossVul/CWE-79/php/bad_3926_3,bad,CWE-79,True Positive
../../CrossVul/CWE-79/php/bad_3926_4,bad,CWE-79,True Positive
../../CrossVul/CWE-79/php/bad_3926_6,bad,CWE-79,True Positive
../../CrossVul/CWE-79/php/bad_3926_5,bad,CWE-79,True Positive
../../CrossVul/CWE-79/php/bad_3940_0,bad,CWE-79,False Negative
../../CrossVul/CWE-79/php/bad_3941_0,bad,CWE-79,False Negative
../../CrossVul/CWE-79/php/bad_3940_2,bad,CWE-79,False Negative
../../CrossVul/CWE-79/php/bad_3941_1,bad,CWE-79,False Negative
../../CrossVul/CWE-79/php/bad_3940_1,bad,CWE-79,False Negative
../../CrossVul/CWE-79/php/bad_3977_0,bad,CWE-79,True Positive
../../CrossVul/CWE-79/php/bad_3977_2,bad,CWE-79,True Positive
../../CrossVul/CWE-79/php/bad_3977_1,bad,CWE-79,True Positive
../../CrossVul/CWE-79/php/bad_3999_1,bad,CWE-79,False Negative
../../CrossVul/CWE-79/php/bad_3999_2,bad,CWE-79,False Negative
../../CrossVul/CWE-79/php/bad_4046_2,bad,CWE-79,False Negative
../../CrossVul/CWE-79/php/bad_4067_0,bad,CWE-79,False Negative
../../CrossVul/CWE-79/php/bad_4047_2,bad,CWE-79,False Negative
../../CrossVul/CWE-79/php/bad_409_0,bad,CWE-79,False Negative
../../CrossVul/CWE-79/php/bad_4119_0,bad,CWE-79,False Negative
../../CrossVul/CWE-79/php/bad_4119_1,bad,CWE-79,False Negative
../../CrossVul/CWE-79/php/bad_4122_1,bad,CWE-79,False Negative
../../CrossVul/CWE-79/php/bad_4122_0,bad,CWE-79,False Negative
../../CrossVul/CWE-79/php/bad_4122_3,bad,CWE-79,False Negative
../../CrossVul/CWE-79/php/bad_4122_2,bad,CWE-79,False Negative
../../CrossVul/CWE-79/php/bad_4122_4,bad,CWE-79,False Negative
../../CrossVul/CWE-79/php/bad_4122_5,bad,CWE-79,False Negative
../../CrossVul/CWE-79/php/bad_4124_0,bad,CWE-79,False Negative
../../CrossVul/CWE-79/php/bad_4124_1,bad,CWE-79,True Positive
../../CrossVul/CWE-79/php/bad_4124_3,bad,CWE-79,False Negative
../../CrossVul/CWE-79/php/bad_4124_2,bad,CWE-79,False Negative
../../CrossVul/CWE-79/php/bad_4134_0,bad,CWE-79,False Negative
../../CrossVul/CWE-79/php/bad_4125_0,bad,CWE-79,False Negative
../../CrossVul/CWE-79/php/bad_4135_0,bad,CWE-79,False Negative
../../CrossVul/CWE-79/php/bad_4184_1,bad,CWE-79,False Negative
../../CrossVul/CWE-79/php/bad_4136_0,bad,CWE-79,False Negative
../../CrossVul/CWE-79/php/bad_4138_0,bad,CWE-79,True Positive
../../CrossVul/CWE-79/php/bad_4184_2,bad,CWE-79,False Negative
../../CrossVul/CWE-79/php/bad_4198_1,bad,CWE-79,False Negative
../../CrossVul/CWE-79/php/bad_4198_2,bad,CWE-79,False Negative
../../CrossVul/CWE-79/php/bad_4198_4,bad,CWE-79,False Negative
../../CrossVul/CWE-79/php/bad_4198_3,bad,CWE-79,False Negative
../../CrossVul/CWE-79/php/bad_4206_0,bad,CWE-79,False Negative
../../CrossVul/CWE-79/php/bad_4206_1,bad,CWE-79,False Negative
../../CrossVul/CWE-79/php/bad_4206_2,bad,CWE-79,False Negative
../../CrossVul/CWE-79/php/bad_4206_4,bad,CWE-79,False Negative
../../CrossVul/CWE-79/php/bad_4206_3,bad,CWE-79,False Negative
../../CrossVul/CWE-79/php/bad_4206_5,bad,CWE-79,False Negative
../../CrossVul/CWE-79/php/bad_4209_0,bad,CWE-79,False Negative
../../CrossVul/CWE-79/php/bad_4206_6,bad,CWE-79,False Negative
../../CrossVul/CWE-79/php/bad_4206_7,bad,CWE-79,False Negative
../../CrossVul/CWE-79/php/bad_4221_1,bad,CWE-79,False Negative
../../CrossVul/CWE-79/php/bad_4209_1,bad,CWE-79,False Negative
../../CrossVul/CWE-79/php/bad_4221_2,bad,CWE-79,False Negative
../../CrossVul/CWE-79/php/bad_4238_1,bad,CWE-79,False Negative
../../CrossVul/CWE-79/php/bad_4239_1,bad,CWE-79,False Negative
../../CrossVul/CWE-79/php/bad_4239_2,bad,CWE-79,False Negative
../../CrossVul/CWE-79/php/bad_4238_2,bad,CWE-79,False Negative
../../CrossVul/CWE-79/php/bad_423_0,bad,CWE-79,False Negative
../../CrossVul/CWE-79/php/bad_4241_1,bad,CWE-79,False Negative
../../CrossVul/CWE-79/php/bad_4248_1,bad,CWE-79,False Negative
../../CrossVul/CWE-79/php/bad_4248_0,bad,CWE-79,False Negative
../../CrossVul/CWE-79/php/bad_4241_0,bad,CWE-79,True Positive
../../CrossVul/CWE-79/php/bad_4248_4,bad,CWE-79,False Negative
../../CrossVul/CWE-79/php/bad_4248_2,bad,CWE-79,False Negative
../../CrossVul/CWE-79/php/bad_4248_3,bad,CWE-79,False Negative
../../CrossVul/CWE-79/php/bad_4248_5,bad,CWE-79,False Negative
../../CrossVul/CWE-79/php/bad_424_0,bad,CWE-79,False Negative
../../CrossVul/CWE-79/php/bad_424_1,bad,CWE-79,False Negative
../../CrossVul/CWE-79/php/bad_424_3,bad,CWE-79,True Positive
../../CrossVul/CWE-79/php/bad_424_2,bad,CWE-79,False Negative
../../CrossVul/CWE-79/php/bad_424_4,bad,CWE-79,False Negative
../../CrossVul/CWE-79/php/bad_424_5,bad,CWE-79,True Positive
../../CrossVul/CWE-79/php/bad_424_6,bad,CWE-79,False Negative
../../CrossVul/CWE-79/php/bad_424_8,bad,CWE-79,False Negative
../../CrossVul/CWE-79/php/bad_424_7,bad,CWE-79,False Negative
../../CrossVul/CWE-79/php/bad_425_1,bad,CWE-79,False Negative
../../CrossVul/CWE-79/php/bad_425_0,bad,CWE-79,False Negative
../../CrossVul/CWE-79/php/bad_425_2,bad,CWE-79,False Negative
../../CrossVul/CWE-79/php/bad_425_5,bad,CWE-79,True Positive
../../CrossVul/CWE-79/php/bad_425_4,bad,CWE-79,False Negative
../../CrossVul/CWE-79/php/bad_425_3,bad,CWE-79,True Positive
../../CrossVul/CWE-79/php/bad_425_6,bad,CWE-79,False Negative
../../CrossVul/CWE-79/php/bad_425_7,bad,CWE-79,False Negative
../../CrossVul/CWE-79/php/bad_425_8,bad,CWE-79,False Negative
../../CrossVul/CWE-79/php/bad_426_0,bad,CWE-79,False Negative
../../CrossVul/CWE-79/php/bad_426_1,bad,CWE-79,False Negative
../../CrossVul/CWE-79/php/bad_426_5,bad,CWE-79,True Positive
../../CrossVul/CWE-79/php/bad_426_2,bad,CWE-79,False Negative
../../CrossVul/CWE-79/php/bad_426_4,bad,CWE-79,False Negative
../../CrossVul/CWE-79/php/bad_426_6,bad,CWE-79,False Negative
../../CrossVul/CWE-79/php/bad_426_3,bad,CWE-79,True Positive
../../CrossVul/CWE-79/php/bad_426_8,bad,CWE-79,False Negative
../../CrossVul/CWE-79/php/bad_426_7,bad,CWE-79,False Negative
../../CrossVul/CWE-79/php/bad_427_1,bad,CWE-79,False Negative
../../CrossVul/CWE-79/php/bad_427_0,bad,CWE-79,False Negative
../../CrossVul/CWE-79/php/bad_4274_0,bad,CWE-79,True Positive
../../CrossVul/CWE-79/php/bad_427_3,bad,CWE-79,True Positive
../../CrossVul/CWE-79/php/bad_427_2,bad,CWE-79,False Negative
../../CrossVul/CWE-79/php/bad_427_6,bad,CWE-79,False Negative
../../CrossVul/CWE-79/php/bad_427_4,bad,CWE-79,False Negative
../../CrossVul/CWE-79/php/bad_427_5,bad,CWE-79,True Positive
../../CrossVul/CWE-79/php/bad_427_7,bad,CWE-79,False Negative
../../CrossVul/CWE-79/php/bad_427_8,bad,CWE-79,False Negative
../../CrossVul/CWE-79/php/bad_428_1,bad,CWE-79,False Negative
../../CrossVul/CWE-79/php/bad_428_0,bad,CWE-79,False Negative
../../CrossVul/CWE-79/php/bad_428_4,bad,CWE-79,False Negative
../../CrossVul/CWE-79/php/bad_428_2,bad,CWE-79,False Negative
../../CrossVul/CWE-79/php/bad_428_6,bad,CWE-79,False Negative
../../CrossVul/CWE-79/php/bad_428_7,bad,CWE-79,False Negative
../../CrossVul/CWE-79/php/bad_428_5,bad,CWE-79,True Positive
../../CrossVul/CWE-79/php/bad_428_3,bad,CWE-79,True Positive
../../CrossVul/CWE-79/php/bad_4292_0,bad,CWE-79,False Negative
../../CrossVul/CWE-79/php/bad_428_8,bad,CWE-79,False Negative
../../CrossVul/CWE-79/php/bad_4292_1,bad,CWE-79,False Negative
../../CrossVul/CWE-79/php/bad_4292_2,bad,CWE-79,False Negative
../../CrossVul/CWE-79/php/bad_4292_3,bad,CWE-79,False Negative
../../CrossVul/CWE-79/php/bad_4293_0,bad,CWE-79,False Negative
../../CrossVul/CWE-79/php/bad_4292_4,bad,CWE-79,False Negative
../../CrossVul/CWE-79/php/bad_4292_5,bad,CWE-79,True Positive
../../CrossVul/CWE-79/php/bad_4297_1,bad,CWE-79,False Negative
../../CrossVul/CWE-79/php/bad_429_0,bad,CWE-79,False Negative
../../CrossVul/CWE-79/php/bad_4298_0,bad,CWE-79,True Positive
../../CrossVul/CWE-79/php/bad_429_3,bad,CWE-79,True Positive
../../CrossVul/CWE-79/php/bad_4298_1,bad,CWE-79,True Positive
../../CrossVul/CWE-79/php/bad_429_1,bad,CWE-79,False Negative
../../CrossVul/CWE-79/php/bad_429_2,bad,CWE-79,False Negative
../../CrossVul/CWE-79/php/bad_429_4,bad,CWE-79,False Negative
../../CrossVul/CWE-79/php/bad_429_7,bad,CWE-79,False Negative
../../CrossVul/CWE-79/php/bad_429_6,bad,CWE-79,False Negative
../../CrossVul/CWE-79/php/bad_429_5,bad,CWE-79,True Positive
../../CrossVul/CWE-79/php/bad_429_8,bad,CWE-79,False Negative
../../CrossVul/CWE-79/php/bad_4303_0,bad,CWE-79,False Negative
../../CrossVul/CWE-79/php/bad_4304_0,bad,CWE-79,False Negative
../../CrossVul/CWE-79/php/bad_4305_1,bad,CWE-79,False Negative
../../CrossVul/CWE-79/php/bad_4305_0,bad,CWE-79,False Negative
../../CrossVul/CWE-79/php/bad_4305_2,bad,CWE-79,False Negative
../../CrossVul/CWE-79/php/bad_430_0,bad,CWE-79,False Negative
../../CrossVul/CWE-79/php/bad_4305_3,bad,CWE-79,False Negative
../../CrossVul/CWE-79/php/bad_4307_0,bad,CWE-79,False Negative
../../CrossVul/CWE-79/php/bad_430_2,bad,CWE-79,False Negative
../../CrossVul/CWE-79/php/bad_430_1,bad,CWE-79,False Negative
../../CrossVul/CWE-79/php/bad_430_3,bad,CWE-79,True Positive
../../CrossVul/CWE-79/php/bad_430_4,bad,CWE-79,False Negative
../../CrossVul/CWE-79/php/bad_430_6,bad,CWE-79,False Negative
../../CrossVul/CWE-79/php/bad_430_8,bad,CWE-79,False Negative
../../CrossVul/CWE-79/php/bad_430_7,bad,CWE-79,False Negative
../../CrossVul/CWE-79/php/bad_430_5,bad,CWE-79,True Positive
../../CrossVul/CWE-79/php/bad_4315_0,bad,CWE-79,False Negative
../../CrossVul/CWE-79/php/bad_4315_1,bad,CWE-79,False Negative
../../CrossVul/CWE-79/php/bad_4327_1,bad,CWE-79,False Negative
../../CrossVul/CWE-79/php/bad_4327_0,bad,CWE-79,False Negative
../../CrossVul/CWE-79/php/bad_4327_3,bad,CWE-79,False Negative
../../CrossVul/CWE-79/php/bad_4327_4,bad,CWE-79,False Negative
../../CrossVul/CWE-79/php/bad_4327_2,bad,CWE-79,False Negative
../../CrossVul/CWE-79/php/bad_4328_0,bad,CWE-79,False Negative
../../CrossVul/CWE-79/php/bad_4328_1,bad,CWE-79,False Negative
../../CrossVul/CWE-79/php/bad_4333_0,bad,CWE-79,False Negative
../../CrossVul/CWE-79/php/bad_4333_3,bad,CWE-79,False Negative
../../CrossVul/CWE-79/php/bad_4333_2,bad,CWE-79,False Negative
../../CrossVul/CWE-79/php/bad_4333_5,bad,CWE-79,False Negative
../../CrossVul/CWE-79/php/bad_4333_4,bad,CWE-79,False Negative
../../CrossVul/CWE-79/php/bad_4333_1,bad,CWE-79,False Negative
../../CrossVul/CWE-79/php/bad_4333_6,bad,CWE-79,False Negative
../../CrossVul/CWE-79/php/bad_4338_0,bad,CWE-79,False Negative
../../CrossVul/CWE-79/php/bad_4333_7,bad,CWE-79,False Negative
../../CrossVul/CWE-79/php/bad_4338_1,bad,CWE-79,False Negative
../../CrossVul/CWE-79/php/bad_4338_2,bad,CWE-79,False Negative
../../CrossVul/CWE-79/php/bad_4338_4,bad,CWE-79,False Negative
../../CrossVul/CWE-79/php/bad_4338_3,bad,CWE-79,False Negative
../../CrossVul/CWE-79/php/bad_4408_0,bad,CWE-79,True Positive
../../CrossVul/CWE-79/php/bad_4412_0,bad,CWE-79,False Negative
../../CrossVul/CWE-79/php/bad_4412_2,bad,CWE-79,False Negative
../../CrossVul/CWE-79/php/bad_4447_0,bad,CWE-79,False Negative
../../CrossVul/CWE-79/php/bad_4447_1,bad,CWE-79,False Negative
../../CrossVul/CWE-79/php/bad_4412_1,bad,CWE-79,True Positive
../../CrossVul/CWE-79/php/bad_4448_0,bad,CWE-79,False Negative
../../CrossVul/CWE-79/php/bad_4447_2,bad,CWE-79,False Negative
../../CrossVul/CWE-79/php/bad_4454_1,bad,CWE-79,False Negative
../../CrossVul/CWE-79/php/bad_4448_1,bad,CWE-79,False Negative
../../CrossVul/CWE-79/php/bad_4454_0,bad,CWE-79,False Negative
../../CrossVul/CWE-79/php/bad_4473_1,bad,CWE-79,False Negative
../../CrossVul/CWE-79/php/bad_4467_0,bad,CWE-79,False Negative
../../CrossVul/CWE-79/php/bad_4529_3,bad,CWE-79,False Negative
../../CrossVul/CWE-79/php/bad_4529_4,bad,CWE-79,False Negative
../../CrossVul/CWE-79/php/bad_4474_0,bad,CWE-79,False Negative
../../CrossVul/CWE-79/php/bad_4560_0,bad,CWE-79,False Negative
../../CrossVul/CWE-79/php/bad_4561_1,bad,CWE-79,False Negative
../../CrossVul/CWE-79/php/bad_4561_2,bad,CWE-79,False Negative
../../CrossVul/CWE-79/php/bad_4561_0,bad,CWE-79,False Negative
../../CrossVul/CWE-79/php/bad_4566_0,bad,CWE-79,False Negative
../../CrossVul/CWE-79/php/bad_4567_0,bad,CWE-79,False Negative
../../CrossVul/CWE-79/php/bad_4564_1,bad,CWE-79,False Negative
../../CrossVul/CWE-79/php/bad_4568_0,bad,CWE-79,False Negative
../../CrossVul/CWE-79/php/bad_4570_0,bad,CWE-79,False Negative
../../CrossVul/CWE-79/php/bad_4569_0,bad,CWE-79,False Negative
../../CrossVul/CWE-79/php/bad_4571_0,bad,CWE-79,False Negative
../../CrossVul/CWE-79/php/bad_4656_0,bad,CWE-79,False Negative
../../CrossVul/CWE-79/php/bad_4573_0,bad,CWE-79,False Negative
../../CrossVul/CWE-79/php/bad_4578_1,bad,CWE-79,False Negative
../../CrossVul/CWE-79/php/bad_4682_0,bad,CWE-79,False Negative
../../CrossVul/CWE-79/php/bad_471_1,bad,CWE-79,True Positive
../../CrossVul/CWE-79/php/bad_471_0,bad,CWE-79,True Positive
../../CrossVul/CWE-79/php/bad_472_0,bad,CWE-79,False Negative
../../CrossVul/CWE-79/php/bad_4794_0,bad,CWE-79,True Positive
../../CrossVul/CWE-79/php/bad_478_0,bad,CWE-79,False Negative
../../CrossVul/CWE-79/php/bad_474_0,bad,CWE-79,True Positive
../../CrossVul/CWE-79/php/bad_475_0,bad,CWE-79,True Positive
../../CrossVul/CWE-79/php/bad_481_1,bad,CWE-79,False Negative
../../CrossVul/CWE-79/php/bad_481_0,bad,CWE-79,False Negative
../../CrossVul/CWE-79/php/bad_479_0,bad,CWE-79,False Negative
../../CrossVul/CWE-79/php/bad_482_0,bad,CWE-79,False Negative
../../CrossVul/CWE-79/php/bad_4845_2,bad,CWE-79,False Negative
../../CrossVul/CWE-79/php/bad_482_1,bad,CWE-79,False Negative
../../CrossVul/CWE-79/php/bad_4845_1,bad,CWE-79,True Positive
../../CrossVul/CWE-79/php/bad_4845_4,bad,CWE-79,False Negative
../../CrossVul/CWE-79/php/bad_4848_0,bad,CWE-79,False Negative
../../CrossVul/CWE-79/php/bad_4890_0,bad,CWE-79,True Positive
../../CrossVul/CWE-79/php/bad_4891_0,bad,CWE-79,True Positive
../../CrossVul/CWE-79/php/bad_491_0,bad,CWE-79,False Negative
../../CrossVul/CWE-79/php/bad_491_1,bad,CWE-79,False Negative
../../CrossVul/CWE-79/php/bad_4895_0,bad,CWE-79,False Negative
../../CrossVul/CWE-79/php/bad_491_2,bad,CWE-79,False Negative
../../CrossVul/CWE-79/php/bad_4929_0,bad,CWE-79,False Negative
../../CrossVul/CWE-79/php/bad_4895_1,bad,CWE-79,True Positive
../../CrossVul/CWE-79/php/bad_4929_4,bad,CWE-79,True Positive
../../CrossVul/CWE-79/php/bad_4929_5,bad,CWE-79,True Positive
../../CrossVul/CWE-79/php/bad_4929_7,bad,CWE-79,False Negative
../../CrossVul/CWE-79/php/bad_4929_6,bad,CWE-79,True Positive
../../CrossVul/CWE-79/php/bad_4969_0,bad,CWE-79,False Negative
../../CrossVul/CWE-79/php/bad_493_0,bad,CWE-79,False Negative
../../CrossVul/CWE-79/php/bad_4974_0,bad,CWE-79,True Positive
../../CrossVul/CWE-79/php/bad_4976_0,bad,CWE-79,True Positive
../../CrossVul/CWE-79/php/bad_4979_0,bad,CWE-79,True Positive
../../CrossVul/CWE-79/php/bad_5090_2,bad,CWE-79,False Negative
../../CrossVul/CWE-79/php/bad_5090_0,bad,CWE-79,False Negative
../../CrossVul/CWE-79/php/bad_5068_0,bad,CWE-79,True Positive
../../CrossVul/CWE-79/php/bad_5100_0,bad,CWE-79,False Negative
../../CrossVul/CWE-79/php/bad_5118_0,bad,CWE-79,False Negative
../../CrossVul/CWE-79/php/bad_5100_1,bad,CWE-79,False Negative
../../CrossVul/CWE-79/php/bad_5118_1,bad,CWE-79,False Negative
../../CrossVul/CWE-79/php/bad_5119_0,bad,CWE-79,False Negative
../../CrossVul/CWE-79/php/bad_5119_1,bad,CWE-79,False Negative
../../CrossVul/CWE-79/php/bad_5119_3,bad,CWE-79,False Negative
../../CrossVul/CWE-79/php/bad_5119_2,bad,CWE-79,False Negative
../../CrossVul/CWE-79/php/bad_5119_4,bad,CWE-79,False Negative
../../CrossVul/CWE-79/php/bad_5119_5,bad,CWE-79,False Negative
../../CrossVul/CWE-79/php/bad_5153_0,bad,CWE-79,False Negative
../../CrossVul/CWE-79/php/bad_5148_0,bad,CWE-79,False Negative
../../CrossVul/CWE-79/php/bad_5138_0,bad,CWE-79,False Negative
../../CrossVul/CWE-79/php/bad_5149_0,bad,CWE-79,False Negative
../../CrossVul/CWE-79/php/bad_5153_1,bad,CWE-79,False Negative
../../CrossVul/CWE-79/php/bad_5158_0,bad,CWE-79,False Negative
../../CrossVul/CWE-79/php/bad_5158_1,bad,CWE-79,False Negative
../../CrossVul/CWE-79/php/bad_5158_10,bad,CWE-79,False Negative
../../CrossVul/CWE-79/php/bad_5158_4,bad,CWE-79,False Negative
../../CrossVul/CWE-79/php/bad_5158_3,bad,CWE-79,False Negative
../../CrossVul/CWE-79/php/bad_5158_2,bad,CWE-79,False Negative
../../CrossVul/CWE-79/php/bad_5158_5,bad,CWE-79,False Negative
../../CrossVul/CWE-79/php/bad_5158_7,bad,CWE-79,False Negative
../../CrossVul/CWE-79/php/bad_5158_6,bad,CWE-79,False Negative
../../CrossVul/CWE-79/php/bad_5158_8,bad,CWE-79,False Negative
../../CrossVul/CWE-79/php/bad_515_1,bad,CWE-79,False Negative
../../CrossVul/CWE-79/php/bad_515_2,bad,CWE-79,False Negative
../../CrossVul/CWE-79/php/bad_515_10,bad,CWE-79,False Negative
../../CrossVul/CWE-79/php/bad_515_3,bad,CWE-79,False Negative
../../CrossVul/CWE-79/php/bad_515_11,bad,CWE-79,False Negative
../../CrossVul/CWE-79/php/bad_515_5,bad,CWE-79,False Negative
../../CrossVul/CWE-79/php/bad_515_4,bad,CWE-79,False Negative
../../CrossVul/CWE-79/php/bad_515_6,bad,CWE-79,False Negative
../../CrossVul/CWE-79/php/bad_515_7,bad,CWE-79,False Negative
../../CrossVul/CWE-79/php/bad_5175_0,bad,CWE-79,False Negative
../../CrossVul/CWE-79/php/bad_515_8,bad,CWE-79,False Negative
../../CrossVul/CWE-79/php/bad_516_1,bad,CWE-79,False Negative
../../CrossVul/CWE-79/php/bad_515_9,bad,CWE-79,False Negative
../../CrossVul/CWE-79/php/bad_5175_2,bad,CWE-79,False Negative
../../CrossVul/CWE-79/php/bad_5175_1,bad,CWE-79,False Negative
../../CrossVul/CWE-79/php/bad_5251_0,bad,CWE-79,False Negative
../../CrossVul/CWE-79/php/bad_5251_4,bad,CWE-79,False Negative
../../CrossVul/CWE-79/php/bad_5227_0,bad,CWE-79,False Negative
../../CrossVul/CWE-79/php/bad_5251_1,bad,CWE-79,False Negative
../../CrossVul/CWE-79/php/bad_5251_2,bad,CWE-79,False Negative
../../CrossVul/CWE-79/php/bad_5275_1,bad,CWE-79,False Negative
../../CrossVul/CWE-79/php/bad_535_0,bad,CWE-79,True Positive
../../CrossVul/CWE-79/php/bad_5275_0,bad,CWE-79,True Positive
../../CrossVul/CWE-79/php/bad_5424_2,bad,CWE-79,False Negative
../../CrossVul/CWE-79/php/bad_5387_0,bad,CWE-79,False Negative
../../CrossVul/CWE-79/php/bad_5424_0,bad,CWE-79,False Negative
../../CrossVul/CWE-79/php/bad_5425_0,bad,CWE-79,False Negative
../../CrossVul/CWE-79/php/bad_5426_0,bad,CWE-79,False Negative
../../CrossVul/CWE-79/php/bad_5428_0,bad,CWE-79,False Negative
../../CrossVul/CWE-79/php/bad_5427_0,bad,CWE-79,False Negative
../../CrossVul/CWE-79/php/bad_5453_1,bad,CWE-79,False Negative
../../CrossVul/CWE-79/php/bad_5452_0,bad,CWE-79,False Negative
../../CrossVul/CWE-79/php/bad_5453_0,bad,CWE-79,False Negative
../../CrossVul/CWE-79/php/bad_5454_0,bad,CWE-79,False Negative
../../CrossVul/CWE-79/php/bad_5452_1,bad,CWE-79,False Negative
../../CrossVul/CWE-79/php/bad_5455_0,bad,CWE-79,False Negative
../../CrossVul/CWE-79/php/bad_5455_2,bad,CWE-79,False Negative
../../CrossVul/CWE-79/php/bad_5455_1,bad,CWE-79,False Negative
../../CrossVul/CWE-79/php/bad_5455_4,bad,CWE-79,False Negative
../../CrossVul/CWE-79/php/bad_5455_6,bad,CWE-79,False Negative
../../CrossVul/CWE-79/php/bad_5455_3,bad,CWE-79,False Negative
../../CrossVul/CWE-79/php/bad_5455_7,bad,CWE-79,False Negative
../../CrossVul/CWE-79/php/bad_5456_0,bad,CWE-79,False Negative
../../CrossVul/CWE-79/php/bad_5456_2,bad,CWE-79,False Negative
../../CrossVul/CWE-79/php/bad_5456_1,bad,CWE-79,False Negative
../../CrossVul/CWE-79/php/bad_5455_8,bad,CWE-79,False Negative
../../CrossVul/CWE-79/php/bad_5456_6,bad,CWE-79,False Negative
../../CrossVul/CWE-79/php/bad_5456_3,bad,CWE-79,False Negative
../../CrossVul/CWE-79/php/bad_5456_4,bad,CWE-79,False Negative
../../CrossVul/CWE-79/php/bad_5456_8,bad,CWE-79,False Negative
../../CrossVul/CWE-79/php/bad_5456_7,bad,CWE-79,False Negative
../../CrossVul/CWE-79/php/bad_5457_0,bad,CWE-79,False Negative
../../CrossVul/CWE-79/php/bad_5457_2,bad,CWE-79,False Negative
../../CrossVul/CWE-79/php/bad_5457_1,bad,CWE-79,False Negative
../../CrossVul/CWE-79/php/bad_5457_5,bad,CWE-79,False Negative
../../CrossVul/CWE-79/php/bad_5457_3,bad,CWE-79,False Negative
../../CrossVul/CWE-79/php/bad_5457_7,bad,CWE-79,False Negative
../../CrossVul/CWE-79/php/bad_5457_4,bad,CWE-79,False Negative
../../CrossVul/CWE-79/php/bad_5457_6,bad,CWE-79,False Negative
../../CrossVul/CWE-79/php/bad_5536_0,bad,CWE-79,False Negative
../../CrossVul/CWE-79/php/bad_5537_0,bad,CWE-79,False Negative
../../CrossVul/CWE-79/php/bad_5547_13,bad,CWE-79,False Negative
../../CrossVul/CWE-79/php/bad_5547_12,bad,CWE-79,False Negative
../../CrossVul/CWE-79/php/bad_5547_10,bad,CWE-79,False Negative
../../CrossVul/CWE-79/php/bad_5547_15,bad,CWE-79,False Negative
../../CrossVul/CWE-79/php/bad_5547_14,bad,CWE-79,False Negative
../../CrossVul/CWE-79/php/bad_5547_16,bad,CWE-79,False Negative
../../CrossVul/CWE-79/php/bad_5547_17,bad,CWE-79,False Negative
../../CrossVul/CWE-79/php/bad_5547_18,bad,CWE-79,False Negative
../../CrossVul/CWE-79/php/bad_5547_21,bad,CWE-79,False Negative
../../CrossVul/CWE-79/php/bad_5547_20,bad,CWE-79,False Negative
../../CrossVul/CWE-79/php/bad_5547_19,bad,CWE-79,False Negative
../../CrossVul/CWE-79/php/bad_5547_23,bad,CWE-79,False Negative
../../CrossVul/CWE-79/php/bad_5547_24,bad,CWE-79,False Negative
../../CrossVul/CWE-79/php/bad_5547_22,bad,CWE-79,False Negative
../../CrossVul/CWE-79/php/bad_5547_6,bad,CWE-79,False Negative
../../CrossVul/CWE-79/php/bad_5547_7,bad,CWE-79,False Negative
../../CrossVul/CWE-79/php/bad_5547_8,bad,CWE-79,False Negative
../../CrossVul/CWE-79/php/bad_5548_0,bad,CWE-79,False Negative
../../CrossVul/CWE-79/php/bad_5547_9,bad,CWE-79,False Negative
../../CrossVul/CWE-79/php/bad_5548_2,bad,CWE-79,False Negative
../../CrossVul/CWE-79/php/bad_5548_1,bad,CWE-79,False Negative
../../CrossVul/CWE-79/php/bad_5560_2,bad,CWE-79,False Negative
../../CrossVul/CWE-79/php/bad_5560_0,bad,CWE-79,True Positive
../../CrossVul/CWE-79/php/bad_5560_1,bad,CWE-79,True Positive
../../CrossVul/CWE-79/php/bad_5560_4,bad,CWE-79,False Negative
../../CrossVul/CWE-79/php/bad_5560_3,bad,CWE-79,True Positive
../../CrossVul/CWE-79/php/bad_5560_5,bad,CWE-79,False Negative
../../CrossVul/CWE-79/php/bad_5560_7,bad,CWE-79,False Negative
../../CrossVul/CWE-79/php/bad_5560_6,bad,CWE-79,True Positive
../../CrossVul/CWE-79/php/bad_5560_8,bad,CWE-79,True Positive
../../CrossVul/CWE-79/php/bad_5560_9,bad,CWE-79,True Positive
../../CrossVul/CWE-79/php/bad_5588_0,bad,CWE-79,False Negative
../../CrossVul/CWE-79/php/bad_5570_0,bad,CWE-79,False Negative
../../CrossVul/CWE-79/php/bad_5570_1,bad,CWE-79,False Negative
../../CrossVul/CWE-79/php/bad_5571_0,bad,CWE-79,True Positive
../../CrossVul/CWE-79/php/bad_5588_2,bad,CWE-79,True Positive
../../CrossVul/CWE-79/php/bad_5588_1,bad,CWE-79,True Positive
../../CrossVul/CWE-79/php/bad_5611_0,bad,CWE-79,True Positive
../../CrossVul/CWE-79/php/bad_5588_3,bad,CWE-79,True Positive
../../CrossVul/CWE-79/php/bad_5633_11,bad,CWE-79,False Negative
../../CrossVul/CWE-79/php/bad_5633_10,bad,CWE-79,False Negative
../../CrossVul/CWE-79/php/bad_5633_1,bad,CWE-79,False Negative
../../CrossVul/CWE-79/php/bad_5633_0,bad,CWE-79,False Negative
../../CrossVul/CWE-79/php/bad_5633_2,bad,CWE-79,False Negative
../../CrossVul/CWE-79/php/bad_5633_14,bad,CWE-79,False Negative
../../CrossVul/CWE-79/php/bad_5633_13,bad,CWE-79,False Negative
../../CrossVul/CWE-79/php/bad_5633_12,bad,CWE-79,False Negative
../../CrossVul/CWE-79/php/bad_5633_4,bad,CWE-79,False Negative
../../CrossVul/CWE-79/php/bad_5633_6,bad,CWE-79,False Negative
../../CrossVul/CWE-79/php/bad_5633_3,bad,CWE-79,False Negative
../../CrossVul/CWE-79/php/bad_5633_5,bad,CWE-79,False Negative
../../CrossVul/CWE-79/php/bad_5633_9,bad,CWE-79,False Negative
../../CrossVul/CWE-79/php/bad_5633_8,bad,CWE-79,False Negative
../../CrossVul/CWE-79/php/bad_5633_7,bad,CWE-79,False Negative
../../CrossVul/CWE-79/php/bad_5680_0,bad,CWE-79,False Negative
../../CrossVul/CWE-79/php/bad_5775_0,bad,CWE-79,False Negative
../../CrossVul/CWE-79/php/bad_5747_0,bad,CWE-79,False Negative
../../CrossVul/CWE-79/php/bad_571_0,bad,CWE-79,False Negative
../../CrossVul/CWE-79/php/bad_5712_0,bad,CWE-79,True Positive
../../CrossVul/CWE-79/php/bad_577_0,bad,CWE-79,False Negative
../../CrossVul/CWE-79/php/bad_5848_0,bad,CWE-79,False Negative
../../CrossVul/CWE-79/php/bad_5846_0,bad,CWE-79,False Negative
../../CrossVul/CWE-79/php/bad_58_1,bad,CWE-79,False Negative
../../CrossVul/CWE-79/php/bad_58_3,bad,CWE-79,False Negative
../../CrossVul/CWE-79/php/bad_58_2,bad,CWE-79,False Negative
../../CrossVul/CWE-79/php/bad_58_0,bad,CWE-79,True Positive
../../CrossVul/CWE-79/php/bad_58_5,bad,CWE-79,False Negative
../../CrossVul/CWE-79/php/bad_58_4,bad,CWE-79,False Negative
../../CrossVul/CWE-79/php/bad_58_6,bad,CWE-79,False Negative
../../CrossVul/CWE-79/php/bad_5857_0,bad,CWE-79,True Positive
../../CrossVul/CWE-79/php/bad_644_0,bad,CWE-79,False Negative
../../CrossVul/CWE-79/php/bad_630_1,bad,CWE-79,True Positive
../../CrossVul/CWE-79/php/bad_667_0,bad,CWE-79,True Positive
../../CrossVul/CWE-79/php/bad_667_1,bad,CWE-79,False Negative
../../CrossVul/CWE-79/php/bad_667_2,bad,CWE-79,False Negative
../../CrossVul/CWE-79/php/bad_667_3,bad,CWE-79,False Negative
../../CrossVul/CWE-79/php/bad_703_0,bad,CWE-79,True Positive
../../CrossVul/CWE-79/php/bad_703_5,bad,CWE-79,False Negative
../../CrossVul/CWE-79/php/bad_703_3,bad,CWE-79,True Positive
../../CrossVul/CWE-79/php/bad_703_2,bad,CWE-79,True Positive
../../CrossVul/CWE-79/php/bad_703_1,bad,CWE-79,True Positive
../../CrossVul/CWE-79/php/bad_703_6,bad,CWE-79,False Negative
../../CrossVul/CWE-79/php/bad_703_7,bad,CWE-79,False Negative
../../CrossVul/CWE-79/php/bad_703_4,bad,CWE-79,True Positive
../../CrossVul/CWE-79/php/bad_704_1,bad,CWE-79,False Negative
../../CrossVul/CWE-79/php/bad_703_9,bad,CWE-79,False Negative
../../CrossVul/CWE-79/php/bad_703_8,bad,CWE-79,True Positive
../../CrossVul/CWE-79/php/bad_704_2,bad,CWE-79,False Negative
../../CrossVul/CWE-79/php/bad_704_0,bad,CWE-79,True Positive
../../CrossVul/CWE-79/php/bad_79_0,bad,CWE-79,False Negative
../../CrossVul/CWE-79/php/bad_785_0,bad,CWE-79,True Positive
../../CrossVul/CWE-79/php/bad_704_3,bad,CWE-79,True Positive
../../CrossVul/CWE-79/php/bad_82_1,bad,CWE-79,False Negative
../../CrossVul/CWE-79/php/bad_833_0,bad,CWE-79,False Negative
../../CrossVul/CWE-79/php/bad_808_0,bad,CWE-79,True Positive
../../CrossVul/CWE-79/php/bad_807_0,bad,CWE-79,True Positive
../../CrossVul/CWE-79/php/bad_871_2,bad,CWE-79,False Negative
../../CrossVul/CWE-79/php/bad_82_0,bad,CWE-79,True Positive
../../CrossVul/CWE-79/php/bad_871_3,bad,CWE-79,True Positive
../../CrossVul/CWE-79/php/bad_88_0,bad,CWE-79,False Negative
../../CrossVul/CWE-79/php/bad_878_0,bad,CWE-79,False Negative
../../CrossVul/CWE-79/php/bad_879_1,bad,CWE-79,True Positive
../../CrossVul/CWE-79/php/bad_948_2,bad,CWE-79,False Negative
../../CrossVul/CWE-79/php/bad_948_1,bad,CWE-79,False Negative
../../CrossVul/CWE-79/php/bad_948_3,bad,CWE-79,False Negative
../../CrossVul/CWE-79/php/bad_948_0,bad,CWE-79,False Negative
../../CrossVul/CWE-79/php/bad_90_0,bad,CWE-79,False Negative
../../CrossVul/CWE-79/php/bad_979_0,bad,CWE-79,False Negative
../../CrossVul/CWE-79/php/bad_97_0,bad,CWE-79,True Positive
../../CrossVul/CWE-79/php/bad_980_0,bad,CWE-79,False Negative
../../CrossVul/CWE-79/php/bad_988_0,bad,CWE-79,False Negative
../../CrossVul/CWE-79/php/bad_97_3,bad,CWE-79,True Positive
../../CrossVul/CWE-79/php/bad_97_1,bad,CWE-79,True Positive
../../CrossVul/CWE-79/php/bad_97_2,bad,CWE-79,True Positive
../../CrossVul/CWE-79/php/good_1034_0,good,CWE-79,True Negative
../../CrossVul/CWE-79/php/bad_990_0,bad,CWE-79,False Negative
../../CrossVul/CWE-79/php/good_103_0,good,CWE-79,True Negative
../../CrossVul/CWE-79/php/good_1078_0,good,CWE-79,True Negative
../../CrossVul/CWE-79/php/good_1082_0,good,CWE-79,True Negative
../../CrossVul/CWE-79/php/good_1072_0,good,CWE-79,True Negative
../../CrossVul/CWE-79/php/good_1073_0,good,CWE-79,True Negative
../../CrossVul/CWE-79/php/good_1117_0,good,CWE-79,True Negative
../../CrossVul/CWE-79/php/good_1093_1,good,CWE-79,True Negative
../../CrossVul/CWE-79/php/good_1093_0,good,CWE-79,True Negative
../../CrossVul/CWE-79/php/good_1134_1,good,CWE-79,True Negative
../../CrossVul/CWE-79/php/good_1117_1,good,CWE-79,True Negative
../../CrossVul/CWE-79/php/good_1126_0,good,CWE-79,False Positive
../../CrossVul/CWE-79/php/good_1117_3,good,CWE-79,True Negative
../../CrossVul/CWE-79/php/good_1117_2,good,CWE-79,True Negative
../../CrossVul/CWE-79/php/good_1136_0,good,CWE-79,False Positive
../../CrossVul/CWE-79/php/good_1137_0,good,CWE-79,False Positive
../../CrossVul/CWE-79/php/good_1139_0,good,CWE-79,False Positive
../../CrossVul/CWE-79/php/good_1138_0,good,CWE-79,False Positive
../../CrossVul/CWE-79/php/good_1135_0,good,CWE-79,False Positive
../../CrossVul/CWE-79/php/good_1142_0,good,CWE-79,False Positive
../../CrossVul/CWE-79/php/good_1141_0,good,CWE-79,False Positive
../../CrossVul/CWE-79/php/good_1140_0,good,CWE-79,False Positive
../../CrossVul/CWE-79/php/good_1144_0,good,CWE-79,False Positive
../../CrossVul/CWE-79/php/good_1146_0,good,CWE-79,False Positive
../../CrossVul/CWE-79/php/good_1148_0,good,CWE-79,False Positive
../../CrossVul/CWE-79/php/good_1145_0,good,CWE-79,False Positive
../../CrossVul/CWE-79/php/good_1143_0,good,CWE-79,False Positive
../../CrossVul/CWE-79/php/good_1150_0,good,CWE-79,True Negative
../../CrossVul/CWE-79/php/good_1149_0,good,CWE-79,False Positive
../../CrossVul/CWE-79/php/good_1151_0,good,CWE-79,False Positive
../../CrossVul/CWE-79/php/good_1157_0,good,CWE-79,False Positive
../../CrossVul/CWE-79/php/good_1156_0,good,CWE-79,False Positive
../../CrossVul/CWE-79/php/good_1155_0,good,CWE-79,False Positive
../../CrossVul/CWE-79/php/good_1159_0,good,CWE-79,False Positive
../../CrossVul/CWE-79/php/good_1208_1,good,CWE-79,True Negative
../../CrossVul/CWE-79/php/good_1227_0,good,CWE-79,True Negative
../../CrossVul/CWE-79/php/good_1289_0,good,CWE-79,True Negative
../../CrossVul/CWE-79/php/good_1295_0,good,CWE-79,False Positive
../../CrossVul/CWE-79/php/good_1294_0,good,CWE-79,False Positive
../../CrossVul/CWE-79/php/good_1292_0,good,CWE-79,False Positive
../../CrossVul/CWE-79/php/good_1290_0,good,CWE-79,False Positive
../../CrossVul/CWE-79/php/good_1296_0,good,CWE-79,False Positive
../../CrossVul/CWE-79/php/good_1293_0,good,CWE-79,False Positive
../../CrossVul/CWE-79/php/good_1355_0,good,CWE-79,True Negative
../../CrossVul/CWE-79/php/good_1340_1,good,CWE-79,True Negative
../../CrossVul/CWE-79/php/good_1340_0,good,CWE-79,True Negative
../../CrossVul/CWE-79/php/good_137_0,good,CWE-79,False Positive
../../CrossVul/CWE-79/php/good_137_1,good,CWE-79,True Negative
../../CrossVul/CWE-79/php/good_137_3,good,CWE-79,True Negative
../../CrossVul/CWE-79/php/good_1403_0,good,CWE-79,False Positive
../../CrossVul/CWE-79/php/good_1409_1,good,CWE-79,True Negative
../../CrossVul/CWE-79/php/good_1408_0,good,CWE-79,False Positive
../../CrossVul/CWE-79/php/good_1409_0,good,CWE-79,True Negative
../../CrossVul/CWE-79/php/good_1413_0,good,CWE-79,True Negative
../../CrossVul/CWE-79/php/good_1424_1,good,CWE-79,False Positive
../../CrossVul/CWE-79/php/good_1425_1,good,CWE-79,False Positive
../../CrossVul/CWE-79/php/good_1424_3,good,CWE-79,False Positive
../../CrossVul/CWE-79/php/good_1425_3,good,CWE-79,False Positive
../../CrossVul/CWE-79/php/good_1437_0,good,CWE-79,True Negative
../../CrossVul/CWE-79/php/good_1462_1,good,CWE-79,True Negative
../../CrossVul/CWE-79/php/good_1462_2,good,CWE-79,False Positive
../../CrossVul/CWE-79/php/good_1463_0,good,CWE-79,True Negative
../../CrossVul/CWE-79/php/good_1440_0,good,CWE-79,False Positive
../../CrossVul/CWE-79/php/good_1480_0,good,CWE-79,True Negative
../../CrossVul/CWE-79/php/good_1486_0,good,CWE-79,True Negative
../../CrossVul/CWE-79/php/good_1463_1,good,CWE-79,True Negative
../../CrossVul/CWE-79/php/good_1530_0,good,CWE-79,True Negative
../../CrossVul/CWE-79/php/good_1486_1,good,CWE-79,True Negative
../../CrossVul/CWE-79/php/good_1530_1,good,CWE-79,True Negative
../../CrossVul/CWE-79/php/good_1530_2,good,CWE-79,False Positive
../../CrossVul/CWE-79/php/good_1541_0,good,CWE-79,True Negative
../../CrossVul/CWE-79/php/good_1541_1,good,CWE-79,True Negative
../../CrossVul/CWE-79/php/good_1530_3,good,CWE-79,False Positive
../../CrossVul/CWE-79/php/good_1541_2,good,CWE-79,False Positive
../../CrossVul/CWE-79/php/good_1612_0,good,CWE-79,True Negative
../../CrossVul/CWE-79/php/good_1612_2,good,CWE-79,True Negative
../../CrossVul/CWE-79/php/good_1612_1,good,CWE-79,True Negative
../../CrossVul/CWE-79/php/good_1612_3,good,CWE-79,True Negative
../../CrossVul/CWE-79/php/good_1641_0,good,CWE-79,True Negative
../../CrossVul/CWE-79/php/good_1685_0,good,CWE-79,True Negative
../../CrossVul/CWE-79/php/good_1679_1,good,CWE-79,True Negative
../../CrossVul/CWE-79/php/good_1676_0,good,CWE-79,False Positive
../../CrossVul/CWE-79/php/good_1685_3,good,CWE-79,False Positive
../../CrossVul/CWE-79/php/good_1685_1,good,CWE-79,False Positive
../../CrossVul/CWE-79/php/good_1685_4,good,CWE-79,False Positive
../../CrossVul/CWE-79/php/good_1685_2,good,CWE-79,False Positive
../../CrossVul/CWE-79/php/good_1685_5,good,CWE-79,True Negative
../../CrossVul/CWE-79/php/good_1698_0,good,CWE-79,True Negative
../../CrossVul/CWE-79/php/good_1698_1,good,CWE-79,True Negative
../../CrossVul/CWE-79/php/good_173_0,good,CWE-79,True Negative
../../CrossVul/CWE-79/php/good_1741_0,good,CWE-79,True Negative
../../CrossVul/CWE-79/php/good_173_1,good,CWE-79,True Negative
../../CrossVul/CWE-79/php/good_1741_1,good,CWE-79,True Negative
../../CrossVul/CWE-79/php/good_1741_2,good,CWE-79,True Negative
../../CrossVul/CWE-79/php/good_1741_3,good,CWE-79,True Negative
../../CrossVul/CWE-79/php/good_1759_0,good,CWE-79,False Positive
../../CrossVul/CWE-79/php/good_1767_0,good,CWE-79,True Negative
../../CrossVul/CWE-79/php/good_1767_1,good,CWE-79,True Negative
../../CrossVul/CWE-79/php/good_1812_0,good,CWE-79,True Negative
../../CrossVul/CWE-79/php/good_1879_0,good,CWE-79,True Negative
../../CrossVul/CWE-79/php/good_1879_2,good,CWE-79,True Negative
../../CrossVul/CWE-79/php/good_1879_1,good,CWE-79,False Positive
../../CrossVul/CWE-79/php/good_1958_1,good,CWE-79,True Negative
../../CrossVul/CWE-79/php/good_1904_0,good,CWE-79,False Positive
../../CrossVul/CWE-79/php/good_1960_1,good,CWE-79,True Negative
../../CrossVul/CWE-79/php/good_1961_2,good,CWE-79,True Negative
../../CrossVul/CWE-79/php/good_1961_1,good,CWE-79,True Negative
../../CrossVul/CWE-79/php/good_1959_0,good,CWE-79,True Negative
../../CrossVul/CWE-79/php/good_1961_3,good,CWE-79,True Negative
../../CrossVul/CWE-79/php/good_1961_4,good,CWE-79,True Negative
../../CrossVul/CWE-79/php/good_1978_0,good,CWE-79,True Negative
../../CrossVul/CWE-79/php/good_1961_5,good,CWE-79,True Negative
../../CrossVul/CWE-79/php/good_1983_1,good,CWE-79,True Negative
../../CrossVul/CWE-79/php/good_1983_2,good,CWE-79,True Negative
../../CrossVul/CWE-79/php/good_1994_0,good,CWE-79,True Negative
../../CrossVul/CWE-79/php/good_2008_0,good,CWE-79,True Negative
../../CrossVul/CWE-79/php/good_2085_0,good,CWE-79,True Negative
../../CrossVul/CWE-79/php/good_2082_0,good,CWE-79,True Negative
../../CrossVul/CWE-79/php/good_2085_2,good,CWE-79,True Negative
../../CrossVul/CWE-79/php/good_2085_1,good,CWE-79,True Negative
../../CrossVul/CWE-79/php/good_2088_0,good,CWE-79,True Negative
../../CrossVul/CWE-79/php/good_2088_1,good,CWE-79,True Negative
../../CrossVul/CWE-79/php/good_2085_5,good,CWE-79,True Negative
../../CrossVul/CWE-79/php/good_2113_0,good,CWE-79,False Positive
../../CrossVul/CWE-79/php/good_2119_0,good,CWE-79,True Negative
../../CrossVul/CWE-79/php/good_211_0,good,CWE-79,True Negative
../../CrossVul/CWE-79/php/good_2149_0,good,CWE-79,True Negative
../../CrossVul/CWE-79/php/good_2225_0,good,CWE-79,True Negative
../../CrossVul/CWE-79/php/good_2229_0,good,CWE-79,True Negative
../../CrossVul/CWE-79/php/good_2228_0,good,CWE-79,True Negative
../../CrossVul/CWE-79/php/good_2226_0,good,CWE-79,True Negative
../../CrossVul/CWE-79/php/good_2238_0,good,CWE-79,True Negative
../../CrossVul/CWE-79/php/good_2230_0,good,CWE-79,True Negative
../../CrossVul/CWE-79/php/good_2238_1,good,CWE-79,True Negative
../../CrossVul/CWE-79/php/good_223_0,good,CWE-79,True Negative
../../CrossVul/CWE-79/php/good_2267_0,good,CWE-79,True Negative
../../CrossVul/CWE-79/php/good_2267_2,good,CWE-79,True Negative
../../CrossVul/CWE-79/php/good_2267_1,good,CWE-79,True Negative
../../CrossVul/CWE-79/php/good_2267_3,good,CWE-79,True Negative
../../CrossVul/CWE-79/php/good_2268_2,good,CWE-79,True Negative
../../CrossVul/CWE-79/php/good_2274_0,good,CWE-79,True Negative
../../CrossVul/CWE-79/php/good_2267_4,good,CWE-79,True Negative
../../CrossVul/CWE-79/php/good_2332_1,good,CWE-79,True Negative
../../CrossVul/CWE-79/php/good_2332_0,good,CWE-79,True Negative
../../CrossVul/CWE-79/php/good_2341_0,good,CWE-79,True Negative
../../CrossVul/CWE-79/php/good_2334_1,good,CWE-79,False Positive
../../CrossVul/CWE-79/php/good_2342_0,good,CWE-79,True Negative
../../CrossVul/CWE-79/php/good_2360_0,good,CWE-79,True Negative
../../CrossVul/CWE-79/php/good_2358_1,good,CWE-79,False Positive
../../CrossVul/CWE-79/php/good_2362_0,good,CWE-79,True Negative
../../CrossVul/CWE-79/php/good_2361_0,good,CWE-79,True Negative
../../CrossVul/CWE-79/php/good_2363_0,good,CWE-79,True Negative
../../CrossVul/CWE-79/php/good_2380_0,good,CWE-79,True Negative
../../CrossVul/CWE-79/php/good_2368_0,good,CWE-79,True Negative
../../CrossVul/CWE-79/php/good_2404_0,good,CWE-79,True Negative
../../CrossVul/CWE-79/php/good_2387_0,good,CWE-79,True Negative
../../CrossVul/CWE-79/php/good_2388_0,good,CWE-79,True Negative
../../CrossVul/CWE-79/php/good_2405_0,good,CWE-79,True Negative
../../CrossVul/CWE-79/php/good_2407_1,good,CWE-79,True Negative
../../CrossVul/CWE-79/php/good_2451_0,good,CWE-79,True Negative
../../CrossVul/CWE-79/php/good_2418_0,good,CWE-79,True Negative
../../CrossVul/CWE-79/php/good_2451_1,good,CWE-79,True Negative
../../CrossVul/CWE-79/php/good_2516_1,good,CWE-79,True Negative
../../CrossVul/CWE-79/php/good_2452_0,good,CWE-79,True Negative
../../CrossVul/CWE-79/php/good_2516_2,good,CWE-79,True Negative
../../CrossVul/CWE-79/php/good_2543_0,good,CWE-79,True Negative
../../CrossVul/CWE-79/php/good_2543_1,good,CWE-79,True Negative
../../CrossVul/CWE-79/php/good_2591_0,good,CWE-79,True Negative
../../CrossVul/CWE-79/php/good_2516_3,good,CWE-79,False Positive
../../CrossVul/CWE-79/php/good_2595_0,good,CWE-79,True Negative
../../CrossVul/CWE-79/php/good_2596_0,good,CWE-79,True Negative
../../CrossVul/CWE-79/php/good_2594_0,good,CWE-79,True Negative
../../CrossVul/CWE-79/php/good_2653_1,good,CWE-79,True Negative
../../CrossVul/CWE-79/php/good_271_0,good,CWE-79,True Negative
../../CrossVul/CWE-79/php/good_2772_1,good,CWE-79,True Negative
../../CrossVul/CWE-79/php/good_2772_0,good,CWE-79,True Negative
../../CrossVul/CWE-79/php/good_2743_0,good,CWE-79,True Negative
../../CrossVul/CWE-79/php/good_2772_2,good,CWE-79,True Negative
../../CrossVul/CWE-79/php/good_2772_6,good,CWE-79,True Negative
../../CrossVul/CWE-79/php/good_2772_4,good,CWE-79,True Negative
../../CrossVul/CWE-79/php/good_2772_5,good,CWE-79,True Negative
../../CrossVul/CWE-79/php/good_2772_3,good,CWE-79,True Negative
../../CrossVul/CWE-79/php/good_2773_1,good,CWE-79,True Negative
../../CrossVul/CWE-79/php/good_2773_0,good,CWE-79,True Negative
../../CrossVul/CWE-79/php/good_2773_2,good,CWE-79,True Negative
../../CrossVul/CWE-79/php/good_2773_3,good,CWE-79,True Negative
../../CrossVul/CWE-79/php/good_2797_0,good,CWE-79,True Negative
../../CrossVul/CWE-79/php/good_2792_0,good,CWE-79,True Negative
../../CrossVul/CWE-79/php/good_2805_1,good,CWE-79,True Negative
../../CrossVul/CWE-79/php/good_2805_0,good,CWE-79,True Negative
../../CrossVul/CWE-79/php/good_2805_3,good,CWE-79,True Negative
../../CrossVul/CWE-79/php/good_2826_0,good,CWE-79,True Negative
../../CrossVul/CWE-79/php/good_2805_2,good,CWE-79,True Negative
../../CrossVul/CWE-79/php/good_2844_0,good,CWE-79,True Negative
../../CrossVul/CWE-79/php/good_2849_0,good,CWE-79,True Negative
../../CrossVul/CWE-79/php/good_2831_2,good,CWE-79,True Negative
../../CrossVul/CWE-79/php/good_2827_0,good,CWE-79,False Positive
../../CrossVul/CWE-79/php/good_2831_0,good,CWE-79,True Negative
../../CrossVul/CWE-79/php/good_2854_12,good,CWE-79,True Negative
../../CrossVul/CWE-79/php/good_2854_10,good,CWE-79,True Negative
../../CrossVul/CWE-79/php/good_2854_11,good,CWE-79,True Negative
../../CrossVul/CWE-79/php/good_2854_15,good,CWE-79,True Negative
../../CrossVul/CWE-79/php/good_2854_17,good,CWE-79,True Negative
../../CrossVul/CWE-79/php/good_2854_13,good,CWE-79,True Negative
../../CrossVul/CWE-79/php/good_2854_16,good,CWE-79,True Negative
../../CrossVul/CWE-79/php/good_2854_14,good,CWE-79,True Negative
../../CrossVul/CWE-79/php/good_2854_2,good,CWE-79,True Negative
../../CrossVul/CWE-79/php/good_2854_18,good,CWE-79,True Negative
../../CrossVul/CWE-79/php/good_2854_23,good,CWE-79,True Negative
../../CrossVul/CWE-79/php/good_2854_20,good,CWE-79,True Negative
../../CrossVul/CWE-79/php/good_2854_19,good,CWE-79,True Negative
../../CrossVul/CWE-79/php/good_2854_21,good,CWE-79,True Negative
../../CrossVul/CWE-79/php/good_2854_22,good,CWE-79,True Negative
../../CrossVul/CWE-79/php/good_2854_25,good,CWE-79,True Negative
../../CrossVul/CWE-79/php/good_2854_26,good,CWE-79,True Negative
../../CrossVul/CWE-79/php/good_2854_24,good,CWE-79,True Negative
../../CrossVul/CWE-79/php/good_2854_3,good,CWE-79,True Negative
../../CrossVul/CWE-79/php/good_2854_27,good,CWE-79,True Negative
../../CrossVul/CWE-79/php/good_2854_5,good,CWE-79,True Negative
../../CrossVul/CWE-79/php/good_2854_29,good,CWE-79,True Negative
../../CrossVul/CWE-79/php/good_2854_4,good,CWE-79,True Negative
../../CrossVul/CWE-79/php/good_2854_8,good,CWE-79,True Negative
../../CrossVul/CWE-79/php/good_2854_6,good,CWE-79,True Negative
../../CrossVul/CWE-79/php/good_2854_7,good,CWE-79,True Negative
../../CrossVul/CWE-79/php/good_2857_0,good,CWE-79,True Negative
../../CrossVul/CWE-79/php/good_2854_9,good,CWE-79,True Negative
../../CrossVul/CWE-79/php/good_2873_0,good,CWE-79,True Negative
../../CrossVul/CWE-79/php/good_2874_1,good,CWE-79,True Negative
../../CrossVul/CWE-79/php/good_2874_0,good,CWE-79,True Negative
../../CrossVul/CWE-79/php/good_2883_2,good,CWE-79,True Negative
../../CrossVul/CWE-79/php/good_2883_1,good,CWE-79,True Negative
../../CrossVul/CWE-79/php/good_2883_4,good,CWE-79,True Negative
../../CrossVul/CWE-79/php/good_2883_0,good,CWE-79,True Negative
../../CrossVul/CWE-79/php/good_2883_3,good,CWE-79,True Negative
../../CrossVul/CWE-79/php/good_2885_0,good,CWE-79,True Negative
../../CrossVul/CWE-79/php/good_2886_0,good,CWE-79,True Negative
../../CrossVul/CWE-79/php/good_2941_0,good,CWE-79,True Negative
../../CrossVul/CWE-79/php/good_2932_0,good,CWE-79,True Negative
../../CrossVul/CWE-79/php/good_2942_0,good,CWE-79,True Negative
../../CrossVul/CWE-79/php/good_2961_1,good,CWE-79,True Negative
../../CrossVul/CWE-79/php/good_2961_0,good,CWE-79,True Negative
../../CrossVul/CWE-79/php/good_2962_1,good,CWE-79,True Negative
../../CrossVul/CWE-79/php/good_2943_0,good,CWE-79,True Negative
../../CrossVul/CWE-79/php/good_2962_0,good,CWE-79,False Positive
../../CrossVul/CWE-79/php/good_2963_1,good,CWE-79,True Negative
../../CrossVul/CWE-79/php/good_2973_0,good,CWE-79,True Negative
../../CrossVul/CWE-79/php/good_2963_0,good,CWE-79,True Negative
../../CrossVul/CWE-79/php/good_300_0,good,CWE-79,True Negative
../../CrossVul/CWE-79/php/good_300_11,good,CWE-79,True Negative
../../CrossVul/CWE-79/php/good_300_10,good,CWE-79,True Negative
../../CrossVul/CWE-79/php/good_300_1,good,CWE-79,False Positive
../../CrossVul/CWE-79/php/good_300_4,good,CWE-79,True Negative
../../CrossVul/CWE-79/php/good_300_5,good,CWE-79,True Negative
../../CrossVul/CWE-79/php/good_300_6,good,CWE-79,True Negative
../../CrossVul/CWE-79/php/good_300_3,good,CWE-79,True Negative
../../CrossVul/CWE-79/php/good_300_2,good,CWE-79,False Positive
../../CrossVul/CWE-79/php/good_300_7,good,CWE-79,True Negative
../../CrossVul/CWE-79/php/good_300_8,good,CWE-79,False Positive
../../CrossVul/CWE-79/php/good_301_10,good,CWE-79,True Negative
../../CrossVul/CWE-79/php/good_300_9,good,CWE-79,True Negative
../../CrossVul/CWE-79/php/good_301_11,good,CWE-79,True Negative
../../CrossVul/CWE-79/php/good_301_2,good,CWE-79,False Positive
../../CrossVul/CWE-79/php/good_301_0,good,CWE-79,True Negative
../../CrossVul/CWE-79/php/good_301_1,good,CWE-79,False Positive
../../CrossVul/CWE-79/php/good_301_3,good,CWE-79,True Negative
../../CrossVul/CWE-79/php/good_301_5,good,CWE-79,True Negative
../../CrossVul/CWE-79/php/good_301_4,good,CWE-79,True Negative
../../CrossVul/CWE-79/php/good_301_6,good,CWE-79,True Negative
../../CrossVul/CWE-79/php/good_301_7,good,CWE-79,True Negative
../../CrossVul/CWE-79/php/good_301_9,good,CWE-79,True Negative
../../CrossVul/CWE-79/php/good_301_8,good,CWE-79,False Positive
../../CrossVul/CWE-79/php/good_302_0,good,CWE-79,True Negative
../../CrossVul/CWE-79/php/good_302_11,good,CWE-79,True Negative
../../CrossVul/CWE-79/php/good_302_10,good,CWE-79,True Negative
../../CrossVul/CWE-79/php/good_302_4,good,CWE-79,True Negative
../../CrossVul/CWE-79/php/good_302_3,good,CWE-79,True Negative
../../CrossVul/CWE-79/php/good_302_2,good,CWE-79,False Positive
../../CrossVul/CWE-79/php/good_302_1,good,CWE-79,False Positive
../../CrossVul/CWE-79/php/good_302_5,good,CWE-79,True Negative
../../CrossVul/CWE-79/php/good_302_6,good,CWE-79,True Negative
../../CrossVul/CWE-79/php/good_302_7,good,CWE-79,True Negative
../../CrossVul/CWE-79/php/good_302_9,good,CWE-79,True Negative
../../CrossVul/CWE-79/php/good_3031_0,good,CWE-79,True Negative
../../CrossVul/CWE-79/php/good_3034_0,good,CWE-79,True Negative
../../CrossVul/CWE-79/php/good_302_8,good,CWE-79,False Positive
../../CrossVul/CWE-79/php/good_303_0,good,CWE-79,True Negative
../../CrossVul/CWE-79/php/good_303_10,good,CWE-79,True Negative
../../CrossVul/CWE-79/php/good_303_11,good,CWE-79,True Negative
../../CrossVul/CWE-79/php/good_303_4,good,CWE-79,True Negative
../../CrossVul/CWE-79/php/good_303_5,good,CWE-79,True Negative
../../CrossVul/CWE-79/php/good_303_3,good,CWE-79,True Negative
../../CrossVul/CWE-79/php/good_303_1,good,CWE-79,False Positive
../../CrossVul/CWE-79/php/good_303_2,good,CWE-79,False Positive
../../CrossVul/CWE-79/php/good_303_6,good,CWE-79,True Negative
../../CrossVul/CWE-79/php/good_303_7,good,CWE-79,True Negative
../../CrossVul/CWE-79/php/good_304_10,good,CWE-79,True Negative
../../CrossVul/CWE-79/php/good_304_0,good,CWE-79,True Negative
../../CrossVul/CWE-79/php/good_303_9,good,CWE-79,True Negative
../../CrossVul/CWE-79/php/good_303_8,good,CWE-79,False Positive
../../CrossVul/CWE-79/php/good_304_1,good,CWE-79,False Positive
../../CrossVul/CWE-79/php/good_304_11,good,CWE-79,True Negative
../../CrossVul/CWE-79/php/good_304_3,good,CWE-79,True Negative
../../CrossVul/CWE-79/php/good_304_2,good,CWE-79,False Positive
../../CrossVul/CWE-79/php/good_304_4,good,CWE-79,True Negative
../../CrossVul/CWE-79/php/good_304_5,good,CWE-79,True Negative
../../CrossVul/CWE-79/php/good_304_6,good,CWE-79,True Negative
../../CrossVul/CWE-79/php/good_304_7,good,CWE-79,True Negative
../../CrossVul/CWE-79/php/good_305_0,good,CWE-79,True Negative
../../CrossVul/CWE-79/php/good_304_9,good,CWE-79,True Negative
../../CrossVul/CWE-79/php/good_304_8,good,CWE-79,False Positive
../../CrossVul/CWE-79/php/good_305_10,good,CWE-79,True Negative
../../CrossVul/CWE-79/php/good_305_11,good,CWE-79,True Negative
../../CrossVul/CWE-79/php/good_305_1,good,CWE-79,False Positive
../../CrossVul/CWE-79/php/good_305_3,good,CWE-79,True Negative
../../CrossVul/CWE-79/php/good_305_2,good,CWE-79,False Positive
../../CrossVul/CWE-79/php/good_305_4,good,CWE-79,True Negative
../../CrossVul/CWE-79/php/good_305_5,good,CWE-79,True Negative
../../CrossVul/CWE-79/php/good_305_6,good,CWE-79,True Negative
../../CrossVul/CWE-79/php/good_305_7,good,CWE-79,True Negative
../../CrossVul/CWE-79/php/good_305_8,good,CWE-79,False Positive
../../CrossVul/CWE-79/php/good_306_0,good,CWE-79,True Negative
../../CrossVul/CWE-79/php/good_305_9,good,CWE-79,True Negative
../../CrossVul/CWE-79/php/good_306_10,good,CWE-79,True Negative
../../CrossVul/CWE-79/php/good_306_11,good,CWE-79,True Negative
../../CrossVul/CWE-79/php/good_306_1,good,CWE-79,False Positive
../../CrossVul/CWE-79/php/good_306_3,good,CWE-79,True Negative
../../CrossVul/CWE-79/php/good_306_2,good,CWE-79,False Positive
../../CrossVul/CWE-79/php/good_306_6,good,CWE-79,True Negative
../../CrossVul/CWE-79/php/good_306_5,good,CWE-79,True Negative
../../CrossVul/CWE-79/php/good_306_4,good,CWE-79,True Negative
../../CrossVul/CWE-79/php/good_306_7,good,CWE-79,True Negative
../../CrossVul/CWE-79/php/good_306_9,good,CWE-79,True Negative
../../CrossVul/CWE-79/php/good_307_0,good,CWE-79,True Negative
../../CrossVul/CWE-79/php/good_306_8,good,CWE-79,False Positive
../../CrossVul/CWE-79/php/good_307_10,good,CWE-79,True Negative
../../CrossVul/CWE-79/php/good_307_11,good,CWE-79,True Negative
../../CrossVul/CWE-79/php/good_307_2,good,CWE-79,False Positive
../../CrossVul/CWE-79/php/good_307_4,good,CWE-79,True Negative
../../CrossVul/CWE-79/php/good_307_3,good,CWE-79,True Negative
../../CrossVul/CWE-79/php/good_307_1,good,CWE-79,False Positive
../../CrossVul/CWE-79/php/good_307_6,good,CWE-79,True Negative
../../CrossVul/CWE-79/php/good_307_5,good,CWE-79,True Negative
../../CrossVul/CWE-79/php/good_3097_0,good,CWE-79,True Negative
../../CrossVul/CWE-79/php/good_307_7,good,CWE-79,True Negative
../../CrossVul/CWE-79/php/good_307_8,good,CWE-79,False Positive
../../CrossVul/CWE-79/php/good_3096_0,good,CWE-79,False Positive
../../CrossVul/CWE-79/php/good_3096_1,good,CWE-79,True Negative
../../CrossVul/CWE-79/php/good_307_9,good,CWE-79,True Negative
../../CrossVul/CWE-79/php/good_3097_1,good,CWE-79,True Negative
../../CrossVul/CWE-79/php/good_3101_0,good,CWE-79,True Negative
../../CrossVul/CWE-79/php/good_3101_1,good,CWE-79,True Negative
../../CrossVul/CWE-79/php/good_3135_0,good,CWE-79,False Positive
../../CrossVul/CWE-79/php/good_3101_2,good,CWE-79,True Negative
../../CrossVul/CWE-79/php/good_312_1,good,CWE-79,False Positive
../../CrossVul/CWE-79/php/good_3139_1,good,CWE-79,True Negative
../../CrossVul/CWE-79/php/good_3139_0,good,CWE-79,True Negative
../../CrossVul/CWE-79/php/good_3157_1,good,CWE-79,True Negative
../../CrossVul/CWE-79/php/good_3157_0,good,CWE-79,True Negative
../../CrossVul/CWE-79/php/good_3157_3,good,CWE-79,False Positive
../../CrossVul/CWE-79/php/good_3157_2,good,CWE-79,True Negative
../../CrossVul/CWE-79/php/good_3182_0,good,CWE-79,True Negative
../../CrossVul/CWE-79/php/good_3183_1,good,CWE-79,True Negative
../../CrossVul/CWE-79/php/good_3183_0,good,CWE-79,True Negative
../../CrossVul/CWE-79/php/good_3183_2,good,CWE-79,True Negative
../../CrossVul/CWE-79/php/good_3183_3,good,CWE-79,True Negative
../../CrossVul/CWE-79/php/good_3202_0,good,CWE-79,True Negative
../../CrossVul/CWE-79/php/good_3183_4,good,CWE-79,True Negative
../../CrossVul/CWE-79/php/good_3202_1,good,CWE-79,True Negative
../../CrossVul/CWE-79/php/good_3202_2,good,CWE-79,True Negative
../../CrossVul/CWE-79/php/good_3204_0,good,CWE-79,True Negative
../../CrossVul/CWE-79/php/good_3210_1,good,CWE-79,True Negative
../../CrossVul/CWE-79/php/good_3205_0,good,CWE-79,True Negative
../../CrossVul/CWE-79/php/good_3206_0,good,CWE-79,True Negative
../../CrossVul/CWE-79/php/good_3213_1,good,CWE-79,True Negative
../../CrossVul/CWE-79/php/good_3213_0,good,CWE-79,True Negative
../../CrossVul/CWE-79/php/good_3214_2,good,CWE-79,True Negative
../../CrossVul/CWE-79/php/good_3210_0,good,CWE-79,False Positive
../../CrossVul/CWE-79/php/good_3236_0,good,CWE-79,True Negative
../../CrossVul/CWE-79/php/good_3235_0,good,CWE-79,True Negative
../../CrossVul/CWE-79/php/good_3216_0,good,CWE-79,True Negative
../../CrossVul/CWE-79/php/good_3251_1,good,CWE-79,True Negative
../../CrossVul/CWE-79/php/good_3248_0,good,CWE-79,True Negative
../../CrossVul/CWE-79/php/good_3217_1,good,CWE-79,True Negative
../../CrossVul/CWE-79/php/good_3285_0,good,CWE-79,True Negative
../../CrossVul/CWE-79/php/good_3323_0,good,CWE-79,True Negative
../../CrossVul/CWE-79/php/good_3306_0,good,CWE-79,True Negative
../../CrossVul/CWE-79/php/good_3300_0,good,CWE-79,True Negative
../../CrossVul/CWE-79/php/good_3300_1,good,CWE-79,True Negative
../../CrossVul/CWE-79/php/good_3340_1,good,CWE-79,True Negative
../../CrossVul/CWE-79/php/good_3353_0,good,CWE-79,True Negative
../../CrossVul/CWE-79/php/good_3340_0,good,CWE-79,False Positive
../../CrossVul/CWE-79/php/good_3354_0,good,CWE-79,True Negative
../../CrossVul/CWE-79/php/good_3353_1,good,CWE-79,True Negative
../../CrossVul/CWE-79/php/good_3354_3,good,CWE-79,True Negative
../../CrossVul/CWE-79/php/good_3408_0,good,CWE-79,True Negative
../../CrossVul/CWE-79/php/good_3383_0,good,CWE-79,True Negative
../../CrossVul/CWE-79/php/good_3354_4,good,CWE-79,True Negative
../../CrossVul/CWE-79/php/good_3408_1,good,CWE-79,True Negative
../../CrossVul/CWE-79/php/good_3408_3,good,CWE-79,False Positive
../../CrossVul/CWE-79/php/good_3408_4,good,CWE-79,False Positive
../../CrossVul/CWE-79/php/good_3408_2,good,CWE-79,False Positive
../../CrossVul/CWE-79/php/good_3507_1,good,CWE-79,True Negative
../../CrossVul/CWE-79/php/good_3504_0,good,CWE-79,True Negative
../../CrossVul/CWE-79/php/good_3507_0,good,CWE-79,True Negative
../../CrossVul/CWE-79/php/good_3510_0,good,CWE-79,False Positive
../../CrossVul/CWE-79/php/good_3548_1,good,CWE-79,True Negative
../../CrossVul/CWE-79/php/good_3548_0,good,CWE-79,True Negative
../../CrossVul/CWE-79/php/good_3513_1,good,CWE-79,False Positive
../../CrossVul/CWE-79/php/good_3549_1,good,CWE-79,True Negative
../../CrossVul/CWE-79/php/good_3549_0,good,CWE-79,True Negative
../../CrossVul/CWE-79/php/good_3550_0,good,CWE-79,True Negative
../../CrossVul/CWE-79/php/good_3513_2,good,CWE-79,False Positive
../../CrossVul/CWE-79/php/good_3559_0,good,CWE-79,True Negative
../../CrossVul/CWE-79/php/good_3585_0,good,CWE-79,True Negative
../../CrossVul/CWE-79/php/good_3586_0,good,CWE-79,True Negative
../../CrossVul/CWE-79/php/good_3584_0,good,CWE-79,True Negative
../../CrossVul/CWE-79/php/good_3590_0,good,CWE-79,True Negative
../../CrossVul/CWE-79/php/good_3587_0,good,CWE-79,False Positive
../../CrossVul/CWE-79/php/good_3590_1,good,CWE-79,True Negative
../../CrossVul/CWE-79/php/good_3605_0,good,CWE-79,True Negative
../../CrossVul/CWE-79/php/good_3609_0,good,CWE-79,True Negative
../../CrossVul/CWE-79/php/good_3610_0,good,CWE-79,True Negative
../../CrossVul/CWE-79/php/good_3606_0,good,CWE-79,True Negative
../../CrossVul/CWE-79/php/good_3619_0,good,CWE-79,True Negative
../../CrossVul/CWE-79/php/good_3612_0,good,CWE-79,True Negative
../../CrossVul/CWE-79/php/good_3611_0,good,CWE-79,True Negative
../../CrossVul/CWE-79/php/good_3650_1,good,CWE-79,True Negative
../../CrossVul/CWE-79/php/good_3639_0,good,CWE-79,False Positive
../../CrossVul/CWE-79/php/good_36_0,good,CWE-79,True Negative
../../CrossVul/CWE-79/php/good_3718_1,good,CWE-79,True Negative
../../CrossVul/CWE-79/php/good_3715_0,good,CWE-79,True Negative
../../CrossVul/CWE-79/php/good_3620_0,good,CWE-79,False Positive
../../CrossVul/CWE-79/php/good_3715_1,good,CWE-79,True Negative
../../CrossVul/CWE-79/php/good_3742_0,good,CWE-79,True Negative
../../CrossVul/CWE-79/php/good_3745_0,good,CWE-79,True Negative
../../CrossVul/CWE-79/php/good_3749_0,good,CWE-79,True Negative
../../CrossVul/CWE-79/php/good_3743_0,good,CWE-79,True Negative
../../CrossVul/CWE-79/php/good_3748_0,good,CWE-79,True Negative
../../CrossVul/CWE-79/php/good_3747_0,good,CWE-79,True Negative
../../CrossVul/CWE-79/php/good_3745_1,good,CWE-79,False Positive
../../CrossVul/CWE-79/php/good_3750_2,good,CWE-79,True Negative
../../CrossVul/CWE-79/php/good_3750_5,good,CWE-79,True Negative
../../CrossVul/CWE-79/php/good_3750_0,good,CWE-79,True Negative
../../CrossVul/CWE-79/php/good_3750_1,good,CWE-79,True Negative
../../CrossVul/CWE-79/php/good_3750_4,good,CWE-79,True Negative
../../CrossVul/CWE-79/php/good_3750_3,good,CWE-79,True Negative
../../CrossVul/CWE-79/php/good_3756_0,good,CWE-79,True Negative
../../CrossVul/CWE-79/php/good_3753_0,good,CWE-79,True Negative
../../CrossVul/CWE-79/php/good_3756_4,good,CWE-79,True Negative
../../CrossVul/CWE-79/php/good_3756_2,good,CWE-79,True Negative
../../CrossVul/CWE-79/php/good_3756_6,good,CWE-79,True Negative
../../CrossVul/CWE-79/php/good_3776_1,good,CWE-79,True Negative
../../CrossVul/CWE-79/php/good_3776_0,good,CWE-79,True Negative
../../CrossVul/CWE-79/php/good_3776_2,good,CWE-79,True Negative
../../CrossVul/CWE-79/php/good_3776_3,good,CWE-79,True Negative
../../CrossVul/CWE-79/php/good_3776_4,good,CWE-79,True Negative
../../CrossVul/CWE-79/php/good_3777_0,good,CWE-79,True Negative
../../CrossVul/CWE-79/php/good_3776_5,good,CWE-79,True Negative
../../CrossVul/CWE-79/php/good_3777_1,good,CWE-79,True Negative
../../CrossVul/CWE-79/php/good_3777_2,good,CWE-79,True Negative
../../CrossVul/CWE-79/php/good_3778_0,good,CWE-79,True Negative
../../CrossVul/CWE-79/php/good_3778_1,good,CWE-79,True Negative
../../CrossVul/CWE-79/php/good_3778_2,good,CWE-79,True Negative
../../CrossVul/CWE-79/php/good_3777_3,good,CWE-79,True Negative
../../CrossVul/CWE-79/php/good_3821_1,good,CWE-79,True Negative
../../CrossVul/CWE-79/php/good_3778_3,good,CWE-79,True Negative
../../CrossVul/CWE-79/php/good_3798_0,good,CWE-79,True Negative
../../CrossVul/CWE-79/php/good_3821_2,good,CWE-79,True Negative
../../CrossVul/CWE-79/php/good_3884_0,good,CWE-79,True Negative
../../CrossVul/CWE-79/php/good_3926_1,good,CWE-79,False Positive
../../CrossVul/CWE-79/php/good_3926_0,good,CWE-79,True Negative
../../CrossVul/CWE-79/php/good_3884_1,good,CWE-79,True Negative
../../CrossVul/CWE-79/php/good_3926_4,good,CWE-79,False Positive
../../CrossVul/CWE-79/php/good_3926_3,good,CWE-79,False Positive
../../CrossVul/CWE-79/php/good_3926_6,good,CWE-79,False Positive
../../CrossVul/CWE-79/php/good_3926_2,good,CWE-79,False Positive
../../CrossVul/CWE-79/php/good_3926_5,good,CWE-79,False Positive
../../CrossVul/CWE-79/php/good_3940_0,good,CWE-79,True Negative
../../CrossVul/CWE-79/php/good_3940_1,good,CWE-79,True Negative
../../CrossVul/CWE-79/php/good_3941_1,good,CWE-79,True Negative
../../CrossVul/CWE-79/php/good_3941_0,good,CWE-79,True Negative
../../CrossVul/CWE-79/php/good_3940_2,good,CWE-79,True Negative
../../CrossVul/CWE-79/php/good_3977_1,good,CWE-79,False Positive
../../CrossVul/CWE-79/php/good_3977_0,good,CWE-79,False Positive
../../CrossVul/CWE-79/php/good_3999_1,good,CWE-79,True Negative
../../CrossVul/CWE-79/php/good_3999_2,good,CWE-79,True Negative
../../CrossVul/CWE-79/php/good_3977_2,good,CWE-79,False Positive
../../CrossVul/CWE-79/php/good_4067_0,good,CWE-79,True Negative
../../CrossVul/CWE-79/php/good_4047_2,good,CWE-79,True Negative
../../CrossVul/CWE-79/php/good_4046_2,good,CWE-79,True Negative
../../CrossVul/CWE-79/php/good_409_0,good,CWE-79,True Negative
../../CrossVul/CWE-79/php/good_4119_0,good,CWE-79,True Negative
../../CrossVul/CWE-79/php/good_4122_0,good,CWE-79,True Negative
../../CrossVul/CWE-79/php/good_4119_1,good,CWE-79,True Negative
../../CrossVul/CWE-79/php/good_4122_1,good,CWE-79,True Negative
../../CrossVul/CWE-79/php/good_4122_3,good,CWE-79,True Negative
../../CrossVul/CWE-79/php/good_4122_2,good,CWE-79,True Negative
../../CrossVul/CWE-79/php/good_4122_4,good,CWE-79,True Negative
../../CrossVul/CWE-79/php/good_4122_5,good,CWE-79,True Negative
../../CrossVul/CWE-79/php/good_4124_0,good,CWE-79,True Negative
../../CrossVul/CWE-79/php/good_4124_1,good,CWE-79,False Positive
../../CrossVul/CWE-79/php/good_4124_2,good,CWE-79,True Negative
../../CrossVul/CWE-79/php/good_4124_3,good,CWE-79,True Negative
../../CrossVul/CWE-79/php/good_4134_0,good,CWE-79,True Negative
../../CrossVul/CWE-79/php/good_4135_0,good,CWE-79,True Negative
../../CrossVul/CWE-79/php/good_4138_0,good,CWE-79,False Positive
../../CrossVul/CWE-79/php/good_4125_0,good,CWE-79,True Negative
../../CrossVul/CWE-79/php/good_4136_0,good,CWE-79,True Negative
../../CrossVul/CWE-79/php/good_4184_1,good,CWE-79,True Negative
../../CrossVul/CWE-79/php/good_4184_2,good,CWE-79,True Negative
../../CrossVul/CWE-79/php/good_4198_3,good,CWE-79,True Negative
../../CrossVul/CWE-79/php/good_4198_2,good,CWE-79,True Negative
../../CrossVul/CWE-79/php/good_4198_1,good,CWE-79,True Negative
../../CrossVul/CWE-79/php/good_4206_0,good,CWE-79,True Negative
../../CrossVul/CWE-79/php/good_4198_4,good,CWE-79,True Negative
../../CrossVul/CWE-79/php/good_4206_2,good,CWE-79,True Negative
../../CrossVul/CWE-79/php/good_4206_1,good,CWE-79,True Negative
../../CrossVul/CWE-79/php/good_4206_3,good,CWE-79,True Negative
../../CrossVul/CWE-79/php/good_4206_7,good,CWE-79,True Negative
../../CrossVul/CWE-79/php/good_4206_4,good,CWE-79,True Negative
../../CrossVul/CWE-79/php/good_4206_6,good,CWE-79,True Negative
../../CrossVul/CWE-79/php/good_4206_5,good,CWE-79,True Negative
../../CrossVul/CWE-79/php/good_4209_1,good,CWE-79,True Negative
../../CrossVul/CWE-79/php/good_4221_1,good,CWE-79,True Negative
../../CrossVul/CWE-79/php/good_4209_0,good,CWE-79,True Negative
../../CrossVul/CWE-79/php/good_4221_2,good,CWE-79,True Negative
../../CrossVul/CWE-79/php/good_4238_1,good,CWE-79,True Negative
../../CrossVul/CWE-79/php/good_4239_1,good,CWE-79,True Negative
../../CrossVul/CWE-79/php/good_4238_2,good,CWE-79,True Negative
../../CrossVul/CWE-79/php/good_4239_2,good,CWE-79,True Negative
../../CrossVul/CWE-79/php/good_4241_1,good,CWE-79,True Negative
../../CrossVul/CWE-79/php/good_423_0,good,CWE-79,True Negative
../../CrossVul/CWE-79/php/good_4241_0,good,CWE-79,False Positive
../../CrossVul/CWE-79/php/good_4248_1,good,CWE-79,True Negative
../../CrossVul/CWE-79/php/good_4248_4,good,CWE-79,True Negative
../../CrossVul/CWE-79/php/good_4248_2,good,CWE-79,True Negative
../../CrossVul/CWE-79/php/good_4248_3,good,CWE-79,True Negative
../../CrossVul/CWE-79/php/good_4248_0,good,CWE-79,True Negative
../../CrossVul/CWE-79/php/good_4248_5,good,CWE-79,True Negative
../../CrossVul/CWE-79/php/good_424_1,good,CWE-79,True Negative
../../CrossVul/CWE-79/php/good_424_0,good,CWE-79,True Negative
../../CrossVul/CWE-79/php/good_424_6,good,CWE-79,True Negative
../../CrossVul/CWE-79/php/good_424_4,good,CWE-79,True Negative
../../CrossVul/CWE-79/php/good_424_5,good,CWE-79,False Positive
../../CrossVul/CWE-79/php/good_424_3,good,CWE-79,False Positive
../../CrossVul/CWE-79/php/good_424_2,good,CWE-79,True Negative
../../CrossVul/CWE-79/php/good_424_8,good,CWE-79,True Negative
../../CrossVul/CWE-79/php/good_425_1,good,CWE-79,True Negative
../../CrossVul/CWE-79/php/good_424_7,good,CWE-79,True Negative
../../CrossVul/CWE-79/php/good_425_0,good,CWE-79,True Negative
../../CrossVul/CWE-79/php/good_425_2,good,CWE-79,True Negative
../../CrossVul/CWE-79/php/good_425_5,good,CWE-79,False Positive
../../CrossVul/CWE-79/php/good_425_3,good,CWE-79,False Positive
../../CrossVul/CWE-79/php/good_425_4,good,CWE-79,True Negative
../../CrossVul/CWE-79/php/good_425_8,good,CWE-79,True Negative
../../CrossVul/CWE-79/php/good_425_6,good,CWE-79,True Negative
../../CrossVul/CWE-79/php/good_425_7,good,CWE-79,True Negative
../../CrossVul/CWE-79/php/good_426_0,good,CWE-79,True Negative
../../CrossVul/CWE-79/php/good_426_1,good,CWE-79,True Negative
../../CrossVul/CWE-79/php/good_426_4,good,CWE-79,True Negative
../../CrossVul/CWE-79/php/good_426_2,good,CWE-79,True Negative
../../CrossVul/CWE-79/php/good_426_3,good,CWE-79,False Positive
../../CrossVul/CWE-79/php/good_426_6,good,CWE-79,True Negative
../../CrossVul/CWE-79/php/good_426_8,good,CWE-79,True Negative
../../CrossVul/CWE-79/php/good_426_7,good,CWE-79,True Negative
../../CrossVul/CWE-79/php/good_426_5,good,CWE-79,False Positive
../../CrossVul/CWE-79/php/good_427_1,good,CWE-79,True Negative
../../CrossVul/CWE-79/php/good_427_0,good,CWE-79,True Negative
../../CrossVul/CWE-79/php/good_4274_0,good,CWE-79,False Positive
../../CrossVul/CWE-79/php/good_427_6,good,CWE-79,True Negative
../../CrossVul/CWE-79/php/good_427_2,good,CWE-79,True Negative
../../CrossVul/CWE-79/php/good_427_4,good,CWE-79,True Negative
../../CrossVul/CWE-79/php/good_427_5,good,CWE-79,False Positive
../../CrossVul/CWE-79/php/good_427_3,good,CWE-79,False Positive
../../CrossVul/CWE-79/php/good_427_8,good,CWE-79,True Negative
../../CrossVul/CWE-79/php/good_428_0,good,CWE-79,True Negative
../../CrossVul/CWE-79/php/good_427_7,good,CWE-79,True Negative
../../CrossVul/CWE-79/php/good_428_1,good,CWE-79,True Negative
../../CrossVul/CWE-79/php/good_428_2,good,CWE-79,True Negative
../../CrossVul/CWE-79/php/good_428_4,good,CWE-79,True Negative
../../CrossVul/CWE-79/php/good_428_3,good,CWE-79,False Positive
../../CrossVul/CWE-79/php/good_428_7,good,CWE-79,True Negative
../../CrossVul/CWE-79/php/good_428_6,good,CWE-79,True Negative
../../CrossVul/CWE-79/php/good_428_5,good,CWE-79,False Positive
../../CrossVul/CWE-79/php/good_4292_1,good,CWE-79,True Negative
../../CrossVul/CWE-79/php/good_4292_0,good,CWE-79,True Negative
../../CrossVul/CWE-79/php/good_428_8,good,CWE-79,True Negative
../../CrossVul/CWE-79/php/good_4292_2,good,CWE-79,True Negative
../../CrossVul/CWE-79/php/good_4292_3,good,CWE-79,True Negative
../../CrossVul/CWE-79/php/good_4292_4,good,CWE-79,True Negative
../../CrossVul/CWE-79/php/good_4293_0,good,CWE-79,True Negative
../../CrossVul/CWE-79/php/good_4292_5,good,CWE-79,False Positive
../../CrossVul/CWE-79/php/good_4297_1,good,CWE-79,True Negative
../../CrossVul/CWE-79/php/good_429_0,good,CWE-79,True Negative
../../CrossVul/CWE-79/php/good_4298_0,good,CWE-79,False Positive
../../CrossVul/CWE-79/php/good_4298_1,good,CWE-79,False Positive
../../CrossVul/CWE-79/php/good_429_2,good,CWE-79,True Negative
../../CrossVul/CWE-79/php/good_429_1,good,CWE-79,True Negative
../../CrossVul/CWE-79/php/good_429_3,good,CWE-79,False Positive
../../CrossVul/CWE-79/php/good_429_6,good,CWE-79,True Negative
../../CrossVul/CWE-79/php/good_429_4,good,CWE-79,True Negative
../../CrossVul/CWE-79/php/good_429_7,good,CWE-79,True Negative
../../CrossVul/CWE-79/php/good_429_5,good,CWE-79,False Positive
../../CrossVul/CWE-79/php/good_4304_0,good,CWE-79,True Negative
../../CrossVul/CWE-79/php/good_429_8,good,CWE-79,True Negative
../../CrossVul/CWE-79/php/good_4303_0,good,CWE-79,True Negative
../../CrossVul/CWE-79/php/good_4305_1,good,CWE-79,True Negative
../../CrossVul/CWE-79/php/good_4305_3,good,CWE-79,True Negative
../../CrossVul/CWE-79/php/good_4305_0,good,CWE-79,True Negative
../../CrossVul/CWE-79/php/good_4305_2,good,CWE-79,True Negative
../../CrossVul/CWE-79/php/good_4307_0,good,CWE-79,True Negative
../../CrossVul/CWE-79/php/good_430_1,good,CWE-79,True Negative
../../CrossVul/CWE-79/php/good_430_0,good,CWE-79,True Negative
../../CrossVul/CWE-79/php/good_430_2,good,CWE-79,True Negative
../../CrossVul/CWE-79/php/good_430_7,good,CWE-79,True Negative
../../CrossVul/CWE-79/php/good_430_4,good,CWE-79,True Negative
../../CrossVul/CWE-79/php/good_430_5,good,CWE-79,False Positive
../../CrossVul/CWE-79/php/good_430_6,good,CWE-79,True Negative
../../CrossVul/CWE-79/php/good_430_3,good,CWE-79,False Positive
../../CrossVul/CWE-79/php/good_430_8,good,CWE-79,True Negative
../../CrossVul/CWE-79/php/good_4315_0,good,CWE-79,True Negative
../../CrossVul/CWE-79/php/good_4327_0,good,CWE-79,True Negative
../../CrossVul/CWE-79/php/good_4315_1,good,CWE-79,True Negative
../../CrossVul/CWE-79/php/good_4327_1,good,CWE-79,True Negative
../../CrossVul/CWE-79/php/good_4327_2,good,CWE-79,True Negative
../../CrossVul/CWE-79/php/good_4327_3,good,CWE-79,True Negative
../../CrossVul/CWE-79/php/good_4328_1,good,CWE-79,True Negative
../../CrossVul/CWE-79/php/good_4327_4,good,CWE-79,True Negative
../../CrossVul/CWE-79/php/good_4328_0,good,CWE-79,True Negative
../../CrossVul/CWE-79/php/good_4333_0,good,CWE-79,True Negative
../../CrossVul/CWE-79/php/good_4333_1,good,CWE-79,True Negative
../../CrossVul/CWE-79/php/good_4333_4,good,CWE-79,True Negative
../../CrossVul/CWE-79/php/good_4333_2,good,CWE-79,True Negative
../../CrossVul/CWE-79/php/good_4333_3,good,CWE-79,True Negative
../../CrossVul/CWE-79/php/good_4333_5,good,CWE-79,True Negative
../../CrossVul/CWE-79/php/good_4333_6,good,CWE-79,True Negative
../../CrossVul/CWE-79/php/good_4333_7,good,CWE-79,True Negative
../../CrossVul/CWE-79/php/good_4338_1,good,CWE-79,True Negative
../../CrossVul/CWE-79/php/good_4338_0,good,CWE-79,True Negative
../../CrossVul/CWE-79/php/good_4338_3,good,CWE-79,True Negative
../../CrossVul/CWE-79/php/good_4338_2,good,CWE-79,True Negative
../../CrossVul/CWE-79/php/good_4338_4,good,CWE-79,True Negative
../../CrossVul/CWE-79/php/good_4412_0,good,CWE-79,True Negative
../../CrossVul/CWE-79/php/good_4408_0,good,CWE-79,True Negative
../../CrossVul/CWE-79/php/good_4412_2,good,CWE-79,True Negative
../../CrossVul/CWE-79/php/good_4447_0,good,CWE-79,True Negative
../../CrossVul/CWE-79/php/good_4447_1,good,CWE-79,True Negative
../../CrossVul/CWE-79/php/good_4447_2,good,CWE-79,True Negative
../../CrossVul/CWE-79/php/good_4412_1,good,CWE-79,False Positive
../../CrossVul/CWE-79/php/good_4448_0,good,CWE-79,True Negative
../../CrossVul/CWE-79/php/good_4454_0,good,CWE-79,True Negative
../../CrossVul/CWE-79/php/good_4448_1,good,CWE-79,True Negative
../../CrossVul/CWE-79/php/good_4454_1,good,CWE-79,True Negative
../../CrossVul/CWE-79/php/good_4473_1,good,CWE-79,True Negative
../../CrossVul/CWE-79/php/good_4467_0,good,CWE-79,True Negative
../../CrossVul/CWE-79/php/good_4474_0,good,CWE-79,True Negative
../../CrossVul/CWE-79/php/good_4560_0,good,CWE-79,True Negative
../../CrossVul/CWE-79/php/good_4529_4,good,CWE-79,True Negative
../../CrossVul/CWE-79/php/good_4529_3,good,CWE-79,True Negative
../../CrossVul/CWE-79/php/good_4561_1,good,CWE-79,True Negative
../../CrossVul/CWE-79/php/good_4561_0,good,CWE-79,True Negative
../../CrossVul/CWE-79/php/good_4566_0,good,CWE-79,True Negative
../../CrossVul/CWE-79/php/good_4564_1,good,CWE-79,True Negative
../../CrossVul/CWE-79/php/good_4561_2,good,CWE-79,True Negative
../../CrossVul/CWE-79/php/good_4567_0,good,CWE-79,True Negative
../../CrossVul/CWE-79/php/good_4568_0,good,CWE-79,True Negative
../../CrossVul/CWE-79/php/good_4570_0,good,CWE-79,True Negative
../../CrossVul/CWE-79/php/good_4569_0,good,CWE-79,True Negative
../../CrossVul/CWE-79/php/good_4656_0,good,CWE-79,True Negative
../../CrossVul/CWE-79/php/good_4571_0,good,CWE-79,True Negative
../../CrossVul/CWE-79/php/good_4573_0,good,CWE-79,True Negative
../../CrossVul/CWE-79/php/good_4578_1,good,CWE-79,True Negative
../../CrossVul/CWE-79/php/good_4682_0,good,CWE-79,True Negative
../../CrossVul/CWE-79/php/good_471_0,good,CWE-79,False Positive
../../CrossVul/CWE-79/php/good_471_1,good,CWE-79,False Positive
../../CrossVul/CWE-79/php/good_472_0,good,CWE-79,True Negative
../../CrossVul/CWE-79/php/good_4794_0,good,CWE-79,False Positive
../../CrossVul/CWE-79/php/good_478_0,good,CWE-79,True Negative
../../CrossVul/CWE-79/php/good_479_0,good,CWE-79,True Negative
../../CrossVul/CWE-79/php/good_474_0,good,CWE-79,False Positive
../../CrossVul/CWE-79/php/good_475_0,good,CWE-79,False Positive
../../CrossVul/CWE-79/php/good_481_0,good,CWE-79,True Negative
../../CrossVul/CWE-79/php/good_481_1,good,CWE-79,True Negative
../../CrossVul/CWE-79/php/good_482_1,good,CWE-79,True Negative
../../CrossVul/CWE-79/php/good_482_0,good,CWE-79,True Negative
../../CrossVul/CWE-79/php/good_4845_1,good,CWE-79,True Negative
../../CrossVul/CWE-79/php/good_4848_0,good,CWE-79,True Negative
../../CrossVul/CWE-79/php/good_4845_4,good,CWE-79,True Negative
../../CrossVul/CWE-79/php/good_4845_2,good,CWE-79,True Negative
../../CrossVul/CWE-79/php/good_4895_1,good,CWE-79,False Positive
../../CrossVul/CWE-79/php/good_4891_0,good,CWE-79,False Positive
../../CrossVul/CWE-79/php/good_4890_0,good,CWE-79,False Positive
../../CrossVul/CWE-79/php/good_491_0,good,CWE-79,True Negative
../../CrossVul/CWE-79/php/good_491_1,good,CWE-79,True Negative
../../CrossVul/CWE-79/php/good_4895_0,good,CWE-79,True Negative
../../CrossVul/CWE-79/php/good_491_2,good,CWE-79,True Negative
../../CrossVul/CWE-79/php/good_4929_0,good,CWE-79,True Negative
../../CrossVul/CWE-79/php/good_4929_4,good,CWE-79,False Positive
../../CrossVul/CWE-79/php/good_4929_6,good,CWE-79,False Positive
../../CrossVul/CWE-79/php/good_4929_5,good,CWE-79,False Positive
../../CrossVul/CWE-79/php/good_4929_7,good,CWE-79,True Negative
../../CrossVul/CWE-79/php/good_493_0,good,CWE-79,True Negative
../../CrossVul/CWE-79/php/good_4969_0,good,CWE-79,True Negative
../../CrossVul/CWE-79/php/good_4974_0,good,CWE-79,False Positive
../../CrossVul/CWE-79/php/good_4976_0,good,CWE-79,False Positive
../../CrossVul/CWE-79/php/good_4979_0,good,CWE-79,False Positive
../../CrossVul/CWE-79/php/good_5090_2,good,CWE-79,True Negative
../../CrossVul/CWE-79/php/good_5100_0,good,CWE-79,True Negative
../../CrossVul/CWE-79/php/good_5068_0,good,CWE-79,False Positive
../../CrossVul/CWE-79/php/good_5090_0,good,CWE-79,True Negative
../../CrossVul/CWE-79/php/good_5100_1,good,CWE-79,True Negative
../../CrossVul/CWE-79/php/good_5118_1,good,CWE-79,True Negative
../../CrossVul/CWE-79/php/good_5118_0,good,CWE-79,True Negative
../../CrossVul/CWE-79/php/good_5119_0,good,CWE-79,True Negative
../../CrossVul/CWE-79/php/good_5119_1,good,CWE-79,True Negative
../../CrossVul/CWE-79/php/good_5119_3,good,CWE-79,True Negative
../../CrossVul/CWE-79/php/good_5119_4,good,CWE-79,True Negative
../../CrossVul/CWE-79/php/good_5119_2,good,CWE-79,True Negative
../../CrossVul/CWE-79/php/good_5119_5,good,CWE-79,True Negative
../../CrossVul/CWE-79/php/good_5138_0,good,CWE-79,True Negative
../../CrossVul/CWE-79/php/good_5158_0,good,CWE-79,True Negative
../../CrossVul/CWE-79/php/good_5153_0,good,CWE-79,True Negative
../../CrossVul/CWE-79/php/good_5148_0,good,CWE-79,True Negative
../../CrossVul/CWE-79/php/good_5153_1,good,CWE-79,True Negative
../../CrossVul/CWE-79/php/good_5149_0,good,CWE-79,True Negative
../../CrossVul/CWE-79/php/good_5158_1,good,CWE-79,True Negative
../../CrossVul/CWE-79/php/good_5158_10,good,CWE-79,True Negative
../../CrossVul/CWE-79/php/good_5158_2,good,CWE-79,True Negative
../../CrossVul/CWE-79/php/good_5158_6,good,CWE-79,True Negative
../../CrossVul/CWE-79/php/good_5158_3,good,CWE-79,True Negative
../../CrossVul/CWE-79/php/good_5158_4,good,CWE-79,True Negative
../../CrossVul/CWE-79/php/good_5158_5,good,CWE-79,True Negative
../../CrossVul/CWE-79/php/good_5158_8,good,CWE-79,True Negative
../../CrossVul/CWE-79/php/good_5158_7,good,CWE-79,True Negative
../../CrossVul/CWE-79/php/good_515_10,good,CWE-79,True Negative
../../CrossVul/CWE-79/php/good_515_2,good,CWE-79,True Negative
../../CrossVul/CWE-79/php/good_515_1,good,CWE-79,True Negative
../../CrossVul/CWE-79/php/good_515_11,good,CWE-79,True Negative
../../CrossVul/CWE-79/php/good_515_4,good,CWE-79,True Negative
../../CrossVul/CWE-79/php/good_515_3,good,CWE-79,True Negative
../../CrossVul/CWE-79/php/good_515_6,good,CWE-79,True Negative
../../CrossVul/CWE-79/php/good_515_5,good,CWE-79,True Negative
../../CrossVul/CWE-79/php/good_515_7,good,CWE-79,True Negative
../../CrossVul/CWE-79/php/good_516_1,good,CWE-79,True Negative
../../CrossVul/CWE-79/php/good_515_8,good,CWE-79,True Negative
../../CrossVul/CWE-79/php/good_515_9,good,CWE-79,True Negative
../../CrossVul/CWE-79/php/good_5175_0,good,CWE-79,True Negative
../../CrossVul/CWE-79/php/good_5175_1,good,CWE-79,True Negative
../../CrossVul/CWE-79/php/good_5175_2,good,CWE-79,True Negative
../../CrossVul/CWE-79/php/good_5251_0,good,CWE-79,True Negative
../../CrossVul/CWE-79/php/good_5251_2,good,CWE-79,True Negative
../../CrossVul/CWE-79/php/good_5251_1,good,CWE-79,True Negative
../../CrossVul/CWE-79/php/good_5227_0,good,CWE-79,True Negative
../../CrossVul/CWE-79/php/good_5275_1,good,CWE-79,True Negative
../../CrossVul/CWE-79/php/good_5251_4,good,CWE-79,True Negative
../../CrossVul/CWE-79/php/good_5387_0,good,CWE-79,True Negative
../../CrossVul/CWE-79/php/good_535_0,good,CWE-79,False Positive
../../CrossVul/CWE-79/php/good_5275_0,good,CWE-79,False Positive
../../CrossVul/CWE-79/php/good_5424_2,good,CWE-79,True Negative
../../CrossVul/CWE-79/php/good_5424_0,good,CWE-79,True Negative
../../CrossVul/CWE-79/php/good_5425_0,good,CWE-79,True Negative
../../CrossVul/CWE-79/php/good_5427_0,good,CWE-79,True Negative
../../CrossVul/CWE-79/php/good_5426_0,good,CWE-79,True Negative
../../CrossVul/CWE-79/php/good_5452_1,good,CWE-79,True Negative
../../CrossVul/CWE-79/php/good_5428_0,good,CWE-79,True Negative
../../CrossVul/CWE-79/php/good_5452_0,good,CWE-79,True Negative
../../CrossVul/CWE-79/php/good_5453_1,good,CWE-79,True Negative
../../CrossVul/CWE-79/php/good_5453_0,good,CWE-79,True Negative
../../CrossVul/CWE-79/php/good_5454_0,good,CWE-79,True Negative
../../CrossVul/CWE-79/php/good_5455_1,good,CWE-79,True Negative
../../CrossVul/CWE-79/php/good_5455_0,good,CWE-79,True Negative
../../CrossVul/CWE-79/php/good_5455_8,good,CWE-79,True Negative
../../CrossVul/CWE-79/php/good_5455_6,good,CWE-79,True Negative
../../CrossVul/CWE-79/php/good_5455_3,good,CWE-79,True Negative
../../CrossVul/CWE-79/php/good_5455_4,good,CWE-79,True Negative
../../CrossVul/CWE-79/php/good_5455_2,good,CWE-79,True Negative
../../CrossVul/CWE-79/php/good_5456_1,good,CWE-79,True Negative
../../CrossVul/CWE-79/php/good_5456_0,good,CWE-79,True Negative
../../CrossVul/CWE-79/php/good_5455_7,good,CWE-79,True Negative
../../CrossVul/CWE-79/php/good_5456_2,good,CWE-79,True Negative
../../CrossVul/CWE-79/php/good_5456_4,good,CWE-79,True Negative
../../CrossVul/CWE-79/php/good_5456_6,good,CWE-79,True Negative
../../CrossVul/CWE-79/php/good_5456_7,good,CWE-79,True Negative
../../CrossVul/CWE-79/php/good_5456_3,good,CWE-79,True Negative
../../CrossVul/CWE-79/php/good_5457_0,good,CWE-79,True Negative
../../CrossVul/CWE-79/php/good_5457_1,good,CWE-79,True Negative
../../CrossVul/CWE-79/php/good_5456_8,good,CWE-79,True Negative
../../CrossVul/CWE-79/php/good_5457_4,good,CWE-79,True Negative
../../CrossVul/CWE-79/php/good_5457_2,good,CWE-79,True Negative
../../CrossVul/CWE-79/php/good_5457_3,good,CWE-79,True Negative
../../CrossVul/CWE-79/php/good_5457_6,good,CWE-79,True Negative
../../CrossVul/CWE-79/php/good_5457_5,good,CWE-79,True Negative
../../CrossVul/CWE-79/php/good_5457_7,good,CWE-79,True Negative
../../CrossVul/CWE-79/php/good_5536_0,good,CWE-79,True Negative
../../CrossVul/CWE-79/php/good_5537_0,good,CWE-79,True Negative
../../CrossVul/CWE-79/php/good_5547_10,good,CWE-79,True Negative
../../CrossVul/CWE-79/php/good_5547_15,good,CWE-79,True Negative
../../CrossVul/CWE-79/php/good_5547_13,good,CWE-79,True Negative
../../CrossVul/CWE-79/php/good_5547_14,good,CWE-79,True Negative
../../CrossVul/CWE-79/php/good_5547_12,good,CWE-79,True Negative
../../CrossVul/CWE-79/php/good_5547_16,good,CWE-79,True Negative
../../CrossVul/CWE-79/php/good_5547_17,good,CWE-79,True Negative
../../CrossVul/CWE-79/php/good_5547_18,good,CWE-79,True Negative
../../CrossVul/CWE-79/php/good_5547_22,good,CWE-79,True Negative
../../CrossVul/CWE-79/php/good_5547_20,good,CWE-79,True Negative
../../CrossVul/CWE-79/php/good_5547_19,good,CWE-79,True Negative
../../CrossVul/CWE-79/php/good_5547_23,good,CWE-79,True Negative
../../CrossVul/CWE-79/php/good_5547_21,good,CWE-79,True Negative
../../CrossVul/CWE-79/php/good_5547_24,good,CWE-79,True Negative
../../CrossVul/CWE-79/php/good_5547_6,good,CWE-79,True Negative
../../CrossVul/CWE-79/php/good_5547_7,good,CWE-79,True Negative
../../CrossVul/CWE-79/php/good_5547_8,good,CWE-79,True Negative
../../CrossVul/CWE-79/php/good_5547_9,good,CWE-79,True Negative
../../CrossVul/CWE-79/php/good_5548_2,good,CWE-79,True Negative
../../CrossVul/CWE-79/php/good_5548_0,good,CWE-79,True Negative
../../CrossVul/CWE-79/php/good_5548_1,good,CWE-79,True Negative
../../CrossVul/CWE-79/php/good_5560_3,good,CWE-79,True Negative
../../CrossVul/CWE-79/php/good_5560_2,good,CWE-79,True Negative
../../CrossVul/CWE-79/php/good_5560_0,good,CWE-79,False Positive
../../CrossVul/CWE-79/php/good_5560_4,good,CWE-79,True Negative
../../CrossVul/CWE-79/php/good_5560_1,good,CWE-79,False Positive
../../CrossVul/CWE-79/php/good_5560_5,good,CWE-79,True Negative
../../CrossVul/CWE-79/php/good_5560_7,good,CWE-79,True Negative
../../CrossVul/CWE-79/php/good_5560_6,good,CWE-79,False Positive
../../CrossVul/CWE-79/php/good_5570_0,good,CWE-79,True Negative
../../CrossVul/CWE-79/php/good_5570_1,good,CWE-79,True Negative
../../CrossVul/CWE-79/php/good_5560_8,good,CWE-79,False Positive
../../CrossVul/CWE-79/php/good_5560_9,good,CWE-79,False Positive
../../CrossVul/CWE-79/php/good_5571_0,good,CWE-79,False Positive
../../CrossVul/CWE-79/php/good_5588_0,good,CWE-79,True Negative
../../CrossVul/CWE-79/php/good_5588_2,good,CWE-79,False Positive
../../CrossVul/CWE-79/php/good_5588_1,good,CWE-79,False Positive
../../CrossVul/CWE-79/php/good_5633_0,good,CWE-79,True Negative
../../CrossVul/CWE-79/php/good_5633_1,good,CWE-79,True Negative
../../CrossVul/CWE-79/php/good_5611_0,good,CWE-79,False Positive
../../CrossVul/CWE-79/php/good_5588_3,good,CWE-79,False Positive
../../CrossVul/CWE-79/php/good_5633_10,good,CWE-79,True Negative
../../CrossVul/CWE-79/php/good_5633_11,good,CWE-79,True Negative
../../CrossVul/CWE-79/php/good_5633_13,good,CWE-79,True Negative
../../CrossVul/CWE-79/php/good_5633_3,good,CWE-79,True Negative
../../CrossVul/CWE-79/php/good_5633_14,good,CWE-79,True Negative
../../CrossVul/CWE-79/php/good_5633_12,good,CWE-79,True Negative
../../CrossVul/CWE-79/php/good_5633_4,good,CWE-79,True Negative
../../CrossVul/CWE-79/php/good_5633_2,good,CWE-79,True Negative
../../CrossVul/CWE-79/php/good_5633_5,good,CWE-79,True Negative
../../CrossVul/CWE-79/php/good_5633_6,good,CWE-79,True Negative
../../CrossVul/CWE-79/php/good_5633_7,good,CWE-79,True Negative
../../CrossVul/CWE-79/php/good_5633_9,good,CWE-79,True Negative
../../CrossVul/CWE-79/php/good_5633_8,good,CWE-79,True Negative
../../CrossVul/CWE-79/php/good_5680_0,good,CWE-79,True Negative
../../CrossVul/CWE-79/php/good_5712_0,good,CWE-79,False Positive
../../CrossVul/CWE-79/php/good_5747_0,good,CWE-79,True Negative
../../CrossVul/CWE-79/php/good_577_0,good,CWE-79,True Negative
../../CrossVul/CWE-79/php/good_571_0,good,CWE-79,True Negative
../../CrossVul/CWE-79/php/good_5775_0,good,CWE-79,True Negative
../../CrossVul/CWE-79/php/good_5848_0,good,CWE-79,True Negative
../../CrossVul/CWE-79/php/good_5846_0,good,CWE-79,True Negative
../../CrossVul/CWE-79/php/good_58_0,good,CWE-79,False Positive
../../CrossVul/CWE-79/php/good_58_1,good,CWE-79,True Negative
../../CrossVul/CWE-79/php/good_58_4,good,CWE-79,True Negative
../../CrossVul/CWE-79/php/good_58_2,good,CWE-79,True Negative
../../CrossVul/CWE-79/php/good_58_3,good,CWE-79,True Negative
../../CrossVul/CWE-79/php/good_58_5,good,CWE-79,True Negative
../../CrossVul/CWE-79/php/good_58_6,good,CWE-79,True Negative
../../CrossVul/CWE-79/php/good_5857_0,good,CWE-79,False Positive
../../CrossVul/CWE-79/php/good_644_0,good,CWE-79,True Negative
../../CrossVul/CWE-79/php/good_630_1,good,CWE-79,False Positive
../../CrossVul/CWE-79/php/good_667_0,good,CWE-79,False Positive
../../CrossVul/CWE-79/php/good_667_1,good,CWE-79,True Negative
../../CrossVul/CWE-79/php/good_667_2,good,CWE-79,True Negative
../../CrossVul/CWE-79/php/good_667_3,good,CWE-79,True Negative
../../CrossVul/CWE-79/php/good_703_0,good,CWE-79,False Positive
../../CrossVul/CWE-79/php/good_703_4,good,CWE-79,False Positive
../../CrossVul/CWE-79/php/good_703_2,good,CWE-79,False Positive
../../CrossVul/CWE-79/php/good_703_3,good,CWE-79,False Positive
../../CrossVul/CWE-79/php/good_703_1,good,CWE-79,False Positive
../../CrossVul/CWE-79/php/good_703_5,good,CWE-79,True Negative
../../CrossVul/CWE-79/php/good_703_6,good,CWE-79,True Negative
../../CrossVul/CWE-79/php/good_703_7,good,CWE-79,True Negative
../../CrossVul/CWE-79/php/good_703_8,good,CWE-79,False Positive
../../CrossVul/CWE-79/php/good_703_9,good,CWE-79,True Negative
../../CrossVul/CWE-79/php/good_704_2,good,CWE-79,True Negative
../../CrossVul/CWE-79/php/good_704_1,good,CWE-79,True Negative
../../CrossVul/CWE-79/php/good_704_0,good,CWE-79,False Positive
../../CrossVul/CWE-79/php/good_785_0,good,CWE-79,False Positive
../../CrossVul/CWE-79/php/good_704_3,good,CWE-79,False Positive
../../CrossVul/CWE-79/php/good_79_0,good,CWE-79,True Negative
../../CrossVul/CWE-79/php/good_807_0,good,CWE-79,False Positive
../../CrossVul/CWE-79/php/good_82_1,good,CWE-79,True Negative
../../CrossVul/CWE-79/php/good_833_0,good,CWE-79,True Negative
../../CrossVul/CWE-79/php/good_808_0,good,CWE-79,False Positive
../../CrossVul/CWE-79/php/good_82_0,good,CWE-79,False Positive
../../CrossVul/CWE-79/php/good_871_2,good,CWE-79,True Negative
../../CrossVul/CWE-79/php/good_871_3,good,CWE-79,False Positive
../../CrossVul/CWE-79/php/good_879_1,good,CWE-79,True Negative
../../CrossVul/CWE-79/php/good_878_0,good,CWE-79,True Negative
../../CrossVul/CWE-79/php/good_88_0,good,CWE-79,True Negative
../../CrossVul/CWE-79/php/good_948_0,good,CWE-79,True Negative
../../CrossVul/CWE-79/php/good_948_1,good,CWE-79,True Negative
../../CrossVul/CWE-79/php/good_90_0,good,CWE-79,True Negative
../../CrossVul/CWE-79/php/good_948_2,good,CWE-79,True Negative
../../CrossVul/CWE-79/php/good_948_3,good,CWE-79,True Negative
../../CrossVul/CWE-79/php/good_979_0,good,CWE-79,True Negative
../../CrossVul/CWE-79/php/good_97_0,good,CWE-79,False Positive
../../CrossVul/CWE-79/php/good_988_0,good,CWE-79,True Negative
../../CrossVul/CWE-79/php/good_980_0,good,CWE-79,True Negative
../../CrossVul/CWE-79/php/good_97_3,good,CWE-79,False Positive
../../CrossVul/CWE-79/php/good_990_0,good,CWE-79,True Negative
../../CrossVul/CWE-79/php/good_97_1,good,CWE-79,False Positive
../../CrossVul/CWE-79/php/good_97_2,good,CWE-79,False Positive
