file,line,column,message,severity,rule_id
../../CrossVul/CWE-79/php/good_1126_0,108,23,File name based on user input risks server-side request forgery.,WARNING,php.lang.security.injection.tainted-filename.tainted-filename
../../CrossVul/CWE-79/php/good_1126_0,108,23,"Untrusted input might be used to build an HTTP request, which can lead to a Server-side request forgery (SSRF) vulnerability. SSRF allows an attacker to send crafted requests from the server side to other internal or external systems. SSRF can lead to unauthorized access to sensitive data and, in some cases, allow the attacker to control applications or systems that trust the vulnerable service. To prevent this vulnerability, avoid allowing user input to craft the base request. Instead, treat it as part of the path or query parameter and encode it appropriately. When user input is necessary to prepare the HTTP request, perform strict input validation. Additionally, whenever possible, use allowlists to only interact with expected, trusted domains.",ERROR,php.lang.security.tainted-url-to-connection.tainted-url-to-connection
../../CrossVul/CWE-79/php/good_1126_0,110,13,File name based on user input risks server-side request forgery.,WARNING,php.lang.security.injection.tainted-filename.tainted-filename
../../CrossVul/CWE-79/php/good_1126_0,127,21,File name based on user input risks server-side request forgery.,WARNING,php.lang.security.injection.tainted-filename.tainted-filename
../../CrossVul/CWE-79/php/good_1126_0,127,21,"Untrusted input might be used to build an HTTP request, which can lead to a Server-side request forgery (SSRF) vulnerability. SSRF allows an attacker to send crafted requests from the server side to other internal or external systems. SSRF can lead to unauthorized access to sensitive data and, in some cases, allow the attacker to control applications or systems that trust the vulnerable service. To prevent this vulnerability, avoid allowing user input to craft the base request. Instead, treat it as part of the path or query parameter and encode it appropriately. When user input is necessary to prepare the HTTP request, perform strict input validation. Additionally, whenever possible, use allowlists to only interact with expected, trusted domains.",ERROR,php.lang.security.tainted-url-to-connection.tainted-url-to-connection
../../CrossVul/CWE-79/php/good_1126_0,129,11,File name based on user input risks server-side request forgery.,WARNING,php.lang.security.injection.tainted-filename.tainted-filename
../../CrossVul/CWE-79/php/good_1134_1,5,21,"Untrusted input could be used to tamper with a web page rendering, which can lead to a Cross-site scripting (XSS) vulnerability. XSS vulnerabilities occur when untrusted input executes malicious JavaScript code, leading to issues such as account compromise and sensitive information leakage. To prevent this vulnerability, validate the user input, perform contextual output encoding or sanitize the input. In PHP you can encode or sanitize user input with `htmlspecialchars` or use automatic context-aware escaping with a template engine such as Latte.",ERROR,php.lang.security.tainted-user-input-in-php-script.tainted-user-input-in-php-script
../../CrossVul/CWE-79/php/good_1136_0,102,46,`Echo`ing user input risks cross-site scripting vulnerability. You should use `htmlentities()` when showing data to users.,ERROR,php.lang.security.injection.echoed-request.echoed-request
../../CrossVul/CWE-79/php/good_1136_0,102,46,"Found direct access to a PHP variable wihout HTML escaping inside an inline PHP statement setting data from `$_REQUEST[...]`. When untrusted input can be used to tamper with a web page rendering, it can lead to a Cross-site scripting (XSS) vulnerability. XSS vulnerabilities occur when untrusted input executes malicious JavaScript code, leading to issues such as account compromise and sensitive information leakage. To prevent this vulnerability, validate the user input, perform contextual output encoding or sanitize the input. In PHP you can encode or sanitize user input with `htmlspecialchars` or use automatic context-aware escaping with a template engine such as Latte.",WARNING,php.lang.security.taint-unsafe-echo-tag.taint-unsafe-echo-tag
../../CrossVul/CWE-79/php/good_1135_0,89,2,`Echo`ing user input risks cross-site scripting vulnerability. You should use `htmlentities()` when showing data to users.,ERROR,php.lang.security.injection.echoed-request.echoed-request
../../CrossVul/CWE-79/php/good_1135_0,89,2,"Found direct access to a PHP variable wihout HTML escaping inside an inline PHP statement setting data from `$_REQUEST[...]`. When untrusted input can be used to tamper with a web page rendering, it can lead to a Cross-site scripting (XSS) vulnerability. XSS vulnerabilities occur when untrusted input executes malicious JavaScript code, leading to issues such as account compromise and sensitive information leakage. To prevent this vulnerability, validate the user input, perform contextual output encoding or sanitize the input. In PHP you can encode or sanitize user input with `htmlspecialchars` or use automatic context-aware escaping with a template engine such as Latte.",WARNING,php.lang.security.taint-unsafe-echo-tag.taint-unsafe-echo-tag
../../CrossVul/CWE-79/php/good_1135_0,90,2,`Echo`ing user input risks cross-site scripting vulnerability. You should use `htmlentities()` when showing data to users.,ERROR,php.lang.security.injection.echoed-request.echoed-request
../../CrossVul/CWE-79/php/good_1135_0,90,2,"Found direct access to a PHP variable wihout HTML escaping inside an inline PHP statement setting data from `$_REQUEST[...]`. When untrusted input can be used to tamper with a web page rendering, it can lead to a Cross-site scripting (XSS) vulnerability. XSS vulnerabilities occur when untrusted input executes malicious JavaScript code, leading to issues such as account compromise and sensitive information leakage. To prevent this vulnerability, validate the user input, perform contextual output encoding or sanitize the input. In PHP you can encode or sanitize user input with `htmlspecialchars` or use automatic context-aware escaping with a template engine such as Latte.",WARNING,php.lang.security.taint-unsafe-echo-tag.taint-unsafe-echo-tag
../../CrossVul/CWE-79/php/good_1135_0,91,2,`Echo`ing user input risks cross-site scripting vulnerability. You should use `htmlentities()` when showing data to users.,ERROR,php.lang.security.injection.echoed-request.echoed-request
../../CrossVul/CWE-79/php/good_1135_0,91,2,"Found direct access to a PHP variable wihout HTML escaping inside an inline PHP statement setting data from `$_REQUEST[...]`. When untrusted input can be used to tamper with a web page rendering, it can lead to a Cross-site scripting (XSS) vulnerability. XSS vulnerabilities occur when untrusted input executes malicious JavaScript code, leading to issues such as account compromise and sensitive information leakage. To prevent this vulnerability, validate the user input, perform contextual output encoding or sanitize the input. In PHP you can encode or sanitize user input with `htmlspecialchars` or use automatic context-aware escaping with a template engine such as Latte.",WARNING,php.lang.security.taint-unsafe-echo-tag.taint-unsafe-echo-tag
../../CrossVul/CWE-79/php/good_1135_0,92,2,`Echo`ing user input risks cross-site scripting vulnerability. You should use `htmlentities()` when showing data to users.,ERROR,php.lang.security.injection.echoed-request.echoed-request
../../CrossVul/CWE-79/php/good_1135_0,92,2,"Found direct access to a PHP variable wihout HTML escaping inside an inline PHP statement setting data from `$_REQUEST[...]`. When untrusted input can be used to tamper with a web page rendering, it can lead to a Cross-site scripting (XSS) vulnerability. XSS vulnerabilities occur when untrusted input executes malicious JavaScript code, leading to issues such as account compromise and sensitive information leakage. To prevent this vulnerability, validate the user input, perform contextual output encoding or sanitize the input. In PHP you can encode or sanitize user input with `htmlspecialchars` or use automatic context-aware escaping with a template engine such as Latte.",WARNING,php.lang.security.taint-unsafe-echo-tag.taint-unsafe-echo-tag
../../CrossVul/CWE-79/php/good_1135_0,95,3,`Echo`ing user input risks cross-site scripting vulnerability. You should use `htmlentities()` when showing data to users.,ERROR,php.lang.security.injection.echoed-request.echoed-request
../../CrossVul/CWE-79/php/good_1135_0,95,3,"Found direct access to a PHP variable wihout HTML escaping inside an inline PHP statement setting data from `$_REQUEST[...]`. When untrusted input can be used to tamper with a web page rendering, it can lead to a Cross-site scripting (XSS) vulnerability. XSS vulnerabilities occur when untrusted input executes malicious JavaScript code, leading to issues such as account compromise and sensitive information leakage. To prevent this vulnerability, validate the user input, perform contextual output encoding or sanitize the input. In PHP you can encode or sanitize user input with `htmlspecialchars` or use automatic context-aware escaping with a template engine such as Latte.",WARNING,php.lang.security.taint-unsafe-echo-tag.taint-unsafe-echo-tag
../../CrossVul/CWE-79/php/good_1135_0,108,4,`Echo`ing user input risks cross-site scripting vulnerability. You should use `htmlentities()` when showing data to users.,ERROR,php.lang.security.injection.echoed-request.echoed-request
../../CrossVul/CWE-79/php/good_1135_0,108,4,"Found direct access to a PHP variable wihout HTML escaping inside an inline PHP statement setting data from `$_REQUEST[...]`. When untrusted input can be used to tamper with a web page rendering, it can lead to a Cross-site scripting (XSS) vulnerability. XSS vulnerabilities occur when untrusted input executes malicious JavaScript code, leading to issues such as account compromise and sensitive information leakage. To prevent this vulnerability, validate the user input, perform contextual output encoding or sanitize the input. In PHP you can encode or sanitize user input with `htmlspecialchars` or use automatic context-aware escaping with a template engine such as Latte.",WARNING,php.lang.security.taint-unsafe-echo-tag.taint-unsafe-echo-tag
../../CrossVul/CWE-79/php/good_1135_0,109,4,`Echo`ing user input risks cross-site scripting vulnerability. You should use `htmlentities()` when showing data to users.,ERROR,php.lang.security.injection.echoed-request.echoed-request
../../CrossVul/CWE-79/php/good_1135_0,109,4,"Found direct access to a PHP variable wihout HTML escaping inside an inline PHP statement setting data from `$_REQUEST[...]`. When untrusted input can be used to tamper with a web page rendering, it can lead to a Cross-site scripting (XSS) vulnerability. XSS vulnerabilities occur when untrusted input executes malicious JavaScript code, leading to issues such as account compromise and sensitive information leakage. To prevent this vulnerability, validate the user input, perform contextual output encoding or sanitize the input. In PHP you can encode or sanitize user input with `htmlspecialchars` or use automatic context-aware escaping with a template engine such as Latte.",WARNING,php.lang.security.taint-unsafe-echo-tag.taint-unsafe-echo-tag
../../CrossVul/CWE-79/php/good_1135_0,110,4,`Echo`ing user input risks cross-site scripting vulnerability. You should use `htmlentities()` when showing data to users.,ERROR,php.lang.security.injection.echoed-request.echoed-request
../../CrossVul/CWE-79/php/good_1135_0,110,4,"Found direct access to a PHP variable wihout HTML escaping inside an inline PHP statement setting data from `$_REQUEST[...]`. When untrusted input can be used to tamper with a web page rendering, it can lead to a Cross-site scripting (XSS) vulnerability. XSS vulnerabilities occur when untrusted input executes malicious JavaScript code, leading to issues such as account compromise and sensitive information leakage. To prevent this vulnerability, validate the user input, perform contextual output encoding or sanitize the input. In PHP you can encode or sanitize user input with `htmlspecialchars` or use automatic context-aware escaping with a template engine such as Latte.",WARNING,php.lang.security.taint-unsafe-echo-tag.taint-unsafe-echo-tag
../../CrossVul/CWE-79/php/good_1135_0,111,4,`Echo`ing user input risks cross-site scripting vulnerability. You should use `htmlentities()` when showing data to users.,ERROR,php.lang.security.injection.echoed-request.echoed-request
../../CrossVul/CWE-79/php/good_1135_0,111,4,"Found direct access to a PHP variable wihout HTML escaping inside an inline PHP statement setting data from `$_REQUEST[...]`. When untrusted input can be used to tamper with a web page rendering, it can lead to a Cross-site scripting (XSS) vulnerability. XSS vulnerabilities occur when untrusted input executes malicious JavaScript code, leading to issues such as account compromise and sensitive information leakage. To prevent this vulnerability, validate the user input, perform contextual output encoding or sanitize the input. In PHP you can encode or sanitize user input with `htmlspecialchars` or use automatic context-aware escaping with a template engine such as Latte.",WARNING,php.lang.security.taint-unsafe-echo-tag.taint-unsafe-echo-tag
../../CrossVul/CWE-79/php/good_1135_0,112,4,`Echo`ing user input risks cross-site scripting vulnerability. You should use `htmlentities()` when showing data to users.,ERROR,php.lang.security.injection.echoed-request.echoed-request
../../CrossVul/CWE-79/php/good_1135_0,112,4,"Found direct access to a PHP variable wihout HTML escaping inside an inline PHP statement setting data from `$_REQUEST[...]`. When untrusted input can be used to tamper with a web page rendering, it can lead to a Cross-site scripting (XSS) vulnerability. XSS vulnerabilities occur when untrusted input executes malicious JavaScript code, leading to issues such as account compromise and sensitive information leakage. To prevent this vulnerability, validate the user input, perform contextual output encoding or sanitize the input. In PHP you can encode or sanitize user input with `htmlspecialchars` or use automatic context-aware escaping with a template engine such as Latte.",WARNING,php.lang.security.taint-unsafe-echo-tag.taint-unsafe-echo-tag
../../CrossVul/CWE-79/php/good_1135_0,115,5,`Echo`ing user input risks cross-site scripting vulnerability. You should use `htmlentities()` when showing data to users.,ERROR,php.lang.security.injection.echoed-request.echoed-request
../../CrossVul/CWE-79/php/good_1135_0,115,5,"Found direct access to a PHP variable wihout HTML escaping inside an inline PHP statement setting data from `$_REQUEST[...]`. When untrusted input can be used to tamper with a web page rendering, it can lead to a Cross-site scripting (XSS) vulnerability. XSS vulnerabilities occur when untrusted input executes malicious JavaScript code, leading to issues such as account compromise and sensitive information leakage. To prevent this vulnerability, validate the user input, perform contextual output encoding or sanitize the input. In PHP you can encode or sanitize user input with `htmlspecialchars` or use automatic context-aware escaping with a template engine such as Latte.",WARNING,php.lang.security.taint-unsafe-echo-tag.taint-unsafe-echo-tag
../../CrossVul/CWE-79/php/good_1135_0,118,5,`Echo`ing user input risks cross-site scripting vulnerability. You should use `htmlentities()` when showing data to users.,ERROR,php.lang.security.injection.echoed-request.echoed-request
../../CrossVul/CWE-79/php/good_1135_0,118,5,"Found direct access to a PHP variable wihout HTML escaping inside an inline PHP statement setting data from `$_REQUEST[...]`. When untrusted input can be used to tamper with a web page rendering, it can lead to a Cross-site scripting (XSS) vulnerability. XSS vulnerabilities occur when untrusted input executes malicious JavaScript code, leading to issues such as account compromise and sensitive information leakage. To prevent this vulnerability, validate the user input, perform contextual output encoding or sanitize the input. In PHP you can encode or sanitize user input with `htmlspecialchars` or use automatic context-aware escaping with a template engine such as Latte.",WARNING,php.lang.security.taint-unsafe-echo-tag.taint-unsafe-echo-tag
../../CrossVul/CWE-79/php/good_1135_0,135,3,`Echo`ing user input risks cross-site scripting vulnerability. You should use `htmlentities()` when showing data to users.,ERROR,php.lang.security.injection.echoed-request.echoed-request
../../CrossVul/CWE-79/php/good_1135_0,135,3,"Found direct access to a PHP variable wihout HTML escaping inside an inline PHP statement setting data from `$_REQUEST[...]`. When untrusted input can be used to tamper with a web page rendering, it can lead to a Cross-site scripting (XSS) vulnerability. XSS vulnerabilities occur when untrusted input executes malicious JavaScript code, leading to issues such as account compromise and sensitive information leakage. To prevent this vulnerability, validate the user input, perform contextual output encoding or sanitize the input. In PHP you can encode or sanitize user input with `htmlspecialchars` or use automatic context-aware escaping with a template engine such as Latte.",WARNING,php.lang.security.taint-unsafe-echo-tag.taint-unsafe-echo-tag
../../CrossVul/CWE-79/php/good_1137_0,73,3,`Echo`ing user input risks cross-site scripting vulnerability. You should use `htmlentities()` when showing data to users.,ERROR,php.lang.security.injection.echoed-request.echoed-request
../../CrossVul/CWE-79/php/good_1137_0,73,3,"Found direct access to a PHP variable wihout HTML escaping inside an inline PHP statement setting data from `$_REQUEST[...]`. When untrusted input can be used to tamper with a web page rendering, it can lead to a Cross-site scripting (XSS) vulnerability. XSS vulnerabilities occur when untrusted input executes malicious JavaScript code, leading to issues such as account compromise and sensitive information leakage. To prevent this vulnerability, validate the user input, perform contextual output encoding or sanitize the input. In PHP you can encode or sanitize user input with `htmlspecialchars` or use automatic context-aware escaping with a template engine such as Latte.",WARNING,php.lang.security.taint-unsafe-echo-tag.taint-unsafe-echo-tag
../../CrossVul/CWE-79/php/good_1141_0,82,3,`Echo`ing user input risks cross-site scripting vulnerability. You should use `htmlentities()` when showing data to users.,ERROR,php.lang.security.injection.echoed-request.echoed-request
../../CrossVul/CWE-79/php/good_1141_0,82,3,"Found direct access to a PHP variable wihout HTML escaping inside an inline PHP statement setting data from `$_REQUEST[...]`. When untrusted input can be used to tamper with a web page rendering, it can lead to a Cross-site scripting (XSS) vulnerability. XSS vulnerabilities occur when untrusted input executes malicious JavaScript code, leading to issues such as account compromise and sensitive information leakage. To prevent this vulnerability, validate the user input, perform contextual output encoding or sanitize the input. In PHP you can encode or sanitize user input with `htmlspecialchars` or use automatic context-aware escaping with a template engine such as Latte.",WARNING,php.lang.security.taint-unsafe-echo-tag.taint-unsafe-echo-tag
../../CrossVul/CWE-79/php/good_1141_0,96,4,`Echo`ing user input risks cross-site scripting vulnerability. You should use `htmlentities()` when showing data to users.,ERROR,php.lang.security.injection.echoed-request.echoed-request
../../CrossVul/CWE-79/php/good_1141_0,96,4,"Found direct access to a PHP variable wihout HTML escaping inside an inline PHP statement setting data from `$_REQUEST[...]`. When untrusted input can be used to tamper with a web page rendering, it can lead to a Cross-site scripting (XSS) vulnerability. XSS vulnerabilities occur when untrusted input executes malicious JavaScript code, leading to issues such as account compromise and sensitive information leakage. To prevent this vulnerability, validate the user input, perform contextual output encoding or sanitize the input. In PHP you can encode or sanitize user input with `htmlspecialchars` or use automatic context-aware escaping with a template engine such as Latte.",WARNING,php.lang.security.taint-unsafe-echo-tag.taint-unsafe-echo-tag
../../CrossVul/CWE-79/php/good_1141_0,105,4,`Echo`ing user input risks cross-site scripting vulnerability. You should use `htmlentities()` when showing data to users.,ERROR,php.lang.security.injection.echoed-request.echoed-request
../../CrossVul/CWE-79/php/good_1141_0,105,4,"Found direct access to a PHP variable wihout HTML escaping inside an inline PHP statement setting data from `$_REQUEST[...]`. When untrusted input can be used to tamper with a web page rendering, it can lead to a Cross-site scripting (XSS) vulnerability. XSS vulnerabilities occur when untrusted input executes malicious JavaScript code, leading to issues such as account compromise and sensitive information leakage. To prevent this vulnerability, validate the user input, perform contextual output encoding or sanitize the input. In PHP you can encode or sanitize user input with `htmlspecialchars` or use automatic context-aware escaping with a template engine such as Latte.",WARNING,php.lang.security.taint-unsafe-echo-tag.taint-unsafe-echo-tag
../../CrossVul/CWE-79/php/good_1141_0,106,4,`Echo`ing user input risks cross-site scripting vulnerability. You should use `htmlentities()` when showing data to users.,ERROR,php.lang.security.injection.echoed-request.echoed-request
../../CrossVul/CWE-79/php/good_1141_0,106,4,"Found direct access to a PHP variable wihout HTML escaping inside an inline PHP statement setting data from `$_REQUEST[...]`. When untrusted input can be used to tamper with a web page rendering, it can lead to a Cross-site scripting (XSS) vulnerability. XSS vulnerabilities occur when untrusted input executes malicious JavaScript code, leading to issues such as account compromise and sensitive information leakage. To prevent this vulnerability, validate the user input, perform contextual output encoding or sanitize the input. In PHP you can encode or sanitize user input with `htmlspecialchars` or use automatic context-aware escaping with a template engine such as Latte.",WARNING,php.lang.security.taint-unsafe-echo-tag.taint-unsafe-echo-tag
../../CrossVul/CWE-79/php/good_1141_0,107,4,`Echo`ing user input risks cross-site scripting vulnerability. You should use `htmlentities()` when showing data to users.,ERROR,php.lang.security.injection.echoed-request.echoed-request
../../CrossVul/CWE-79/php/good_1141_0,107,4,"Found direct access to a PHP variable wihout HTML escaping inside an inline PHP statement setting data from `$_REQUEST[...]`. When untrusted input can be used to tamper with a web page rendering, it can lead to a Cross-site scripting (XSS) vulnerability. XSS vulnerabilities occur when untrusted input executes malicious JavaScript code, leading to issues such as account compromise and sensitive information leakage. To prevent this vulnerability, validate the user input, perform contextual output encoding or sanitize the input. In PHP you can encode or sanitize user input with `htmlspecialchars` or use automatic context-aware escaping with a template engine such as Latte.",WARNING,php.lang.security.taint-unsafe-echo-tag.taint-unsafe-echo-tag
../../CrossVul/CWE-79/php/good_1141_0,108,4,`Echo`ing user input risks cross-site scripting vulnerability. You should use `htmlentities()` when showing data to users.,ERROR,php.lang.security.injection.echoed-request.echoed-request
../../CrossVul/CWE-79/php/good_1141_0,108,4,"Found direct access to a PHP variable wihout HTML escaping inside an inline PHP statement setting data from `$_REQUEST[...]`. When untrusted input can be used to tamper with a web page rendering, it can lead to a Cross-site scripting (XSS) vulnerability. XSS vulnerabilities occur when untrusted input executes malicious JavaScript code, leading to issues such as account compromise and sensitive information leakage. To prevent this vulnerability, validate the user input, perform contextual output encoding or sanitize the input. In PHP you can encode or sanitize user input with `htmlspecialchars` or use automatic context-aware escaping with a template engine such as Latte.",WARNING,php.lang.security.taint-unsafe-echo-tag.taint-unsafe-echo-tag
../../CrossVul/CWE-79/php/good_1141_0,112,6,`Echo`ing user input risks cross-site scripting vulnerability. You should use `htmlentities()` when showing data to users.,ERROR,php.lang.security.injection.echoed-request.echoed-request
../../CrossVul/CWE-79/php/good_1141_0,112,6,"Found direct access to a PHP variable wihout HTML escaping inside an inline PHP statement setting data from `$_REQUEST[...]`. When untrusted input can be used to tamper with a web page rendering, it can lead to a Cross-site scripting (XSS) vulnerability. XSS vulnerabilities occur when untrusted input executes malicious JavaScript code, leading to issues such as account compromise and sensitive information leakage. To prevent this vulnerability, validate the user input, perform contextual output encoding or sanitize the input. In PHP you can encode or sanitize user input with `htmlspecialchars` or use automatic context-aware escaping with a template engine such as Latte.",WARNING,php.lang.security.taint-unsafe-echo-tag.taint-unsafe-echo-tag
../../CrossVul/CWE-79/php/good_1141_0,120,6,`Echo`ing user input risks cross-site scripting vulnerability. You should use `htmlentities()` when showing data to users.,ERROR,php.lang.security.injection.echoed-request.echoed-request
../../CrossVul/CWE-79/php/good_1141_0,120,6,"Found direct access to a PHP variable wihout HTML escaping inside an inline PHP statement setting data from `$_REQUEST[...]`. When untrusted input can be used to tamper with a web page rendering, it can lead to a Cross-site scripting (XSS) vulnerability. XSS vulnerabilities occur when untrusted input executes malicious JavaScript code, leading to issues such as account compromise and sensitive information leakage. To prevent this vulnerability, validate the user input, perform contextual output encoding or sanitize the input. In PHP you can encode or sanitize user input with `htmlspecialchars` or use automatic context-aware escaping with a template engine such as Latte.",WARNING,php.lang.security.taint-unsafe-echo-tag.taint-unsafe-echo-tag
../../CrossVul/CWE-79/php/good_1139_0,82,3,`Echo`ing user input risks cross-site scripting vulnerability. You should use `htmlentities()` when showing data to users.,ERROR,php.lang.security.injection.echoed-request.echoed-request
../../CrossVul/CWE-79/php/good_1139_0,82,3,"Found direct access to a PHP variable wihout HTML escaping inside an inline PHP statement setting data from `$_REQUEST[...]`. When untrusted input can be used to tamper with a web page rendering, it can lead to a Cross-site scripting (XSS) vulnerability. XSS vulnerabilities occur when untrusted input executes malicious JavaScript code, leading to issues such as account compromise and sensitive information leakage. To prevent this vulnerability, validate the user input, perform contextual output encoding or sanitize the input. In PHP you can encode or sanitize user input with `htmlspecialchars` or use automatic context-aware escaping with a template engine such as Latte.",WARNING,php.lang.security.taint-unsafe-echo-tag.taint-unsafe-echo-tag
../../CrossVul/CWE-79/php/good_1139_0,93,4,`Echo`ing user input risks cross-site scripting vulnerability. You should use `htmlentities()` when showing data to users.,ERROR,php.lang.security.injection.echoed-request.echoed-request
../../CrossVul/CWE-79/php/good_1139_0,93,4,"Found direct access to a PHP variable wihout HTML escaping inside an inline PHP statement setting data from `$_REQUEST[...]`. When untrusted input can be used to tamper with a web page rendering, it can lead to a Cross-site scripting (XSS) vulnerability. XSS vulnerabilities occur when untrusted input executes malicious JavaScript code, leading to issues such as account compromise and sensitive information leakage. To prevent this vulnerability, validate the user input, perform contextual output encoding or sanitize the input. In PHP you can encode or sanitize user input with `htmlspecialchars` or use automatic context-aware escaping with a template engine such as Latte.",WARNING,php.lang.security.taint-unsafe-echo-tag.taint-unsafe-echo-tag
../../CrossVul/CWE-79/php/good_1139_0,94,4,`Echo`ing user input risks cross-site scripting vulnerability. You should use `htmlentities()` when showing data to users.,ERROR,php.lang.security.injection.echoed-request.echoed-request
../../CrossVul/CWE-79/php/good_1139_0,94,4,"Found direct access to a PHP variable wihout HTML escaping inside an inline PHP statement setting data from `$_REQUEST[...]`. When untrusted input can be used to tamper with a web page rendering, it can lead to a Cross-site scripting (XSS) vulnerability. XSS vulnerabilities occur when untrusted input executes malicious JavaScript code, leading to issues such as account compromise and sensitive information leakage. To prevent this vulnerability, validate the user input, perform contextual output encoding or sanitize the input. In PHP you can encode or sanitize user input with `htmlspecialchars` or use automatic context-aware escaping with a template engine such as Latte.",WARNING,php.lang.security.taint-unsafe-echo-tag.taint-unsafe-echo-tag
../../CrossVul/CWE-79/php/good_1139_0,95,4,`Echo`ing user input risks cross-site scripting vulnerability. You should use `htmlentities()` when showing data to users.,ERROR,php.lang.security.injection.echoed-request.echoed-request
../../CrossVul/CWE-79/php/good_1139_0,95,4,"Found direct access to a PHP variable wihout HTML escaping inside an inline PHP statement setting data from `$_REQUEST[...]`. When untrusted input can be used to tamper with a web page rendering, it can lead to a Cross-site scripting (XSS) vulnerability. XSS vulnerabilities occur when untrusted input executes malicious JavaScript code, leading to issues such as account compromise and sensitive information leakage. To prevent this vulnerability, validate the user input, perform contextual output encoding or sanitize the input. In PHP you can encode or sanitize user input with `htmlspecialchars` or use automatic context-aware escaping with a template engine such as Latte.",WARNING,php.lang.security.taint-unsafe-echo-tag.taint-unsafe-echo-tag
../../CrossVul/CWE-79/php/good_1139_0,96,4,`Echo`ing user input risks cross-site scripting vulnerability. You should use `htmlentities()` when showing data to users.,ERROR,php.lang.security.injection.echoed-request.echoed-request
../../CrossVul/CWE-79/php/good_1139_0,96,4,"Found direct access to a PHP variable wihout HTML escaping inside an inline PHP statement setting data from `$_REQUEST[...]`. When untrusted input can be used to tamper with a web page rendering, it can lead to a Cross-site scripting (XSS) vulnerability. XSS vulnerabilities occur when untrusted input executes malicious JavaScript code, leading to issues such as account compromise and sensitive information leakage. To prevent this vulnerability, validate the user input, perform contextual output encoding or sanitize the input. In PHP you can encode or sanitize user input with `htmlspecialchars` or use automatic context-aware escaping with a template engine such as Latte.",WARNING,php.lang.security.taint-unsafe-echo-tag.taint-unsafe-echo-tag
../../CrossVul/CWE-79/php/good_1139_0,97,4,`Echo`ing user input risks cross-site scripting vulnerability. You should use `htmlentities()` when showing data to users.,ERROR,php.lang.security.injection.echoed-request.echoed-request
../../CrossVul/CWE-79/php/good_1139_0,97,4,"Found direct access to a PHP variable wihout HTML escaping inside an inline PHP statement setting data from `$_REQUEST[...]`. When untrusted input can be used to tamper with a web page rendering, it can lead to a Cross-site scripting (XSS) vulnerability. XSS vulnerabilities occur when untrusted input executes malicious JavaScript code, leading to issues such as account compromise and sensitive information leakage. To prevent this vulnerability, validate the user input, perform contextual output encoding or sanitize the input. In PHP you can encode or sanitize user input with `htmlspecialchars` or use automatic context-aware escaping with a template engine such as Latte.",WARNING,php.lang.security.taint-unsafe-echo-tag.taint-unsafe-echo-tag
../../CrossVul/CWE-79/php/good_1139_0,99,4,`Echo`ing user input risks cross-site scripting vulnerability. You should use `htmlentities()` when showing data to users.,ERROR,php.lang.security.injection.echoed-request.echoed-request
../../CrossVul/CWE-79/php/good_1139_0,99,4,"Found direct access to a PHP variable wihout HTML escaping inside an inline PHP statement setting data from `$_REQUEST[...]`. When untrusted input can be used to tamper with a web page rendering, it can lead to a Cross-site scripting (XSS) vulnerability. XSS vulnerabilities occur when untrusted input executes malicious JavaScript code, leading to issues such as account compromise and sensitive information leakage. To prevent this vulnerability, validate the user input, perform contextual output encoding or sanitize the input. In PHP you can encode or sanitize user input with `htmlspecialchars` or use automatic context-aware escaping with a template engine such as Latte.",WARNING,php.lang.security.taint-unsafe-echo-tag.taint-unsafe-echo-tag
../../CrossVul/CWE-79/php/good_1139_0,101,4,`Echo`ing user input risks cross-site scripting vulnerability. You should use `htmlentities()` when showing data to users.,ERROR,php.lang.security.injection.echoed-request.echoed-request
../../CrossVul/CWE-79/php/good_1139_0,101,4,"Found direct access to a PHP variable wihout HTML escaping inside an inline PHP statement setting data from `$_REQUEST[...]`. When untrusted input can be used to tamper with a web page rendering, it can lead to a Cross-site scripting (XSS) vulnerability. XSS vulnerabilities occur when untrusted input executes malicious JavaScript code, leading to issues such as account compromise and sensitive information leakage. To prevent this vulnerability, validate the user input, perform contextual output encoding or sanitize the input. In PHP you can encode or sanitize user input with `htmlspecialchars` or use automatic context-aware escaping with a template engine such as Latte.",WARNING,php.lang.security.taint-unsafe-echo-tag.taint-unsafe-echo-tag
../../CrossVul/CWE-79/php/good_1139_0,104,5,`Echo`ing user input risks cross-site scripting vulnerability. You should use `htmlentities()` when showing data to users.,ERROR,php.lang.security.injection.echoed-request.echoed-request
../../CrossVul/CWE-79/php/good_1139_0,104,5,"Found direct access to a PHP variable wihout HTML escaping inside an inline PHP statement setting data from `$_REQUEST[...]`. When untrusted input can be used to tamper with a web page rendering, it can lead to a Cross-site scripting (XSS) vulnerability. XSS vulnerabilities occur when untrusted input executes malicious JavaScript code, leading to issues such as account compromise and sensitive information leakage. To prevent this vulnerability, validate the user input, perform contextual output encoding or sanitize the input. In PHP you can encode or sanitize user input with `htmlspecialchars` or use automatic context-aware escaping with a template engine such as Latte.",WARNING,php.lang.security.taint-unsafe-echo-tag.taint-unsafe-echo-tag
../../CrossVul/CWE-79/php/good_1139_0,107,5,`Echo`ing user input risks cross-site scripting vulnerability. You should use `htmlentities()` when showing data to users.,ERROR,php.lang.security.injection.echoed-request.echoed-request
../../CrossVul/CWE-79/php/good_1139_0,107,5,"Found direct access to a PHP variable wihout HTML escaping inside an inline PHP statement setting data from `$_REQUEST[...]`. When untrusted input can be used to tamper with a web page rendering, it can lead to a Cross-site scripting (XSS) vulnerability. XSS vulnerabilities occur when untrusted input executes malicious JavaScript code, leading to issues such as account compromise and sensitive information leakage. To prevent this vulnerability, validate the user input, perform contextual output encoding or sanitize the input. In PHP you can encode or sanitize user input with `htmlspecialchars` or use automatic context-aware escaping with a template engine such as Latte.",WARNING,php.lang.security.taint-unsafe-echo-tag.taint-unsafe-echo-tag
../../CrossVul/CWE-79/php/good_1142_0,78,3,`Echo`ing user input risks cross-site scripting vulnerability. You should use `htmlentities()` when showing data to users.,ERROR,php.lang.security.injection.echoed-request.echoed-request
../../CrossVul/CWE-79/php/good_1142_0,78,3,"Found direct access to a PHP variable wihout HTML escaping inside an inline PHP statement setting data from `$_REQUEST[...]`. When untrusted input can be used to tamper with a web page rendering, it can lead to a Cross-site scripting (XSS) vulnerability. XSS vulnerabilities occur when untrusted input executes malicious JavaScript code, leading to issues such as account compromise and sensitive information leakage. To prevent this vulnerability, validate the user input, perform contextual output encoding or sanitize the input. In PHP you can encode or sanitize user input with `htmlspecialchars` or use automatic context-aware escaping with a template engine such as Latte.",WARNING,php.lang.security.taint-unsafe-echo-tag.taint-unsafe-echo-tag
../../CrossVul/CWE-79/php/good_1142_0,94,4,`Echo`ing user input risks cross-site scripting vulnerability. You should use `htmlentities()` when showing data to users.,ERROR,php.lang.security.injection.echoed-request.echoed-request
../../CrossVul/CWE-79/php/good_1142_0,94,4,"Found direct access to a PHP variable wihout HTML escaping inside an inline PHP statement setting data from `$_REQUEST[...]`. When untrusted input can be used to tamper with a web page rendering, it can lead to a Cross-site scripting (XSS) vulnerability. XSS vulnerabilities occur when untrusted input executes malicious JavaScript code, leading to issues such as account compromise and sensitive information leakage. To prevent this vulnerability, validate the user input, perform contextual output encoding or sanitize the input. In PHP you can encode or sanitize user input with `htmlspecialchars` or use automatic context-aware escaping with a template engine such as Latte.",WARNING,php.lang.security.taint-unsafe-echo-tag.taint-unsafe-echo-tag
../../CrossVul/CWE-79/php/good_1142_0,96,4,`Echo`ing user input risks cross-site scripting vulnerability. You should use `htmlentities()` when showing data to users.,ERROR,php.lang.security.injection.echoed-request.echoed-request
../../CrossVul/CWE-79/php/good_1142_0,96,4,"Found direct access to a PHP variable wihout HTML escaping inside an inline PHP statement setting data from `$_REQUEST[...]`. When untrusted input can be used to tamper with a web page rendering, it can lead to a Cross-site scripting (XSS) vulnerability. XSS vulnerabilities occur when untrusted input executes malicious JavaScript code, leading to issues such as account compromise and sensitive information leakage. To prevent this vulnerability, validate the user input, perform contextual output encoding or sanitize the input. In PHP you can encode or sanitize user input with `htmlspecialchars` or use automatic context-aware escaping with a template engine such as Latte.",WARNING,php.lang.security.taint-unsafe-echo-tag.taint-unsafe-echo-tag
../../CrossVul/CWE-79/php/good_1142_0,97,4,`Echo`ing user input risks cross-site scripting vulnerability. You should use `htmlentities()` when showing data to users.,ERROR,php.lang.security.injection.echoed-request.echoed-request
../../CrossVul/CWE-79/php/good_1142_0,97,4,"Found direct access to a PHP variable wihout HTML escaping inside an inline PHP statement setting data from `$_REQUEST[...]`. When untrusted input can be used to tamper with a web page rendering, it can lead to a Cross-site scripting (XSS) vulnerability. XSS vulnerabilities occur when untrusted input executes malicious JavaScript code, leading to issues such as account compromise and sensitive information leakage. To prevent this vulnerability, validate the user input, perform contextual output encoding or sanitize the input. In PHP you can encode or sanitize user input with `htmlspecialchars` or use automatic context-aware escaping with a template engine such as Latte.",WARNING,php.lang.security.taint-unsafe-echo-tag.taint-unsafe-echo-tag
../../CrossVul/CWE-79/php/good_1142_0,101,5,`Echo`ing user input risks cross-site scripting vulnerability. You should use `htmlentities()` when showing data to users.,ERROR,php.lang.security.injection.echoed-request.echoed-request
../../CrossVul/CWE-79/php/good_1142_0,101,5,"Found direct access to a PHP variable wihout HTML escaping inside an inline PHP statement setting data from `$_REQUEST[...]`. When untrusted input can be used to tamper with a web page rendering, it can lead to a Cross-site scripting (XSS) vulnerability. XSS vulnerabilities occur when untrusted input executes malicious JavaScript code, leading to issues such as account compromise and sensitive information leakage. To prevent this vulnerability, validate the user input, perform contextual output encoding or sanitize the input. In PHP you can encode or sanitize user input with `htmlspecialchars` or use automatic context-aware escaping with a template engine such as Latte.",WARNING,php.lang.security.taint-unsafe-echo-tag.taint-unsafe-echo-tag
../../CrossVul/CWE-79/php/good_1142_0,104,5,`Echo`ing user input risks cross-site scripting vulnerability. You should use `htmlentities()` when showing data to users.,ERROR,php.lang.security.injection.echoed-request.echoed-request
../../CrossVul/CWE-79/php/good_1142_0,104,5,"Found direct access to a PHP variable wihout HTML escaping inside an inline PHP statement setting data from `$_REQUEST[...]`. When untrusted input can be used to tamper with a web page rendering, it can lead to a Cross-site scripting (XSS) vulnerability. XSS vulnerabilities occur when untrusted input executes malicious JavaScript code, leading to issues such as account compromise and sensitive information leakage. To prevent this vulnerability, validate the user input, perform contextual output encoding or sanitize the input. In PHP you can encode or sanitize user input with `htmlspecialchars` or use automatic context-aware escaping with a template engine such as Latte.",WARNING,php.lang.security.taint-unsafe-echo-tag.taint-unsafe-echo-tag
../../CrossVul/CWE-79/php/good_1138_0,244,9,`Echo`ing user input risks cross-site scripting vulnerability. You should use `htmlentities()` when showing data to users.,ERROR,php.lang.security.injection.echoed-request.echoed-request
../../CrossVul/CWE-79/php/good_1138_0,244,9,"Found direct access to a PHP variable wihout HTML escaping inside an inline PHP statement setting data from `$_REQUEST[...]`. When untrusted input can be used to tamper with a web page rendering, it can lead to a Cross-site scripting (XSS) vulnerability. XSS vulnerabilities occur when untrusted input executes malicious JavaScript code, leading to issues such as account compromise and sensitive information leakage. To prevent this vulnerability, validate the user input, perform contextual output encoding or sanitize the input. In PHP you can encode or sanitize user input with `htmlspecialchars` or use automatic context-aware escaping with a template engine such as Latte.",WARNING,php.lang.security.taint-unsafe-echo-tag.taint-unsafe-echo-tag
../../CrossVul/CWE-79/php/good_1138_0,252,12,`Echo`ing user input risks cross-site scripting vulnerability. You should use `htmlentities()` when showing data to users.,ERROR,php.lang.security.injection.echoed-request.echoed-request
../../CrossVul/CWE-79/php/good_1138_0,252,12,"Found direct access to a PHP variable wihout HTML escaping inside an inline PHP statement setting data from `$_REQUEST[...]`. When untrusted input can be used to tamper with a web page rendering, it can lead to a Cross-site scripting (XSS) vulnerability. XSS vulnerabilities occur when untrusted input executes malicious JavaScript code, leading to issues such as account compromise and sensitive information leakage. To prevent this vulnerability, validate the user input, perform contextual output encoding or sanitize the input. In PHP you can encode or sanitize user input with `htmlspecialchars` or use automatic context-aware escaping with a template engine such as Latte.",WARNING,php.lang.security.taint-unsafe-echo-tag.taint-unsafe-echo-tag
../../CrossVul/CWE-79/php/good_1138_0,255,12,`Echo`ing user input risks cross-site scripting vulnerability. You should use `htmlentities()` when showing data to users.,ERROR,php.lang.security.injection.echoed-request.echoed-request
../../CrossVul/CWE-79/php/good_1138_0,255,12,"Found direct access to a PHP variable wihout HTML escaping inside an inline PHP statement setting data from `$_REQUEST[...]`. When untrusted input can be used to tamper with a web page rendering, it can lead to a Cross-site scripting (XSS) vulnerability. XSS vulnerabilities occur when untrusted input executes malicious JavaScript code, leading to issues such as account compromise and sensitive information leakage. To prevent this vulnerability, validate the user input, perform contextual output encoding or sanitize the input. In PHP you can encode or sanitize user input with `htmlspecialchars` or use automatic context-aware escaping with a template engine such as Latte.",WARNING,php.lang.security.taint-unsafe-echo-tag.taint-unsafe-echo-tag
../../CrossVul/CWE-79/php/good_1138_0,258,11,`Echo`ing user input risks cross-site scripting vulnerability. You should use `htmlentities()` when showing data to users.,ERROR,php.lang.security.injection.echoed-request.echoed-request
../../CrossVul/CWE-79/php/good_1138_0,258,11,"Found direct access to a PHP variable wihout HTML escaping inside an inline PHP statement setting data from `$_REQUEST[...]`. When untrusted input can be used to tamper with a web page rendering, it can lead to a Cross-site scripting (XSS) vulnerability. XSS vulnerabilities occur when untrusted input executes malicious JavaScript code, leading to issues such as account compromise and sensitive information leakage. To prevent this vulnerability, validate the user input, perform contextual output encoding or sanitize the input. In PHP you can encode or sanitize user input with `htmlspecialchars` or use automatic context-aware escaping with a template engine such as Latte.",WARNING,php.lang.security.taint-unsafe-echo-tag.taint-unsafe-echo-tag
../../CrossVul/CWE-79/php/good_1138_0,265,8,`Echo`ing user input risks cross-site scripting vulnerability. You should use `htmlentities()` when showing data to users.,ERROR,php.lang.security.injection.echoed-request.echoed-request
../../CrossVul/CWE-79/php/good_1138_0,265,8,"Found direct access to a PHP variable wihout HTML escaping inside an inline PHP statement setting data from `$_REQUEST[...]`. When untrusted input can be used to tamper with a web page rendering, it can lead to a Cross-site scripting (XSS) vulnerability. XSS vulnerabilities occur when untrusted input executes malicious JavaScript code, leading to issues such as account compromise and sensitive information leakage. To prevent this vulnerability, validate the user input, perform contextual output encoding or sanitize the input. In PHP you can encode or sanitize user input with `htmlspecialchars` or use automatic context-aware escaping with a template engine such as Latte.",WARNING,php.lang.security.taint-unsafe-echo-tag.taint-unsafe-echo-tag
../../CrossVul/CWE-79/php/good_1138_0,274,4,`Echo`ing user input risks cross-site scripting vulnerability. You should use `htmlentities()` when showing data to users.,ERROR,php.lang.security.injection.echoed-request.echoed-request
../../CrossVul/CWE-79/php/good_1138_0,274,4,"Found direct access to a PHP variable wihout HTML escaping inside an inline PHP statement setting data from `$_REQUEST[...]`. When untrusted input can be used to tamper with a web page rendering, it can lead to a Cross-site scripting (XSS) vulnerability. XSS vulnerabilities occur when untrusted input executes malicious JavaScript code, leading to issues such as account compromise and sensitive information leakage. To prevent this vulnerability, validate the user input, perform contextual output encoding or sanitize the input. In PHP you can encode or sanitize user input with `htmlspecialchars` or use automatic context-aware escaping with a template engine such as Latte.",WARNING,php.lang.security.taint-unsafe-echo-tag.taint-unsafe-echo-tag
../../CrossVul/CWE-79/php/good_1138_0,276,4,`Echo`ing user input risks cross-site scripting vulnerability. You should use `htmlentities()` when showing data to users.,ERROR,php.lang.security.injection.echoed-request.echoed-request
../../CrossVul/CWE-79/php/good_1138_0,276,4,"Found direct access to a PHP variable wihout HTML escaping inside an inline PHP statement setting data from `$_REQUEST[...]`. When untrusted input can be used to tamper with a web page rendering, it can lead to a Cross-site scripting (XSS) vulnerability. XSS vulnerabilities occur when untrusted input executes malicious JavaScript code, leading to issues such as account compromise and sensitive information leakage. To prevent this vulnerability, validate the user input, perform contextual output encoding or sanitize the input. In PHP you can encode or sanitize user input with `htmlspecialchars` or use automatic context-aware escaping with a template engine such as Latte.",WARNING,php.lang.security.taint-unsafe-echo-tag.taint-unsafe-echo-tag
../../CrossVul/CWE-79/php/good_1138_0,286,4,`Echo`ing user input risks cross-site scripting vulnerability. You should use `htmlentities()` when showing data to users.,ERROR,php.lang.security.injection.echoed-request.echoed-request
../../CrossVul/CWE-79/php/good_1138_0,286,4,"Found direct access to a PHP variable wihout HTML escaping inside an inline PHP statement setting data from `$_REQUEST[...]`. When untrusted input can be used to tamper with a web page rendering, it can lead to a Cross-site scripting (XSS) vulnerability. XSS vulnerabilities occur when untrusted input executes malicious JavaScript code, leading to issues such as account compromise and sensitive information leakage. To prevent this vulnerability, validate the user input, perform contextual output encoding or sanitize the input. In PHP you can encode or sanitize user input with `htmlspecialchars` or use automatic context-aware escaping with a template engine such as Latte.",WARNING,php.lang.security.taint-unsafe-echo-tag.taint-unsafe-echo-tag
../../CrossVul/CWE-79/php/good_1138_0,287,4,`Echo`ing user input risks cross-site scripting vulnerability. You should use `htmlentities()` when showing data to users.,ERROR,php.lang.security.injection.echoed-request.echoed-request
../../CrossVul/CWE-79/php/good_1138_0,287,4,"Found direct access to a PHP variable wihout HTML escaping inside an inline PHP statement setting data from `$_REQUEST[...]`. When untrusted input can be used to tamper with a web page rendering, it can lead to a Cross-site scripting (XSS) vulnerability. XSS vulnerabilities occur when untrusted input executes malicious JavaScript code, leading to issues such as account compromise and sensitive information leakage. To prevent this vulnerability, validate the user input, perform contextual output encoding or sanitize the input. In PHP you can encode or sanitize user input with `htmlspecialchars` or use automatic context-aware escaping with a template engine such as Latte.",WARNING,php.lang.security.taint-unsafe-echo-tag.taint-unsafe-echo-tag
../../CrossVul/CWE-79/php/good_1138_0,298,4,`Echo`ing user input risks cross-site scripting vulnerability. You should use `htmlentities()` when showing data to users.,ERROR,php.lang.security.injection.echoed-request.echoed-request
../../CrossVul/CWE-79/php/good_1138_0,298,4,"Found direct access to a PHP variable wihout HTML escaping inside an inline PHP statement setting data from `$_REQUEST[...]`. When untrusted input can be used to tamper with a web page rendering, it can lead to a Cross-site scripting (XSS) vulnerability. XSS vulnerabilities occur when untrusted input executes malicious JavaScript code, leading to issues such as account compromise and sensitive information leakage. To prevent this vulnerability, validate the user input, perform contextual output encoding or sanitize the input. In PHP you can encode or sanitize user input with `htmlspecialchars` or use automatic context-aware escaping with a template engine such as Latte.",WARNING,php.lang.security.taint-unsafe-echo-tag.taint-unsafe-echo-tag
../../CrossVul/CWE-79/php/good_1138_0,323,4,`Echo`ing user input risks cross-site scripting vulnerability. You should use `htmlentities()` when showing data to users.,ERROR,php.lang.security.injection.echoed-request.echoed-request
../../CrossVul/CWE-79/php/good_1138_0,323,4,"Found direct access to a PHP variable wihout HTML escaping inside an inline PHP statement setting data from `$_REQUEST[...]`. When untrusted input can be used to tamper with a web page rendering, it can lead to a Cross-site scripting (XSS) vulnerability. XSS vulnerabilities occur when untrusted input executes malicious JavaScript code, leading to issues such as account compromise and sensitive information leakage. To prevent this vulnerability, validate the user input, perform contextual output encoding or sanitize the input. In PHP you can encode or sanitize user input with `htmlspecialchars` or use automatic context-aware escaping with a template engine such as Latte.",WARNING,php.lang.security.taint-unsafe-echo-tag.taint-unsafe-echo-tag
../../CrossVul/CWE-79/php/good_1143_0,214,78,`Echo`ing user input risks cross-site scripting vulnerability. You should use `htmlentities()` when showing data to users.,ERROR,php.lang.security.injection.echoed-request.echoed-request
../../CrossVul/CWE-79/php/good_1143_0,214,78,"Found direct access to a PHP variable wihout HTML escaping inside an inline PHP statement setting data from `$_REQUEST[...]`. When untrusted input can be used to tamper with a web page rendering, it can lead to a Cross-site scripting (XSS) vulnerability. XSS vulnerabilities occur when untrusted input executes malicious JavaScript code, leading to issues such as account compromise and sensitive information leakage. To prevent this vulnerability, validate the user input, perform contextual output encoding or sanitize the input. In PHP you can encode or sanitize user input with `htmlspecialchars` or use automatic context-aware escaping with a template engine such as Latte.",WARNING,php.lang.security.taint-unsafe-echo-tag.taint-unsafe-echo-tag
../../CrossVul/CWE-79/php/good_1143_0,215,80,`Echo`ing user input risks cross-site scripting vulnerability. You should use `htmlentities()` when showing data to users.,ERROR,php.lang.security.injection.echoed-request.echoed-request
../../CrossVul/CWE-79/php/good_1143_0,215,80,"Found direct access to a PHP variable wihout HTML escaping inside an inline PHP statement setting data from `$_REQUEST[...]`. When untrusted input can be used to tamper with a web page rendering, it can lead to a Cross-site scripting (XSS) vulnerability. XSS vulnerabilities occur when untrusted input executes malicious JavaScript code, leading to issues such as account compromise and sensitive information leakage. To prevent this vulnerability, validate the user input, perform contextual output encoding or sanitize the input. In PHP you can encode or sanitize user input with `htmlspecialchars` or use automatic context-aware escaping with a template engine such as Latte.",WARNING,php.lang.security.taint-unsafe-echo-tag.taint-unsafe-echo-tag
../../CrossVul/CWE-79/php/good_1143_0,759,5,`Echo`ing user input risks cross-site scripting vulnerability. You should use `htmlentities()` when showing data to users.,ERROR,php.lang.security.injection.echoed-request.echoed-request
../../CrossVul/CWE-79/php/good_1143_0,832,5,`Echo`ing user input risks cross-site scripting vulnerability. You should use `htmlentities()` when showing data to users.,ERROR,php.lang.security.injection.echoed-request.echoed-request
../../CrossVul/CWE-79/php/good_1143_0,905,4,`Echo`ing user input risks cross-site scripting vulnerability. You should use `htmlentities()` when showing data to users.,ERROR,php.lang.security.injection.echoed-request.echoed-request
../../CrossVul/CWE-79/php/good_1143_0,906,4,`Echo`ing user input risks cross-site scripting vulnerability. You should use `htmlentities()` when showing data to users.,ERROR,php.lang.security.injection.echoed-request.echoed-request
../../CrossVul/CWE-79/php/good_1143_0,907,4,`Echo`ing user input risks cross-site scripting vulnerability. You should use `htmlentities()` when showing data to users.,ERROR,php.lang.security.injection.echoed-request.echoed-request
../../CrossVul/CWE-79/php/good_1144_0,174,5,`Echo`ing user input risks cross-site scripting vulnerability. You should use `htmlentities()` when showing data to users.,ERROR,php.lang.security.injection.echoed-request.echoed-request
../../CrossVul/CWE-79/php/good_1144_0,174,5,"Found direct access to a PHP variable wihout HTML escaping inside an inline PHP statement setting data from `$_REQUEST[...]`. When untrusted input can be used to tamper with a web page rendering, it can lead to a Cross-site scripting (XSS) vulnerability. XSS vulnerabilities occur when untrusted input executes malicious JavaScript code, leading to issues such as account compromise and sensitive information leakage. To prevent this vulnerability, validate the user input, perform contextual output encoding or sanitize the input. In PHP you can encode or sanitize user input with `htmlspecialchars` or use automatic context-aware escaping with a template engine such as Latte.",WARNING,php.lang.security.taint-unsafe-echo-tag.taint-unsafe-echo-tag
../../CrossVul/CWE-79/php/good_1144_0,203,4,`Echo`ing user input risks cross-site scripting vulnerability. You should use `htmlentities()` when showing data to users.,ERROR,php.lang.security.injection.echoed-request.echoed-request
../../CrossVul/CWE-79/php/good_1144_0,203,4,"Found direct access to a PHP variable wihout HTML escaping inside an inline PHP statement setting data from `$_REQUEST[...]`. When untrusted input can be used to tamper with a web page rendering, it can lead to a Cross-site scripting (XSS) vulnerability. XSS vulnerabilities occur when untrusted input executes malicious JavaScript code, leading to issues such as account compromise and sensitive information leakage. To prevent this vulnerability, validate the user input, perform contextual output encoding or sanitize the input. In PHP you can encode or sanitize user input with `htmlspecialchars` or use automatic context-aware escaping with a template engine such as Latte.",WARNING,php.lang.security.taint-unsafe-echo-tag.taint-unsafe-echo-tag
../../CrossVul/CWE-79/php/good_1144_0,204,4,`Echo`ing user input risks cross-site scripting vulnerability. You should use `htmlentities()` when showing data to users.,ERROR,php.lang.security.injection.echoed-request.echoed-request
../../CrossVul/CWE-79/php/good_1144_0,204,4,"Found direct access to a PHP variable wihout HTML escaping inside an inline PHP statement setting data from `$_REQUEST[...]`. When untrusted input can be used to tamper with a web page rendering, it can lead to a Cross-site scripting (XSS) vulnerability. XSS vulnerabilities occur when untrusted input executes malicious JavaScript code, leading to issues such as account compromise and sensitive information leakage. To prevent this vulnerability, validate the user input, perform contextual output encoding or sanitize the input. In PHP you can encode or sanitize user input with `htmlspecialchars` or use automatic context-aware escaping with a template engine such as Latte.",WARNING,php.lang.security.taint-unsafe-echo-tag.taint-unsafe-echo-tag
../../CrossVul/CWE-79/php/good_1144_0,205,4,`Echo`ing user input risks cross-site scripting vulnerability. You should use `htmlentities()` when showing data to users.,ERROR,php.lang.security.injection.echoed-request.echoed-request
../../CrossVul/CWE-79/php/good_1144_0,205,4,"Found direct access to a PHP variable wihout HTML escaping inside an inline PHP statement setting data from `$_REQUEST[...]`. When untrusted input can be used to tamper with a web page rendering, it can lead to a Cross-site scripting (XSS) vulnerability. XSS vulnerabilities occur when untrusted input executes malicious JavaScript code, leading to issues such as account compromise and sensitive information leakage. To prevent this vulnerability, validate the user input, perform contextual output encoding or sanitize the input. In PHP you can encode or sanitize user input with `htmlspecialchars` or use automatic context-aware escaping with a template engine such as Latte.",WARNING,php.lang.security.taint-unsafe-echo-tag.taint-unsafe-echo-tag
../../CrossVul/CWE-79/php/good_1140_0,368,4,`Echo`ing user input risks cross-site scripting vulnerability. You should use `htmlentities()` when showing data to users.,ERROR,php.lang.security.injection.echoed-request.echoed-request
../../CrossVul/CWE-79/php/good_1140_0,368,4,"Found direct access to a PHP variable wihout HTML escaping inside an inline PHP statement setting data from `$_REQUEST[...]`. When untrusted input can be used to tamper with a web page rendering, it can lead to a Cross-site scripting (XSS) vulnerability. XSS vulnerabilities occur when untrusted input executes malicious JavaScript code, leading to issues such as account compromise and sensitive information leakage. To prevent this vulnerability, validate the user input, perform contextual output encoding or sanitize the input. In PHP you can encode or sanitize user input with `htmlspecialchars` or use automatic context-aware escaping with a template engine such as Latte.",WARNING,php.lang.security.taint-unsafe-echo-tag.taint-unsafe-echo-tag
../../CrossVul/CWE-79/php/good_1140_0,371,3,`Echo`ing user input risks cross-site scripting vulnerability. You should use `htmlentities()` when showing data to users.,ERROR,php.lang.security.injection.echoed-request.echoed-request
../../CrossVul/CWE-79/php/good_1140_0,371,3,"Found direct access to a PHP variable wihout HTML escaping inside an inline PHP statement setting data from `$_REQUEST[...]`. When untrusted input can be used to tamper with a web page rendering, it can lead to a Cross-site scripting (XSS) vulnerability. XSS vulnerabilities occur when untrusted input executes malicious JavaScript code, leading to issues such as account compromise and sensitive information leakage. To prevent this vulnerability, validate the user input, perform contextual output encoding or sanitize the input. In PHP you can encode or sanitize user input with `htmlspecialchars` or use automatic context-aware escaping with a template engine such as Latte.",WARNING,php.lang.security.taint-unsafe-echo-tag.taint-unsafe-echo-tag
../../CrossVul/CWE-79/php/good_1140_0,373,36,File name based on user input risks server-side request forgery.,WARNING,php.lang.security.injection.tainted-filename.tainted-filename
../../CrossVul/CWE-79/php/good_1140_0,374,3,`Echo`ing user input risks cross-site scripting vulnerability. You should use `htmlentities()` when showing data to users.,ERROR,php.lang.security.injection.echoed-request.echoed-request
../../CrossVul/CWE-79/php/good_1140_0,374,3,"Found direct access to a PHP variable wihout HTML escaping inside an inline PHP statement setting data from `$_REQUEST[...]`. When untrusted input can be used to tamper with a web page rendering, it can lead to a Cross-site scripting (XSS) vulnerability. XSS vulnerabilities occur when untrusted input executes malicious JavaScript code, leading to issues such as account compromise and sensitive information leakage. To prevent this vulnerability, validate the user input, perform contextual output encoding or sanitize the input. In PHP you can encode or sanitize user input with `htmlspecialchars` or use automatic context-aware escaping with a template engine such as Latte.",WARNING,php.lang.security.taint-unsafe-echo-tag.taint-unsafe-echo-tag
../../CrossVul/CWE-79/php/good_1140_0,376,36,File name based on user input risks server-side request forgery.,WARNING,php.lang.security.injection.tainted-filename.tainted-filename
../../CrossVul/CWE-79/php/good_1140_0,377,3,`Echo`ing user input risks cross-site scripting vulnerability. You should use `htmlentities()` when showing data to users.,ERROR,php.lang.security.injection.echoed-request.echoed-request
../../CrossVul/CWE-79/php/good_1140_0,377,3,"Found direct access to a PHP variable wihout HTML escaping inside an inline PHP statement setting data from `$_REQUEST[...]`. When untrusted input can be used to tamper with a web page rendering, it can lead to a Cross-site scripting (XSS) vulnerability. XSS vulnerabilities occur when untrusted input executes malicious JavaScript code, leading to issues such as account compromise and sensitive information leakage. To prevent this vulnerability, validate the user input, perform contextual output encoding or sanitize the input. In PHP you can encode or sanitize user input with `htmlspecialchars` or use automatic context-aware escaping with a template engine such as Latte.",WARNING,php.lang.security.taint-unsafe-echo-tag.taint-unsafe-echo-tag
../../CrossVul/CWE-79/php/good_1140_0,441,3,`Echo`ing user input risks cross-site scripting vulnerability. You should use `htmlentities()` when showing data to users.,ERROR,php.lang.security.injection.echoed-request.echoed-request
../../CrossVul/CWE-79/php/good_1140_0,441,3,"Found direct access to a PHP variable wihout HTML escaping inside an inline PHP statement setting data from `$_REQUEST[...]`. When untrusted input can be used to tamper with a web page rendering, it can lead to a Cross-site scripting (XSS) vulnerability. XSS vulnerabilities occur when untrusted input executes malicious JavaScript code, leading to issues such as account compromise and sensitive information leakage. To prevent this vulnerability, validate the user input, perform contextual output encoding or sanitize the input. In PHP you can encode or sanitize user input with `htmlspecialchars` or use automatic context-aware escaping with a template engine such as Latte.",WARNING,php.lang.security.taint-unsafe-echo-tag.taint-unsafe-echo-tag
../../CrossVul/CWE-79/php/good_1140_0,452,3,`Echo`ing user input risks cross-site scripting vulnerability. You should use `htmlentities()` when showing data to users.,ERROR,php.lang.security.injection.echoed-request.echoed-request
../../CrossVul/CWE-79/php/good_1140_0,452,3,"Found direct access to a PHP variable wihout HTML escaping inside an inline PHP statement setting data from `$_REQUEST[...]`. When untrusted input can be used to tamper with a web page rendering, it can lead to a Cross-site scripting (XSS) vulnerability. XSS vulnerabilities occur when untrusted input executes malicious JavaScript code, leading to issues such as account compromise and sensitive information leakage. To prevent this vulnerability, validate the user input, perform contextual output encoding or sanitize the input. In PHP you can encode or sanitize user input with `htmlspecialchars` or use automatic context-aware escaping with a template engine such as Latte.",WARNING,php.lang.security.taint-unsafe-echo-tag.taint-unsafe-echo-tag
../../CrossVul/CWE-79/php/good_1140_0,463,3,`Echo`ing user input risks cross-site scripting vulnerability. You should use `htmlentities()` when showing data to users.,ERROR,php.lang.security.injection.echoed-request.echoed-request
../../CrossVul/CWE-79/php/good_1140_0,463,3,"Found direct access to a PHP variable wihout HTML escaping inside an inline PHP statement setting data from `$_REQUEST[...]`. When untrusted input can be used to tamper with a web page rendering, it can lead to a Cross-site scripting (XSS) vulnerability. XSS vulnerabilities occur when untrusted input executes malicious JavaScript code, leading to issues such as account compromise and sensitive information leakage. To prevent this vulnerability, validate the user input, perform contextual output encoding or sanitize the input. In PHP you can encode or sanitize user input with `htmlspecialchars` or use automatic context-aware escaping with a template engine such as Latte.",WARNING,php.lang.security.taint-unsafe-echo-tag.taint-unsafe-echo-tag
../../CrossVul/CWE-79/php/good_1140_0,474,3,`Echo`ing user input risks cross-site scripting vulnerability. You should use `htmlentities()` when showing data to users.,ERROR,php.lang.security.injection.echoed-request.echoed-request
../../CrossVul/CWE-79/php/good_1140_0,474,3,"Found direct access to a PHP variable wihout HTML escaping inside an inline PHP statement setting data from `$_REQUEST[...]`. When untrusted input can be used to tamper with a web page rendering, it can lead to a Cross-site scripting (XSS) vulnerability. XSS vulnerabilities occur when untrusted input executes malicious JavaScript code, leading to issues such as account compromise and sensitive information leakage. To prevent this vulnerability, validate the user input, perform contextual output encoding or sanitize the input. In PHP you can encode or sanitize user input with `htmlspecialchars` or use automatic context-aware escaping with a template engine such as Latte.",WARNING,php.lang.security.taint-unsafe-echo-tag.taint-unsafe-echo-tag
../../CrossVul/CWE-79/php/good_1140_0,485,3,`Echo`ing user input risks cross-site scripting vulnerability. You should use `htmlentities()` when showing data to users.,ERROR,php.lang.security.injection.echoed-request.echoed-request
../../CrossVul/CWE-79/php/good_1140_0,485,3,"Found direct access to a PHP variable wihout HTML escaping inside an inline PHP statement setting data from `$_REQUEST[...]`. When untrusted input can be used to tamper with a web page rendering, it can lead to a Cross-site scripting (XSS) vulnerability. XSS vulnerabilities occur when untrusted input executes malicious JavaScript code, leading to issues such as account compromise and sensitive information leakage. To prevent this vulnerability, validate the user input, perform contextual output encoding or sanitize the input. In PHP you can encode or sanitize user input with `htmlspecialchars` or use automatic context-aware escaping with a template engine such as Latte.",WARNING,php.lang.security.taint-unsafe-echo-tag.taint-unsafe-echo-tag
../../CrossVul/CWE-79/php/good_1140_0,496,3,`Echo`ing user input risks cross-site scripting vulnerability. You should use `htmlentities()` when showing data to users.,ERROR,php.lang.security.injection.echoed-request.echoed-request
../../CrossVul/CWE-79/php/good_1140_0,496,3,"Found direct access to a PHP variable wihout HTML escaping inside an inline PHP statement setting data from `$_REQUEST[...]`. When untrusted input can be used to tamper with a web page rendering, it can lead to a Cross-site scripting (XSS) vulnerability. XSS vulnerabilities occur when untrusted input executes malicious JavaScript code, leading to issues such as account compromise and sensitive information leakage. To prevent this vulnerability, validate the user input, perform contextual output encoding or sanitize the input. In PHP you can encode or sanitize user input with `htmlspecialchars` or use automatic context-aware escaping with a template engine such as Latte.",WARNING,php.lang.security.taint-unsafe-echo-tag.taint-unsafe-echo-tag
../../CrossVul/CWE-79/php/good_1140_0,507,3,`Echo`ing user input risks cross-site scripting vulnerability. You should use `htmlentities()` when showing data to users.,ERROR,php.lang.security.injection.echoed-request.echoed-request
../../CrossVul/CWE-79/php/good_1140_0,507,3,"Found direct access to a PHP variable wihout HTML escaping inside an inline PHP statement setting data from `$_REQUEST[...]`. When untrusted input can be used to tamper with a web page rendering, it can lead to a Cross-site scripting (XSS) vulnerability. XSS vulnerabilities occur when untrusted input executes malicious JavaScript code, leading to issues such as account compromise and sensitive information leakage. To prevent this vulnerability, validate the user input, perform contextual output encoding or sanitize the input. In PHP you can encode or sanitize user input with `htmlspecialchars` or use automatic context-aware escaping with a template engine such as Latte.",WARNING,php.lang.security.taint-unsafe-echo-tag.taint-unsafe-echo-tag
../../CrossVul/CWE-79/php/good_1140_0,528,4,`Echo`ing user input risks cross-site scripting vulnerability. You should use `htmlentities()` when showing data to users.,ERROR,php.lang.security.injection.echoed-request.echoed-request
../../CrossVul/CWE-79/php/good_1140_0,528,4,"Found direct access to a PHP variable wihout HTML escaping inside an inline PHP statement setting data from `$_REQUEST[...]`. When untrusted input can be used to tamper with a web page rendering, it can lead to a Cross-site scripting (XSS) vulnerability. XSS vulnerabilities occur when untrusted input executes malicious JavaScript code, leading to issues such as account compromise and sensitive information leakage. To prevent this vulnerability, validate the user input, perform contextual output encoding or sanitize the input. In PHP you can encode or sanitize user input with `htmlspecialchars` or use automatic context-aware escaping with a template engine such as Latte.",WARNING,php.lang.security.taint-unsafe-echo-tag.taint-unsafe-echo-tag
../../CrossVul/CWE-79/php/good_1140_0,550,4,`Echo`ing user input risks cross-site scripting vulnerability. You should use `htmlentities()` when showing data to users.,ERROR,php.lang.security.injection.echoed-request.echoed-request
../../CrossVul/CWE-79/php/good_1140_0,550,4,"Found direct access to a PHP variable wihout HTML escaping inside an inline PHP statement setting data from `$_REQUEST[...]`. When untrusted input can be used to tamper with a web page rendering, it can lead to a Cross-site scripting (XSS) vulnerability. XSS vulnerabilities occur when untrusted input executes malicious JavaScript code, leading to issues such as account compromise and sensitive information leakage. To prevent this vulnerability, validate the user input, perform contextual output encoding or sanitize the input. In PHP you can encode or sanitize user input with `htmlspecialchars` or use automatic context-aware escaping with a template engine such as Latte.",WARNING,php.lang.security.taint-unsafe-echo-tag.taint-unsafe-echo-tag
../../CrossVul/CWE-79/php/good_1140_0,572,4,`Echo`ing user input risks cross-site scripting vulnerability. You should use `htmlentities()` when showing data to users.,ERROR,php.lang.security.injection.echoed-request.echoed-request
../../CrossVul/CWE-79/php/good_1140_0,572,4,"Found direct access to a PHP variable wihout HTML escaping inside an inline PHP statement setting data from `$_REQUEST[...]`. When untrusted input can be used to tamper with a web page rendering, it can lead to a Cross-site scripting (XSS) vulnerability. XSS vulnerabilities occur when untrusted input executes malicious JavaScript code, leading to issues such as account compromise and sensitive information leakage. To prevent this vulnerability, validate the user input, perform contextual output encoding or sanitize the input. In PHP you can encode or sanitize user input with `htmlspecialchars` or use automatic context-aware escaping with a template engine such as Latte.",WARNING,php.lang.security.taint-unsafe-echo-tag.taint-unsafe-echo-tag
../../CrossVul/CWE-79/php/good_1140_0,584,3,`Echo`ing user input risks cross-site scripting vulnerability. You should use `htmlentities()` when showing data to users.,ERROR,php.lang.security.injection.echoed-request.echoed-request
../../CrossVul/CWE-79/php/good_1140_0,584,3,"Found direct access to a PHP variable wihout HTML escaping inside an inline PHP statement setting data from `$_REQUEST[...]`. When untrusted input can be used to tamper with a web page rendering, it can lead to a Cross-site scripting (XSS) vulnerability. XSS vulnerabilities occur when untrusted input executes malicious JavaScript code, leading to issues such as account compromise and sensitive information leakage. To prevent this vulnerability, validate the user input, perform contextual output encoding or sanitize the input. In PHP you can encode or sanitize user input with `htmlspecialchars` or use automatic context-aware escaping with a template engine such as Latte.",WARNING,php.lang.security.taint-unsafe-echo-tag.taint-unsafe-echo-tag
../../CrossVul/CWE-79/php/good_1140_0,601,7,`Echo`ing user input risks cross-site scripting vulnerability. You should use `htmlentities()` when showing data to users.,ERROR,php.lang.security.injection.echoed-request.echoed-request
../../CrossVul/CWE-79/php/good_1140_0,601,7,"Found direct access to a PHP variable wihout HTML escaping inside an inline PHP statement setting data from `$_REQUEST[...]`. When untrusted input can be used to tamper with a web page rendering, it can lead to a Cross-site scripting (XSS) vulnerability. XSS vulnerabilities occur when untrusted input executes malicious JavaScript code, leading to issues such as account compromise and sensitive information leakage. To prevent this vulnerability, validate the user input, perform contextual output encoding or sanitize the input. In PHP you can encode or sanitize user input with `htmlspecialchars` or use automatic context-aware escaping with a template engine such as Latte.",WARNING,php.lang.security.taint-unsafe-echo-tag.taint-unsafe-echo-tag
../../CrossVul/CWE-79/php/good_1140_0,656,8,`Echo`ing user input risks cross-site scripting vulnerability. You should use `htmlentities()` when showing data to users.,ERROR,php.lang.security.injection.echoed-request.echoed-request
../../CrossVul/CWE-79/php/good_1140_0,656,8,"Found direct access to a PHP variable wihout HTML escaping inside an inline PHP statement setting data from `$_REQUEST[...]`. When untrusted input can be used to tamper with a web page rendering, it can lead to a Cross-site scripting (XSS) vulnerability. XSS vulnerabilities occur when untrusted input executes malicious JavaScript code, leading to issues such as account compromise and sensitive information leakage. To prevent this vulnerability, validate the user input, perform contextual output encoding or sanitize the input. In PHP you can encode or sanitize user input with `htmlspecialchars` or use automatic context-aware escaping with a template engine such as Latte.",WARNING,php.lang.security.taint-unsafe-echo-tag.taint-unsafe-echo-tag
../../CrossVul/CWE-79/php/good_1140_0,716,3,`Echo`ing user input risks cross-site scripting vulnerability. You should use `htmlentities()` when showing data to users.,ERROR,php.lang.security.injection.echoed-request.echoed-request
../../CrossVul/CWE-79/php/good_1140_0,716,3,"Found direct access to a PHP variable wihout HTML escaping inside an inline PHP statement setting data from `$_REQUEST[...]`. When untrusted input can be used to tamper with a web page rendering, it can lead to a Cross-site scripting (XSS) vulnerability. XSS vulnerabilities occur when untrusted input executes malicious JavaScript code, leading to issues such as account compromise and sensitive information leakage. To prevent this vulnerability, validate the user input, perform contextual output encoding or sanitize the input. In PHP you can encode or sanitize user input with `htmlspecialchars` or use automatic context-aware escaping with a template engine such as Latte.",WARNING,php.lang.security.taint-unsafe-echo-tag.taint-unsafe-echo-tag
../../CrossVul/CWE-79/php/good_1140_0,724,4,`Echo`ing user input risks cross-site scripting vulnerability. You should use `htmlentities()` when showing data to users.,ERROR,php.lang.security.injection.echoed-request.echoed-request
../../CrossVul/CWE-79/php/good_1140_0,724,4,"Found direct access to a PHP variable wihout HTML escaping inside an inline PHP statement setting data from `$_REQUEST[...]`. When untrusted input can be used to tamper with a web page rendering, it can lead to a Cross-site scripting (XSS) vulnerability. XSS vulnerabilities occur when untrusted input executes malicious JavaScript code, leading to issues such as account compromise and sensitive information leakage. To prevent this vulnerability, validate the user input, perform contextual output encoding or sanitize the input. In PHP you can encode or sanitize user input with `htmlspecialchars` or use automatic context-aware escaping with a template engine such as Latte.",WARNING,php.lang.security.taint-unsafe-echo-tag.taint-unsafe-echo-tag
../../CrossVul/CWE-79/php/good_1146_0,77,3,`Echo`ing user input risks cross-site scripting vulnerability. You should use `htmlentities()` when showing data to users.,ERROR,php.lang.security.injection.echoed-request.echoed-request
../../CrossVul/CWE-79/php/good_1146_0,77,3,"Found direct access to a PHP variable wihout HTML escaping inside an inline PHP statement setting data from `$_REQUEST[...]`. When untrusted input can be used to tamper with a web page rendering, it can lead to a Cross-site scripting (XSS) vulnerability. XSS vulnerabilities occur when untrusted input executes malicious JavaScript code, leading to issues such as account compromise and sensitive information leakage. To prevent this vulnerability, validate the user input, perform contextual output encoding or sanitize the input. In PHP you can encode or sanitize user input with `htmlspecialchars` or use automatic context-aware escaping with a template engine such as Latte.",WARNING,php.lang.security.taint-unsafe-echo-tag.taint-unsafe-echo-tag
../../CrossVul/CWE-79/php/good_1146_0,87,4,`Echo`ing user input risks cross-site scripting vulnerability. You should use `htmlentities()` when showing data to users.,ERROR,php.lang.security.injection.echoed-request.echoed-request
../../CrossVul/CWE-79/php/good_1146_0,87,4,"Found direct access to a PHP variable wihout HTML escaping inside an inline PHP statement setting data from `$_REQUEST[...]`. When untrusted input can be used to tamper with a web page rendering, it can lead to a Cross-site scripting (XSS) vulnerability. XSS vulnerabilities occur when untrusted input executes malicious JavaScript code, leading to issues such as account compromise and sensitive information leakage. To prevent this vulnerability, validate the user input, perform contextual output encoding or sanitize the input. In PHP you can encode or sanitize user input with `htmlspecialchars` or use automatic context-aware escaping with a template engine such as Latte.",WARNING,php.lang.security.taint-unsafe-echo-tag.taint-unsafe-echo-tag
../../CrossVul/CWE-79/php/good_1146_0,88,4,`Echo`ing user input risks cross-site scripting vulnerability. You should use `htmlentities()` when showing data to users.,ERROR,php.lang.security.injection.echoed-request.echoed-request
../../CrossVul/CWE-79/php/good_1146_0,88,4,"Found direct access to a PHP variable wihout HTML escaping inside an inline PHP statement setting data from `$_REQUEST[...]`. When untrusted input can be used to tamper with a web page rendering, it can lead to a Cross-site scripting (XSS) vulnerability. XSS vulnerabilities occur when untrusted input executes malicious JavaScript code, leading to issues such as account compromise and sensitive information leakage. To prevent this vulnerability, validate the user input, perform contextual output encoding or sanitize the input. In PHP you can encode or sanitize user input with `htmlspecialchars` or use automatic context-aware escaping with a template engine such as Latte.",WARNING,php.lang.security.taint-unsafe-echo-tag.taint-unsafe-echo-tag
../../CrossVul/CWE-79/php/good_1146_0,89,4,`Echo`ing user input risks cross-site scripting vulnerability. You should use `htmlentities()` when showing data to users.,ERROR,php.lang.security.injection.echoed-request.echoed-request
../../CrossVul/CWE-79/php/good_1146_0,89,4,"Found direct access to a PHP variable wihout HTML escaping inside an inline PHP statement setting data from `$_REQUEST[...]`. When untrusted input can be used to tamper with a web page rendering, it can lead to a Cross-site scripting (XSS) vulnerability. XSS vulnerabilities occur when untrusted input executes malicious JavaScript code, leading to issues such as account compromise and sensitive information leakage. To prevent this vulnerability, validate the user input, perform contextual output encoding or sanitize the input. In PHP you can encode or sanitize user input with `htmlspecialchars` or use automatic context-aware escaping with a template engine such as Latte.",WARNING,php.lang.security.taint-unsafe-echo-tag.taint-unsafe-echo-tag
../../CrossVul/CWE-79/php/good_1146_0,89,9,"User data flows into the host portion of this manually-constructed URL. This could allow an attacker to send data to their own server, potentially exposing sensitive data such as cookies or authorization information sent with this request. They could also probe internal servers or other resources that the server running this code can access. (This is called server-side request forgery, or SSRF.) Do not allow arbitrary hosts. Instead, create an allowlist for approved hosts, or hardcode the correct host.",WARNING,php.lang.security.injection.tainted-url-host.tainted-url-host
../../CrossVul/CWE-79/php/good_1146_0,90,4,`Echo`ing user input risks cross-site scripting vulnerability. You should use `htmlentities()` when showing data to users.,ERROR,php.lang.security.injection.echoed-request.echoed-request
../../CrossVul/CWE-79/php/good_1146_0,90,4,"Found direct access to a PHP variable wihout HTML escaping inside an inline PHP statement setting data from `$_REQUEST[...]`. When untrusted input can be used to tamper with a web page rendering, it can lead to a Cross-site scripting (XSS) vulnerability. XSS vulnerabilities occur when untrusted input executes malicious JavaScript code, leading to issues such as account compromise and sensitive information leakage. To prevent this vulnerability, validate the user input, perform contextual output encoding or sanitize the input. In PHP you can encode or sanitize user input with `htmlspecialchars` or use automatic context-aware escaping with a template engine such as Latte.",WARNING,php.lang.security.taint-unsafe-echo-tag.taint-unsafe-echo-tag
../../CrossVul/CWE-79/php/good_1146_0,93,5,`Echo`ing user input risks cross-site scripting vulnerability. You should use `htmlentities()` when showing data to users.,ERROR,php.lang.security.injection.echoed-request.echoed-request
../../CrossVul/CWE-79/php/good_1146_0,93,5,"Found direct access to a PHP variable wihout HTML escaping inside an inline PHP statement setting data from `$_REQUEST[...]`. When untrusted input can be used to tamper with a web page rendering, it can lead to a Cross-site scripting (XSS) vulnerability. XSS vulnerabilities occur when untrusted input executes malicious JavaScript code, leading to issues such as account compromise and sensitive information leakage. To prevent this vulnerability, validate the user input, perform contextual output encoding or sanitize the input. In PHP you can encode or sanitize user input with `htmlspecialchars` or use automatic context-aware escaping with a template engine such as Latte.",WARNING,php.lang.security.taint-unsafe-echo-tag.taint-unsafe-echo-tag
../../CrossVul/CWE-79/php/good_1146_0,96,5,`Echo`ing user input risks cross-site scripting vulnerability. You should use `htmlentities()` when showing data to users.,ERROR,php.lang.security.injection.echoed-request.echoed-request
../../CrossVul/CWE-79/php/good_1146_0,96,5,"Found direct access to a PHP variable wihout HTML escaping inside an inline PHP statement setting data from `$_REQUEST[...]`. When untrusted input can be used to tamper with a web page rendering, it can lead to a Cross-site scripting (XSS) vulnerability. XSS vulnerabilities occur when untrusted input executes malicious JavaScript code, leading to issues such as account compromise and sensitive information leakage. To prevent this vulnerability, validate the user input, perform contextual output encoding or sanitize the input. In PHP you can encode or sanitize user input with `htmlspecialchars` or use automatic context-aware escaping with a template engine such as Latte.",WARNING,php.lang.security.taint-unsafe-echo-tag.taint-unsafe-echo-tag
../../CrossVul/CWE-79/php/good_1145_0,110,5,`Echo`ing user input risks cross-site scripting vulnerability. You should use `htmlentities()` when showing data to users.,ERROR,php.lang.security.injection.echoed-request.echoed-request
../../CrossVul/CWE-79/php/good_1145_0,110,5,"Found direct access to a PHP variable wihout HTML escaping inside an inline PHP statement setting data from `$_REQUEST[...]`. When untrusted input can be used to tamper with a web page rendering, it can lead to a Cross-site scripting (XSS) vulnerability. XSS vulnerabilities occur when untrusted input executes malicious JavaScript code, leading to issues such as account compromise and sensitive information leakage. To prevent this vulnerability, validate the user input, perform contextual output encoding or sanitize the input. In PHP you can encode or sanitize user input with `htmlspecialchars` or use automatic context-aware escaping with a template engine such as Latte.",WARNING,php.lang.security.taint-unsafe-echo-tag.taint-unsafe-echo-tag
../../CrossVul/CWE-79/php/good_1145_0,112,5,`Echo`ing user input risks cross-site scripting vulnerability. You should use `htmlentities()` when showing data to users.,ERROR,php.lang.security.injection.echoed-request.echoed-request
../../CrossVul/CWE-79/php/good_1145_0,112,5,"Found direct access to a PHP variable wihout HTML escaping inside an inline PHP statement setting data from `$_REQUEST[...]`. When untrusted input can be used to tamper with a web page rendering, it can lead to a Cross-site scripting (XSS) vulnerability. XSS vulnerabilities occur when untrusted input executes malicious JavaScript code, leading to issues such as account compromise and sensitive information leakage. To prevent this vulnerability, validate the user input, perform contextual output encoding or sanitize the input. In PHP you can encode or sanitize user input with `htmlspecialchars` or use automatic context-aware escaping with a template engine such as Latte.",WARNING,php.lang.security.taint-unsafe-echo-tag.taint-unsafe-echo-tag
../../CrossVul/CWE-79/php/good_1145_0,113,5,`Echo`ing user input risks cross-site scripting vulnerability. You should use `htmlentities()` when showing data to users.,ERROR,php.lang.security.injection.echoed-request.echoed-request
../../CrossVul/CWE-79/php/good_1145_0,113,5,"Found direct access to a PHP variable wihout HTML escaping inside an inline PHP statement setting data from `$_REQUEST[...]`. When untrusted input can be used to tamper with a web page rendering, it can lead to a Cross-site scripting (XSS) vulnerability. XSS vulnerabilities occur when untrusted input executes malicious JavaScript code, leading to issues such as account compromise and sensitive information leakage. To prevent this vulnerability, validate the user input, perform contextual output encoding or sanitize the input. In PHP you can encode or sanitize user input with `htmlspecialchars` or use automatic context-aware escaping with a template engine such as Latte.",WARNING,php.lang.security.taint-unsafe-echo-tag.taint-unsafe-echo-tag
../../CrossVul/CWE-79/php/good_1145_0,114,5,`Echo`ing user input risks cross-site scripting vulnerability. You should use `htmlentities()` when showing data to users.,ERROR,php.lang.security.injection.echoed-request.echoed-request
../../CrossVul/CWE-79/php/good_1145_0,114,5,"Found direct access to a PHP variable wihout HTML escaping inside an inline PHP statement setting data from `$_REQUEST[...]`. When untrusted input can be used to tamper with a web page rendering, it can lead to a Cross-site scripting (XSS) vulnerability. XSS vulnerabilities occur when untrusted input executes malicious JavaScript code, leading to issues such as account compromise and sensitive information leakage. To prevent this vulnerability, validate the user input, perform contextual output encoding or sanitize the input. In PHP you can encode or sanitize user input with `htmlspecialchars` or use automatic context-aware escaping with a template engine such as Latte.",WARNING,php.lang.security.taint-unsafe-echo-tag.taint-unsafe-echo-tag
../../CrossVul/CWE-79/php/good_1145_0,115,5,`Echo`ing user input risks cross-site scripting vulnerability. You should use `htmlentities()` when showing data to users.,ERROR,php.lang.security.injection.echoed-request.echoed-request
../../CrossVul/CWE-79/php/good_1145_0,115,5,"Found direct access to a PHP variable wihout HTML escaping inside an inline PHP statement setting data from `$_REQUEST[...]`. When untrusted input can be used to tamper with a web page rendering, it can lead to a Cross-site scripting (XSS) vulnerability. XSS vulnerabilities occur when untrusted input executes malicious JavaScript code, leading to issues such as account compromise and sensitive information leakage. To prevent this vulnerability, validate the user input, perform contextual output encoding or sanitize the input. In PHP you can encode or sanitize user input with `htmlspecialchars` or use automatic context-aware escaping with a template engine such as Latte.",WARNING,php.lang.security.taint-unsafe-echo-tag.taint-unsafe-echo-tag
../../CrossVul/CWE-79/php/good_1145_0,116,5,`Echo`ing user input risks cross-site scripting vulnerability. You should use `htmlentities()` when showing data to users.,ERROR,php.lang.security.injection.echoed-request.echoed-request
../../CrossVul/CWE-79/php/good_1145_0,116,5,"Found direct access to a PHP variable wihout HTML escaping inside an inline PHP statement setting data from `$_REQUEST[...]`. When untrusted input can be used to tamper with a web page rendering, it can lead to a Cross-site scripting (XSS) vulnerability. XSS vulnerabilities occur when untrusted input executes malicious JavaScript code, leading to issues such as account compromise and sensitive information leakage. To prevent this vulnerability, validate the user input, perform contextual output encoding or sanitize the input. In PHP you can encode or sanitize user input with `htmlspecialchars` or use automatic context-aware escaping with a template engine such as Latte.",WARNING,php.lang.security.taint-unsafe-echo-tag.taint-unsafe-echo-tag
../../CrossVul/CWE-79/php/good_1145_0,119,6,`Echo`ing user input risks cross-site scripting vulnerability. You should use `htmlentities()` when showing data to users.,ERROR,php.lang.security.injection.echoed-request.echoed-request
../../CrossVul/CWE-79/php/good_1145_0,119,6,"Found direct access to a PHP variable wihout HTML escaping inside an inline PHP statement setting data from `$_REQUEST[...]`. When untrusted input can be used to tamper with a web page rendering, it can lead to a Cross-site scripting (XSS) vulnerability. XSS vulnerabilities occur when untrusted input executes malicious JavaScript code, leading to issues such as account compromise and sensitive information leakage. To prevent this vulnerability, validate the user input, perform contextual output encoding or sanitize the input. In PHP you can encode or sanitize user input with `htmlspecialchars` or use automatic context-aware escaping with a template engine such as Latte.",WARNING,php.lang.security.taint-unsafe-echo-tag.taint-unsafe-echo-tag
../../CrossVul/CWE-79/php/good_1145_0,129,4,`Echo`ing user input risks cross-site scripting vulnerability. You should use `htmlentities()` when showing data to users.,ERROR,php.lang.security.injection.echoed-request.echoed-request
../../CrossVul/CWE-79/php/good_1145_0,129,4,"Found direct access to a PHP variable wihout HTML escaping inside an inline PHP statement setting data from `$_REQUEST[...]`. When untrusted input can be used to tamper with a web page rendering, it can lead to a Cross-site scripting (XSS) vulnerability. XSS vulnerabilities occur when untrusted input executes malicious JavaScript code, leading to issues such as account compromise and sensitive information leakage. To prevent this vulnerability, validate the user input, perform contextual output encoding or sanitize the input. In PHP you can encode or sanitize user input with `htmlspecialchars` or use automatic context-aware escaping with a template engine such as Latte.",WARNING,php.lang.security.taint-unsafe-echo-tag.taint-unsafe-echo-tag
../../CrossVul/CWE-79/php/good_1145_0,130,4,`Echo`ing user input risks cross-site scripting vulnerability. You should use `htmlentities()` when showing data to users.,ERROR,php.lang.security.injection.echoed-request.echoed-request
../../CrossVul/CWE-79/php/good_1145_0,130,4,"Found direct access to a PHP variable wihout HTML escaping inside an inline PHP statement setting data from `$_REQUEST[...]`. When untrusted input can be used to tamper with a web page rendering, it can lead to a Cross-site scripting (XSS) vulnerability. XSS vulnerabilities occur when untrusted input executes malicious JavaScript code, leading to issues such as account compromise and sensitive information leakage. To prevent this vulnerability, validate the user input, perform contextual output encoding or sanitize the input. In PHP you can encode or sanitize user input with `htmlspecialchars` or use automatic context-aware escaping with a template engine such as Latte.",WARNING,php.lang.security.taint-unsafe-echo-tag.taint-unsafe-echo-tag
../../CrossVul/CWE-79/php/good_1145_0,131,4,`Echo`ing user input risks cross-site scripting vulnerability. You should use `htmlentities()` when showing data to users.,ERROR,php.lang.security.injection.echoed-request.echoed-request
../../CrossVul/CWE-79/php/good_1145_0,131,4,"Found direct access to a PHP variable wihout HTML escaping inside an inline PHP statement setting data from `$_REQUEST[...]`. When untrusted input can be used to tamper with a web page rendering, it can lead to a Cross-site scripting (XSS) vulnerability. XSS vulnerabilities occur when untrusted input executes malicious JavaScript code, leading to issues such as account compromise and sensitive information leakage. To prevent this vulnerability, validate the user input, perform contextual output encoding or sanitize the input. In PHP you can encode or sanitize user input with `htmlspecialchars` or use automatic context-aware escaping with a template engine such as Latte.",WARNING,php.lang.security.taint-unsafe-echo-tag.taint-unsafe-echo-tag
../../CrossVul/CWE-79/php/good_1145_0,132,4,`Echo`ing user input risks cross-site scripting vulnerability. You should use `htmlentities()` when showing data to users.,ERROR,php.lang.security.injection.echoed-request.echoed-request
../../CrossVul/CWE-79/php/good_1145_0,132,4,"Found direct access to a PHP variable wihout HTML escaping inside an inline PHP statement setting data from `$_REQUEST[...]`. When untrusted input can be used to tamper with a web page rendering, it can lead to a Cross-site scripting (XSS) vulnerability. XSS vulnerabilities occur when untrusted input executes malicious JavaScript code, leading to issues such as account compromise and sensitive information leakage. To prevent this vulnerability, validate the user input, perform contextual output encoding or sanitize the input. In PHP you can encode or sanitize user input with `htmlspecialchars` or use automatic context-aware escaping with a template engine such as Latte.",WARNING,php.lang.security.taint-unsafe-echo-tag.taint-unsafe-echo-tag
../../CrossVul/CWE-79/php/good_1145_0,133,4,`Echo`ing user input risks cross-site scripting vulnerability. You should use `htmlentities()` when showing data to users.,ERROR,php.lang.security.injection.echoed-request.echoed-request
../../CrossVul/CWE-79/php/good_1145_0,133,4,"Found direct access to a PHP variable wihout HTML escaping inside an inline PHP statement setting data from `$_REQUEST[...]`. When untrusted input can be used to tamper with a web page rendering, it can lead to a Cross-site scripting (XSS) vulnerability. XSS vulnerabilities occur when untrusted input executes malicious JavaScript code, leading to issues such as account compromise and sensitive information leakage. To prevent this vulnerability, validate the user input, perform contextual output encoding or sanitize the input. In PHP you can encode or sanitize user input with `htmlspecialchars` or use automatic context-aware escaping with a template engine such as Latte.",WARNING,php.lang.security.taint-unsafe-echo-tag.taint-unsafe-echo-tag
../../CrossVul/CWE-79/php/good_1145_0,136,4,`Echo`ing user input risks cross-site scripting vulnerability. You should use `htmlentities()` when showing data to users.,ERROR,php.lang.security.injection.echoed-request.echoed-request
../../CrossVul/CWE-79/php/good_1145_0,136,4,"Found direct access to a PHP variable wihout HTML escaping inside an inline PHP statement setting data from `$_REQUEST[...]`. When untrusted input can be used to tamper with a web page rendering, it can lead to a Cross-site scripting (XSS) vulnerability. XSS vulnerabilities occur when untrusted input executes malicious JavaScript code, leading to issues such as account compromise and sensitive information leakage. To prevent this vulnerability, validate the user input, perform contextual output encoding or sanitize the input. In PHP you can encode or sanitize user input with `htmlspecialchars` or use automatic context-aware escaping with a template engine such as Latte.",WARNING,php.lang.security.taint-unsafe-echo-tag.taint-unsafe-echo-tag
../../CrossVul/CWE-79/php/good_1145_0,139,4,`Echo`ing user input risks cross-site scripting vulnerability. You should use `htmlentities()` when showing data to users.,ERROR,php.lang.security.injection.echoed-request.echoed-request
../../CrossVul/CWE-79/php/good_1145_0,139,4,"Found direct access to a PHP variable wihout HTML escaping inside an inline PHP statement setting data from `$_REQUEST[...]`. When untrusted input can be used to tamper with a web page rendering, it can lead to a Cross-site scripting (XSS) vulnerability. XSS vulnerabilities occur when untrusted input executes malicious JavaScript code, leading to issues such as account compromise and sensitive information leakage. To prevent this vulnerability, validate the user input, perform contextual output encoding or sanitize the input. In PHP you can encode or sanitize user input with `htmlspecialchars` or use automatic context-aware escaping with a template engine such as Latte.",WARNING,php.lang.security.taint-unsafe-echo-tag.taint-unsafe-echo-tag
../../CrossVul/CWE-79/php/good_1145_0,157,3,`Echo`ing user input risks cross-site scripting vulnerability. You should use `htmlentities()` when showing data to users.,ERROR,php.lang.security.injection.echoed-request.echoed-request
../../CrossVul/CWE-79/php/good_1145_0,157,3,"Found direct access to a PHP variable wihout HTML escaping inside an inline PHP statement setting data from `$_REQUEST[...]`. When untrusted input can be used to tamper with a web page rendering, it can lead to a Cross-site scripting (XSS) vulnerability. XSS vulnerabilities occur when untrusted input executes malicious JavaScript code, leading to issues such as account compromise and sensitive information leakage. To prevent this vulnerability, validate the user input, perform contextual output encoding or sanitize the input. In PHP you can encode or sanitize user input with `htmlspecialchars` or use automatic context-aware escaping with a template engine such as Latte.",WARNING,php.lang.security.taint-unsafe-echo-tag.taint-unsafe-echo-tag
../../CrossVul/CWE-79/php/good_1148_0,70,2,`Echo`ing user input risks cross-site scripting vulnerability. You should use `htmlentities()` when showing data to users.,ERROR,php.lang.security.injection.echoed-request.echoed-request
../../CrossVul/CWE-79/php/good_1148_0,70,2,"Found direct access to a PHP variable wihout HTML escaping inside an inline PHP statement setting data from `$_REQUEST[...]`. When untrusted input can be used to tamper with a web page rendering, it can lead to a Cross-site scripting (XSS) vulnerability. XSS vulnerabilities occur when untrusted input executes malicious JavaScript code, leading to issues such as account compromise and sensitive information leakage. To prevent this vulnerability, validate the user input, perform contextual output encoding or sanitize the input. In PHP you can encode or sanitize user input with `htmlspecialchars` or use automatic context-aware escaping with a template engine such as Latte.",WARNING,php.lang.security.taint-unsafe-echo-tag.taint-unsafe-echo-tag
../../CrossVul/CWE-79/php/good_1148_0,71,2,`Echo`ing user input risks cross-site scripting vulnerability. You should use `htmlentities()` when showing data to users.,ERROR,php.lang.security.injection.echoed-request.echoed-request
../../CrossVul/CWE-79/php/good_1148_0,71,2,"Found direct access to a PHP variable wihout HTML escaping inside an inline PHP statement setting data from `$_REQUEST[...]`. When untrusted input can be used to tamper with a web page rendering, it can lead to a Cross-site scripting (XSS) vulnerability. XSS vulnerabilities occur when untrusted input executes malicious JavaScript code, leading to issues such as account compromise and sensitive information leakage. To prevent this vulnerability, validate the user input, perform contextual output encoding or sanitize the input. In PHP you can encode or sanitize user input with `htmlspecialchars` or use automatic context-aware escaping with a template engine such as Latte.",WARNING,php.lang.security.taint-unsafe-echo-tag.taint-unsafe-echo-tag
../../CrossVul/CWE-79/php/good_1148_0,72,2,`Echo`ing user input risks cross-site scripting vulnerability. You should use `htmlentities()` when showing data to users.,ERROR,php.lang.security.injection.echoed-request.echoed-request
../../CrossVul/CWE-79/php/good_1148_0,72,2,"Found direct access to a PHP variable wihout HTML escaping inside an inline PHP statement setting data from `$_REQUEST[...]`. When untrusted input can be used to tamper with a web page rendering, it can lead to a Cross-site scripting (XSS) vulnerability. XSS vulnerabilities occur when untrusted input executes malicious JavaScript code, leading to issues such as account compromise and sensitive information leakage. To prevent this vulnerability, validate the user input, perform contextual output encoding or sanitize the input. In PHP you can encode or sanitize user input with `htmlspecialchars` or use automatic context-aware escaping with a template engine such as Latte.",WARNING,php.lang.security.taint-unsafe-echo-tag.taint-unsafe-echo-tag
../../CrossVul/CWE-79/php/good_1148_0,73,2,`Echo`ing user input risks cross-site scripting vulnerability. You should use `htmlentities()` when showing data to users.,ERROR,php.lang.security.injection.echoed-request.echoed-request
../../CrossVul/CWE-79/php/good_1148_0,73,2,"Found direct access to a PHP variable wihout HTML escaping inside an inline PHP statement setting data from `$_REQUEST[...]`. When untrusted input can be used to tamper with a web page rendering, it can lead to a Cross-site scripting (XSS) vulnerability. XSS vulnerabilities occur when untrusted input executes malicious JavaScript code, leading to issues such as account compromise and sensitive information leakage. To prevent this vulnerability, validate the user input, perform contextual output encoding or sanitize the input. In PHP you can encode or sanitize user input with `htmlspecialchars` or use automatic context-aware escaping with a template engine such as Latte.",WARNING,php.lang.security.taint-unsafe-echo-tag.taint-unsafe-echo-tag
../../CrossVul/CWE-79/php/good_1148_0,76,3,`Echo`ing user input risks cross-site scripting vulnerability. You should use `htmlentities()` when showing data to users.,ERROR,php.lang.security.injection.echoed-request.echoed-request
../../CrossVul/CWE-79/php/good_1148_0,76,3,"Found direct access to a PHP variable wihout HTML escaping inside an inline PHP statement setting data from `$_REQUEST[...]`. When untrusted input can be used to tamper with a web page rendering, it can lead to a Cross-site scripting (XSS) vulnerability. XSS vulnerabilities occur when untrusted input executes malicious JavaScript code, leading to issues such as account compromise and sensitive information leakage. To prevent this vulnerability, validate the user input, perform contextual output encoding or sanitize the input. In PHP you can encode or sanitize user input with `htmlspecialchars` or use automatic context-aware escaping with a template engine such as Latte.",WARNING,php.lang.security.taint-unsafe-echo-tag.taint-unsafe-echo-tag
../../CrossVul/CWE-79/php/good_1148_0,89,4,`Echo`ing user input risks cross-site scripting vulnerability. You should use `htmlentities()` when showing data to users.,ERROR,php.lang.security.injection.echoed-request.echoed-request
../../CrossVul/CWE-79/php/good_1148_0,89,4,"Found direct access to a PHP variable wihout HTML escaping inside an inline PHP statement setting data from `$_REQUEST[...]`. When untrusted input can be used to tamper with a web page rendering, it can lead to a Cross-site scripting (XSS) vulnerability. XSS vulnerabilities occur when untrusted input executes malicious JavaScript code, leading to issues such as account compromise and sensitive information leakage. To prevent this vulnerability, validate the user input, perform contextual output encoding or sanitize the input. In PHP you can encode or sanitize user input with `htmlspecialchars` or use automatic context-aware escaping with a template engine such as Latte.",WARNING,php.lang.security.taint-unsafe-echo-tag.taint-unsafe-echo-tag
../../CrossVul/CWE-79/php/good_1148_0,90,4,`Echo`ing user input risks cross-site scripting vulnerability. You should use `htmlentities()` when showing data to users.,ERROR,php.lang.security.injection.echoed-request.echoed-request
../../CrossVul/CWE-79/php/good_1148_0,90,4,"Found direct access to a PHP variable wihout HTML escaping inside an inline PHP statement setting data from `$_REQUEST[...]`. When untrusted input can be used to tamper with a web page rendering, it can lead to a Cross-site scripting (XSS) vulnerability. XSS vulnerabilities occur when untrusted input executes malicious JavaScript code, leading to issues such as account compromise and sensitive information leakage. To prevent this vulnerability, validate the user input, perform contextual output encoding or sanitize the input. In PHP you can encode or sanitize user input with `htmlspecialchars` or use automatic context-aware escaping with a template engine such as Latte.",WARNING,php.lang.security.taint-unsafe-echo-tag.taint-unsafe-echo-tag
../../CrossVul/CWE-79/php/good_1148_0,91,4,`Echo`ing user input risks cross-site scripting vulnerability. You should use `htmlentities()` when showing data to users.,ERROR,php.lang.security.injection.echoed-request.echoed-request
../../CrossVul/CWE-79/php/good_1148_0,91,4,"Found direct access to a PHP variable wihout HTML escaping inside an inline PHP statement setting data from `$_REQUEST[...]`. When untrusted input can be used to tamper with a web page rendering, it can lead to a Cross-site scripting (XSS) vulnerability. XSS vulnerabilities occur when untrusted input executes malicious JavaScript code, leading to issues such as account compromise and sensitive information leakage. To prevent this vulnerability, validate the user input, perform contextual output encoding or sanitize the input. In PHP you can encode or sanitize user input with `htmlspecialchars` or use automatic context-aware escaping with a template engine such as Latte.",WARNING,php.lang.security.taint-unsafe-echo-tag.taint-unsafe-echo-tag
../../CrossVul/CWE-79/php/good_1148_0,92,4,`Echo`ing user input risks cross-site scripting vulnerability. You should use `htmlentities()` when showing data to users.,ERROR,php.lang.security.injection.echoed-request.echoed-request
../../CrossVul/CWE-79/php/good_1148_0,92,4,"Found direct access to a PHP variable wihout HTML escaping inside an inline PHP statement setting data from `$_REQUEST[...]`. When untrusted input can be used to tamper with a web page rendering, it can lead to a Cross-site scripting (XSS) vulnerability. XSS vulnerabilities occur when untrusted input executes malicious JavaScript code, leading to issues such as account compromise and sensitive information leakage. To prevent this vulnerability, validate the user input, perform contextual output encoding or sanitize the input. In PHP you can encode or sanitize user input with `htmlspecialchars` or use automatic context-aware escaping with a template engine such as Latte.",WARNING,php.lang.security.taint-unsafe-echo-tag.taint-unsafe-echo-tag
../../CrossVul/CWE-79/php/good_1148_0,93,4,`Echo`ing user input risks cross-site scripting vulnerability. You should use `htmlentities()` when showing data to users.,ERROR,php.lang.security.injection.echoed-request.echoed-request
../../CrossVul/CWE-79/php/good_1148_0,93,4,"Found direct access to a PHP variable wihout HTML escaping inside an inline PHP statement setting data from `$_REQUEST[...]`. When untrusted input can be used to tamper with a web page rendering, it can lead to a Cross-site scripting (XSS) vulnerability. XSS vulnerabilities occur when untrusted input executes malicious JavaScript code, leading to issues such as account compromise and sensitive information leakage. To prevent this vulnerability, validate the user input, perform contextual output encoding or sanitize the input. In PHP you can encode or sanitize user input with `htmlspecialchars` or use automatic context-aware escaping with a template engine such as Latte.",WARNING,php.lang.security.taint-unsafe-echo-tag.taint-unsafe-echo-tag
../../CrossVul/CWE-79/php/good_1148_0,96,5,`Echo`ing user input risks cross-site scripting vulnerability. You should use `htmlentities()` when showing data to users.,ERROR,php.lang.security.injection.echoed-request.echoed-request
../../CrossVul/CWE-79/php/good_1148_0,96,5,"Found direct access to a PHP variable wihout HTML escaping inside an inline PHP statement setting data from `$_REQUEST[...]`. When untrusted input can be used to tamper with a web page rendering, it can lead to a Cross-site scripting (XSS) vulnerability. XSS vulnerabilities occur when untrusted input executes malicious JavaScript code, leading to issues such as account compromise and sensitive information leakage. To prevent this vulnerability, validate the user input, perform contextual output encoding or sanitize the input. In PHP you can encode or sanitize user input with `htmlspecialchars` or use automatic context-aware escaping with a template engine such as Latte.",WARNING,php.lang.security.taint-unsafe-echo-tag.taint-unsafe-echo-tag
../../CrossVul/CWE-79/php/good_1148_0,99,5,`Echo`ing user input risks cross-site scripting vulnerability. You should use `htmlentities()` when showing data to users.,ERROR,php.lang.security.injection.echoed-request.echoed-request
../../CrossVul/CWE-79/php/good_1148_0,99,5,"Found direct access to a PHP variable wihout HTML escaping inside an inline PHP statement setting data from `$_REQUEST[...]`. When untrusted input can be used to tamper with a web page rendering, it can lead to a Cross-site scripting (XSS) vulnerability. XSS vulnerabilities occur when untrusted input executes malicious JavaScript code, leading to issues such as account compromise and sensitive information leakage. To prevent this vulnerability, validate the user input, perform contextual output encoding or sanitize the input. In PHP you can encode or sanitize user input with `htmlspecialchars` or use automatic context-aware escaping with a template engine such as Latte.",WARNING,php.lang.security.taint-unsafe-echo-tag.taint-unsafe-echo-tag
../../CrossVul/CWE-79/php/good_1148_0,116,3,`Echo`ing user input risks cross-site scripting vulnerability. You should use `htmlentities()` when showing data to users.,ERROR,php.lang.security.injection.echoed-request.echoed-request
../../CrossVul/CWE-79/php/good_1148_0,116,3,"Found direct access to a PHP variable wihout HTML escaping inside an inline PHP statement setting data from `$_REQUEST[...]`. When untrusted input can be used to tamper with a web page rendering, it can lead to a Cross-site scripting (XSS) vulnerability. XSS vulnerabilities occur when untrusted input executes malicious JavaScript code, leading to issues such as account compromise and sensitive information leakage. To prevent this vulnerability, validate the user input, perform contextual output encoding or sanitize the input. In PHP you can encode or sanitize user input with `htmlspecialchars` or use automatic context-aware escaping with a template engine such as Latte.",WARNING,php.lang.security.taint-unsafe-echo-tag.taint-unsafe-echo-tag
../../CrossVul/CWE-79/php/good_1149_0,85,2,`Echo`ing user input risks cross-site scripting vulnerability. You should use `htmlentities()` when showing data to users.,ERROR,php.lang.security.injection.echoed-request.echoed-request
../../CrossVul/CWE-79/php/good_1149_0,85,2,"Found direct access to a PHP variable wihout HTML escaping inside an inline PHP statement setting data from `$_REQUEST[...]`. When untrusted input can be used to tamper with a web page rendering, it can lead to a Cross-site scripting (XSS) vulnerability. XSS vulnerabilities occur when untrusted input executes malicious JavaScript code, leading to issues such as account compromise and sensitive information leakage. To prevent this vulnerability, validate the user input, perform contextual output encoding or sanitize the input. In PHP you can encode or sanitize user input with `htmlspecialchars` or use automatic context-aware escaping with a template engine such as Latte.",WARNING,php.lang.security.taint-unsafe-echo-tag.taint-unsafe-echo-tag
../../CrossVul/CWE-79/php/good_1149_0,86,2,`Echo`ing user input risks cross-site scripting vulnerability. You should use `htmlentities()` when showing data to users.,ERROR,php.lang.security.injection.echoed-request.echoed-request
../../CrossVul/CWE-79/php/good_1149_0,86,2,"Found direct access to a PHP variable wihout HTML escaping inside an inline PHP statement setting data from `$_REQUEST[...]`. When untrusted input can be used to tamper with a web page rendering, it can lead to a Cross-site scripting (XSS) vulnerability. XSS vulnerabilities occur when untrusted input executes malicious JavaScript code, leading to issues such as account compromise and sensitive information leakage. To prevent this vulnerability, validate the user input, perform contextual output encoding or sanitize the input. In PHP you can encode or sanitize user input with `htmlspecialchars` or use automatic context-aware escaping with a template engine such as Latte.",WARNING,php.lang.security.taint-unsafe-echo-tag.taint-unsafe-echo-tag
../../CrossVul/CWE-79/php/good_1149_0,87,2,`Echo`ing user input risks cross-site scripting vulnerability. You should use `htmlentities()` when showing data to users.,ERROR,php.lang.security.injection.echoed-request.echoed-request
../../CrossVul/CWE-79/php/good_1149_0,87,2,"Found direct access to a PHP variable wihout HTML escaping inside an inline PHP statement setting data from `$_REQUEST[...]`. When untrusted input can be used to tamper with a web page rendering, it can lead to a Cross-site scripting (XSS) vulnerability. XSS vulnerabilities occur when untrusted input executes malicious JavaScript code, leading to issues such as account compromise and sensitive information leakage. To prevent this vulnerability, validate the user input, perform contextual output encoding or sanitize the input. In PHP you can encode or sanitize user input with `htmlspecialchars` or use automatic context-aware escaping with a template engine such as Latte.",WARNING,php.lang.security.taint-unsafe-echo-tag.taint-unsafe-echo-tag
../../CrossVul/CWE-79/php/good_1149_0,88,2,`Echo`ing user input risks cross-site scripting vulnerability. You should use `htmlentities()` when showing data to users.,ERROR,php.lang.security.injection.echoed-request.echoed-request
../../CrossVul/CWE-79/php/good_1149_0,88,2,"Found direct access to a PHP variable wihout HTML escaping inside an inline PHP statement setting data from `$_REQUEST[...]`. When untrusted input can be used to tamper with a web page rendering, it can lead to a Cross-site scripting (XSS) vulnerability. XSS vulnerabilities occur when untrusted input executes malicious JavaScript code, leading to issues such as account compromise and sensitive information leakage. To prevent this vulnerability, validate the user input, perform contextual output encoding or sanitize the input. In PHP you can encode or sanitize user input with `htmlspecialchars` or use automatic context-aware escaping with a template engine such as Latte.",WARNING,php.lang.security.taint-unsafe-echo-tag.taint-unsafe-echo-tag
../../CrossVul/CWE-79/php/good_1149_0,91,3,`Echo`ing user input risks cross-site scripting vulnerability. You should use `htmlentities()` when showing data to users.,ERROR,php.lang.security.injection.echoed-request.echoed-request
../../CrossVul/CWE-79/php/good_1149_0,91,3,"Found direct access to a PHP variable wihout HTML escaping inside an inline PHP statement setting data from `$_REQUEST[...]`. When untrusted input can be used to tamper with a web page rendering, it can lead to a Cross-site scripting (XSS) vulnerability. XSS vulnerabilities occur when untrusted input executes malicious JavaScript code, leading to issues such as account compromise and sensitive information leakage. To prevent this vulnerability, validate the user input, perform contextual output encoding or sanitize the input. In PHP you can encode or sanitize user input with `htmlspecialchars` or use automatic context-aware escaping with a template engine such as Latte.",WARNING,php.lang.security.taint-unsafe-echo-tag.taint-unsafe-echo-tag
../../CrossVul/CWE-79/php/good_1149_0,104,4,`Echo`ing user input risks cross-site scripting vulnerability. You should use `htmlentities()` when showing data to users.,ERROR,php.lang.security.injection.echoed-request.echoed-request
../../CrossVul/CWE-79/php/good_1149_0,104,4,"Found direct access to a PHP variable wihout HTML escaping inside an inline PHP statement setting data from `$_REQUEST[...]`. When untrusted input can be used to tamper with a web page rendering, it can lead to a Cross-site scripting (XSS) vulnerability. XSS vulnerabilities occur when untrusted input executes malicious JavaScript code, leading to issues such as account compromise and sensitive information leakage. To prevent this vulnerability, validate the user input, perform contextual output encoding or sanitize the input. In PHP you can encode or sanitize user input with `htmlspecialchars` or use automatic context-aware escaping with a template engine such as Latte.",WARNING,php.lang.security.taint-unsafe-echo-tag.taint-unsafe-echo-tag
../../CrossVul/CWE-79/php/good_1149_0,105,4,`Echo`ing user input risks cross-site scripting vulnerability. You should use `htmlentities()` when showing data to users.,ERROR,php.lang.security.injection.echoed-request.echoed-request
../../CrossVul/CWE-79/php/good_1149_0,105,4,"Found direct access to a PHP variable wihout HTML escaping inside an inline PHP statement setting data from `$_REQUEST[...]`. When untrusted input can be used to tamper with a web page rendering, it can lead to a Cross-site scripting (XSS) vulnerability. XSS vulnerabilities occur when untrusted input executes malicious JavaScript code, leading to issues such as account compromise and sensitive information leakage. To prevent this vulnerability, validate the user input, perform contextual output encoding or sanitize the input. In PHP you can encode or sanitize user input with `htmlspecialchars` or use automatic context-aware escaping with a template engine such as Latte.",WARNING,php.lang.security.taint-unsafe-echo-tag.taint-unsafe-echo-tag
../../CrossVul/CWE-79/php/good_1149_0,106,4,`Echo`ing user input risks cross-site scripting vulnerability. You should use `htmlentities()` when showing data to users.,ERROR,php.lang.security.injection.echoed-request.echoed-request
../../CrossVul/CWE-79/php/good_1149_0,106,4,"Found direct access to a PHP variable wihout HTML escaping inside an inline PHP statement setting data from `$_REQUEST[...]`. When untrusted input can be used to tamper with a web page rendering, it can lead to a Cross-site scripting (XSS) vulnerability. XSS vulnerabilities occur when untrusted input executes malicious JavaScript code, leading to issues such as account compromise and sensitive information leakage. To prevent this vulnerability, validate the user input, perform contextual output encoding or sanitize the input. In PHP you can encode or sanitize user input with `htmlspecialchars` or use automatic context-aware escaping with a template engine such as Latte.",WARNING,php.lang.security.taint-unsafe-echo-tag.taint-unsafe-echo-tag
../../CrossVul/CWE-79/php/good_1149_0,107,4,`Echo`ing user input risks cross-site scripting vulnerability. You should use `htmlentities()` when showing data to users.,ERROR,php.lang.security.injection.echoed-request.echoed-request
../../CrossVul/CWE-79/php/good_1149_0,107,4,"Found direct access to a PHP variable wihout HTML escaping inside an inline PHP statement setting data from `$_REQUEST[...]`. When untrusted input can be used to tamper with a web page rendering, it can lead to a Cross-site scripting (XSS) vulnerability. XSS vulnerabilities occur when untrusted input executes malicious JavaScript code, leading to issues such as account compromise and sensitive information leakage. To prevent this vulnerability, validate the user input, perform contextual output encoding or sanitize the input. In PHP you can encode or sanitize user input with `htmlspecialchars` or use automatic context-aware escaping with a template engine such as Latte.",WARNING,php.lang.security.taint-unsafe-echo-tag.taint-unsafe-echo-tag
../../CrossVul/CWE-79/php/good_1149_0,108,4,`Echo`ing user input risks cross-site scripting vulnerability. You should use `htmlentities()` when showing data to users.,ERROR,php.lang.security.injection.echoed-request.echoed-request
../../CrossVul/CWE-79/php/good_1149_0,108,4,"Found direct access to a PHP variable wihout HTML escaping inside an inline PHP statement setting data from `$_REQUEST[...]`. When untrusted input can be used to tamper with a web page rendering, it can lead to a Cross-site scripting (XSS) vulnerability. XSS vulnerabilities occur when untrusted input executes malicious JavaScript code, leading to issues such as account compromise and sensitive information leakage. To prevent this vulnerability, validate the user input, perform contextual output encoding or sanitize the input. In PHP you can encode or sanitize user input with `htmlspecialchars` or use automatic context-aware escaping with a template engine such as Latte.",WARNING,php.lang.security.taint-unsafe-echo-tag.taint-unsafe-echo-tag
../../CrossVul/CWE-79/php/good_1149_0,111,5,`Echo`ing user input risks cross-site scripting vulnerability. You should use `htmlentities()` when showing data to users.,ERROR,php.lang.security.injection.echoed-request.echoed-request
../../CrossVul/CWE-79/php/good_1149_0,111,5,"Found direct access to a PHP variable wihout HTML escaping inside an inline PHP statement setting data from `$_REQUEST[...]`. When untrusted input can be used to tamper with a web page rendering, it can lead to a Cross-site scripting (XSS) vulnerability. XSS vulnerabilities occur when untrusted input executes malicious JavaScript code, leading to issues such as account compromise and sensitive information leakage. To prevent this vulnerability, validate the user input, perform contextual output encoding or sanitize the input. In PHP you can encode or sanitize user input with `htmlspecialchars` or use automatic context-aware escaping with a template engine such as Latte.",WARNING,php.lang.security.taint-unsafe-echo-tag.taint-unsafe-echo-tag
../../CrossVul/CWE-79/php/good_1149_0,114,5,`Echo`ing user input risks cross-site scripting vulnerability. You should use `htmlentities()` when showing data to users.,ERROR,php.lang.security.injection.echoed-request.echoed-request
../../CrossVul/CWE-79/php/good_1149_0,114,5,"Found direct access to a PHP variable wihout HTML escaping inside an inline PHP statement setting data from `$_REQUEST[...]`. When untrusted input can be used to tamper with a web page rendering, it can lead to a Cross-site scripting (XSS) vulnerability. XSS vulnerabilities occur when untrusted input executes malicious JavaScript code, leading to issues such as account compromise and sensitive information leakage. To prevent this vulnerability, validate the user input, perform contextual output encoding or sanitize the input. In PHP you can encode or sanitize user input with `htmlspecialchars` or use automatic context-aware escaping with a template engine such as Latte.",WARNING,php.lang.security.taint-unsafe-echo-tag.taint-unsafe-echo-tag
../../CrossVul/CWE-79/php/good_1149_0,126,3,`Echo`ing user input risks cross-site scripting vulnerability. You should use `htmlentities()` when showing data to users.,ERROR,php.lang.security.injection.echoed-request.echoed-request
../../CrossVul/CWE-79/php/good_1149_0,126,3,"Found direct access to a PHP variable wihout HTML escaping inside an inline PHP statement setting data from `$_REQUEST[...]`. When untrusted input can be used to tamper with a web page rendering, it can lead to a Cross-site scripting (XSS) vulnerability. XSS vulnerabilities occur when untrusted input executes malicious JavaScript code, leading to issues such as account compromise and sensitive information leakage. To prevent this vulnerability, validate the user input, perform contextual output encoding or sanitize the input. In PHP you can encode or sanitize user input with `htmlspecialchars` or use automatic context-aware escaping with a template engine such as Latte.",WARNING,php.lang.security.taint-unsafe-echo-tag.taint-unsafe-echo-tag
../../CrossVul/CWE-79/php/good_1151_0,55,13,`Echo`ing user input risks cross-site scripting vulnerability. You should use `htmlentities()` when showing data to users.,ERROR,php.lang.security.injection.echoed-request.echoed-request
../../CrossVul/CWE-79/php/good_1151_0,55,13,"Found direct access to a PHP variable wihout HTML escaping inside an inline PHP statement setting data from `$_REQUEST[...]`. When untrusted input can be used to tamper with a web page rendering, it can lead to a Cross-site scripting (XSS) vulnerability. XSS vulnerabilities occur when untrusted input executes malicious JavaScript code, leading to issues such as account compromise and sensitive information leakage. To prevent this vulnerability, validate the user input, perform contextual output encoding or sanitize the input. In PHP you can encode or sanitize user input with `htmlspecialchars` or use automatic context-aware escaping with a template engine such as Latte.",WARNING,php.lang.security.taint-unsafe-echo-tag.taint-unsafe-echo-tag
../../CrossVul/CWE-79/php/good_1151_0,69,5,`Echo`ing user input risks cross-site scripting vulnerability. You should use `htmlentities()` when showing data to users.,ERROR,php.lang.security.injection.echoed-request.echoed-request
../../CrossVul/CWE-79/php/good_1151_0,69,5,"Found direct access to a PHP variable wihout HTML escaping inside an inline PHP statement setting data from `$_REQUEST[...]`. When untrusted input can be used to tamper with a web page rendering, it can lead to a Cross-site scripting (XSS) vulnerability. XSS vulnerabilities occur when untrusted input executes malicious JavaScript code, leading to issues such as account compromise and sensitive information leakage. To prevent this vulnerability, validate the user input, perform contextual output encoding or sanitize the input. In PHP you can encode or sanitize user input with `htmlspecialchars` or use automatic context-aware escaping with a template engine such as Latte.",WARNING,php.lang.security.taint-unsafe-echo-tag.taint-unsafe-echo-tag
../../CrossVul/CWE-79/php/good_1151_0,72,5,`Echo`ing user input risks cross-site scripting vulnerability. You should use `htmlentities()` when showing data to users.,ERROR,php.lang.security.injection.echoed-request.echoed-request
../../CrossVul/CWE-79/php/good_1151_0,72,5,"Found direct access to a PHP variable wihout HTML escaping inside an inline PHP statement setting data from `$_REQUEST[...]`. When untrusted input can be used to tamper with a web page rendering, it can lead to a Cross-site scripting (XSS) vulnerability. XSS vulnerabilities occur when untrusted input executes malicious JavaScript code, leading to issues such as account compromise and sensitive information leakage. To prevent this vulnerability, validate the user input, perform contextual output encoding or sanitize the input. In PHP you can encode or sanitize user input with `htmlspecialchars` or use automatic context-aware escaping with a template engine such as Latte.",WARNING,php.lang.security.taint-unsafe-echo-tag.taint-unsafe-echo-tag
../../CrossVul/CWE-79/php/good_1151_0,73,5,`Echo`ing user input risks cross-site scripting vulnerability. You should use `htmlentities()` when showing data to users.,ERROR,php.lang.security.injection.echoed-request.echoed-request
../../CrossVul/CWE-79/php/good_1151_0,73,5,"Found direct access to a PHP variable wihout HTML escaping inside an inline PHP statement setting data from `$_REQUEST[...]`. When untrusted input can be used to tamper with a web page rendering, it can lead to a Cross-site scripting (XSS) vulnerability. XSS vulnerabilities occur when untrusted input executes malicious JavaScript code, leading to issues such as account compromise and sensitive information leakage. To prevent this vulnerability, validate the user input, perform contextual output encoding or sanitize the input. In PHP you can encode or sanitize user input with `htmlspecialchars` or use automatic context-aware escaping with a template engine such as Latte.",WARNING,php.lang.security.taint-unsafe-echo-tag.taint-unsafe-echo-tag
../../CrossVul/CWE-79/php/good_1151_0,77,4,`Echo`ing user input risks cross-site scripting vulnerability. You should use `htmlentities()` when showing data to users.,ERROR,php.lang.security.injection.echoed-request.echoed-request
../../CrossVul/CWE-79/php/good_1151_0,77,4,"Found direct access to a PHP variable wihout HTML escaping inside an inline PHP statement setting data from `$_REQUEST[...]`. When untrusted input can be used to tamper with a web page rendering, it can lead to a Cross-site scripting (XSS) vulnerability. XSS vulnerabilities occur when untrusted input executes malicious JavaScript code, leading to issues such as account compromise and sensitive information leakage. To prevent this vulnerability, validate the user input, perform contextual output encoding or sanitize the input. In PHP you can encode or sanitize user input with `htmlspecialchars` or use automatic context-aware escaping with a template engine such as Latte.",WARNING,php.lang.security.taint-unsafe-echo-tag.taint-unsafe-echo-tag
../../CrossVul/CWE-79/php/good_1151_0,78,4,`Echo`ing user input risks cross-site scripting vulnerability. You should use `htmlentities()` when showing data to users.,ERROR,php.lang.security.injection.echoed-request.echoed-request
../../CrossVul/CWE-79/php/good_1151_0,78,4,"Found direct access to a PHP variable wihout HTML escaping inside an inline PHP statement setting data from `$_REQUEST[...]`. When untrusted input can be used to tamper with a web page rendering, it can lead to a Cross-site scripting (XSS) vulnerability. XSS vulnerabilities occur when untrusted input executes malicious JavaScript code, leading to issues such as account compromise and sensitive information leakage. To prevent this vulnerability, validate the user input, perform contextual output encoding or sanitize the input. In PHP you can encode or sanitize user input with `htmlspecialchars` or use automatic context-aware escaping with a template engine such as Latte.",WARNING,php.lang.security.taint-unsafe-echo-tag.taint-unsafe-echo-tag
../../CrossVul/CWE-79/php/good_1155_0,179,5,`Echo`ing user input risks cross-site scripting vulnerability. You should use `htmlentities()` when showing data to users.,ERROR,php.lang.security.injection.echoed-request.echoed-request
../../CrossVul/CWE-79/php/good_1155_0,179,5,"Found direct access to a PHP variable wihout HTML escaping inside an inline PHP statement setting data from `$_REQUEST[...]`. When untrusted input can be used to tamper with a web page rendering, it can lead to a Cross-site scripting (XSS) vulnerability. XSS vulnerabilities occur when untrusted input executes malicious JavaScript code, leading to issues such as account compromise and sensitive information leakage. To prevent this vulnerability, validate the user input, perform contextual output encoding or sanitize the input. In PHP you can encode or sanitize user input with `htmlspecialchars` or use automatic context-aware escaping with a template engine such as Latte.",WARNING,php.lang.security.taint-unsafe-echo-tag.taint-unsafe-echo-tag
../../CrossVul/CWE-79/php/good_1155_0,208,4,`Echo`ing user input risks cross-site scripting vulnerability. You should use `htmlentities()` when showing data to users.,ERROR,php.lang.security.injection.echoed-request.echoed-request
../../CrossVul/CWE-79/php/good_1155_0,208,4,"Found direct access to a PHP variable wihout HTML escaping inside an inline PHP statement setting data from `$_REQUEST[...]`. When untrusted input can be used to tamper with a web page rendering, it can lead to a Cross-site scripting (XSS) vulnerability. XSS vulnerabilities occur when untrusted input executes malicious JavaScript code, leading to issues such as account compromise and sensitive information leakage. To prevent this vulnerability, validate the user input, perform contextual output encoding or sanitize the input. In PHP you can encode or sanitize user input with `htmlspecialchars` or use automatic context-aware escaping with a template engine such as Latte.",WARNING,php.lang.security.taint-unsafe-echo-tag.taint-unsafe-echo-tag
../../CrossVul/CWE-79/php/good_1155_0,209,4,`Echo`ing user input risks cross-site scripting vulnerability. You should use `htmlentities()` when showing data to users.,ERROR,php.lang.security.injection.echoed-request.echoed-request
../../CrossVul/CWE-79/php/good_1155_0,209,4,"Found direct access to a PHP variable wihout HTML escaping inside an inline PHP statement setting data from `$_REQUEST[...]`. When untrusted input can be used to tamper with a web page rendering, it can lead to a Cross-site scripting (XSS) vulnerability. XSS vulnerabilities occur when untrusted input executes malicious JavaScript code, leading to issues such as account compromise and sensitive information leakage. To prevent this vulnerability, validate the user input, perform contextual output encoding or sanitize the input. In PHP you can encode or sanitize user input with `htmlspecialchars` or use automatic context-aware escaping with a template engine such as Latte.",WARNING,php.lang.security.taint-unsafe-echo-tag.taint-unsafe-echo-tag
../../CrossVul/CWE-79/php/good_1155_0,210,4,`Echo`ing user input risks cross-site scripting vulnerability. You should use `htmlentities()` when showing data to users.,ERROR,php.lang.security.injection.echoed-request.echoed-request
../../CrossVul/CWE-79/php/good_1155_0,210,4,"Found direct access to a PHP variable wihout HTML escaping inside an inline PHP statement setting data from `$_REQUEST[...]`. When untrusted input can be used to tamper with a web page rendering, it can lead to a Cross-site scripting (XSS) vulnerability. XSS vulnerabilities occur when untrusted input executes malicious JavaScript code, leading to issues such as account compromise and sensitive information leakage. To prevent this vulnerability, validate the user input, perform contextual output encoding or sanitize the input. In PHP you can encode or sanitize user input with `htmlspecialchars` or use automatic context-aware escaping with a template engine such as Latte.",WARNING,php.lang.security.taint-unsafe-echo-tag.taint-unsafe-echo-tag
../../CrossVul/CWE-79/php/good_1156_0,117,3,`Echo`ing user input risks cross-site scripting vulnerability. You should use `htmlentities()` when showing data to users.,ERROR,php.lang.security.injection.echoed-request.echoed-request
../../CrossVul/CWE-79/php/good_1156_0,117,3,"Found direct access to a PHP variable wihout HTML escaping inside an inline PHP statement setting data from `$_REQUEST[...]`. When untrusted input can be used to tamper with a web page rendering, it can lead to a Cross-site scripting (XSS) vulnerability. XSS vulnerabilities occur when untrusted input executes malicious JavaScript code, leading to issues such as account compromise and sensitive information leakage. To prevent this vulnerability, validate the user input, perform contextual output encoding or sanitize the input. In PHP you can encode or sanitize user input with `htmlspecialchars` or use automatic context-aware escaping with a template engine such as Latte.",WARNING,php.lang.security.taint-unsafe-echo-tag.taint-unsafe-echo-tag
../../CrossVul/CWE-79/php/good_1156_0,133,2,`Echo`ing user input risks cross-site scripting vulnerability. You should use `htmlentities()` when showing data to users.,ERROR,php.lang.security.injection.echoed-request.echoed-request
../../CrossVul/CWE-79/php/good_1156_0,133,2,"Found direct access to a PHP variable wihout HTML escaping inside an inline PHP statement setting data from `$_REQUEST[...]`. When untrusted input can be used to tamper with a web page rendering, it can lead to a Cross-site scripting (XSS) vulnerability. XSS vulnerabilities occur when untrusted input executes malicious JavaScript code, leading to issues such as account compromise and sensitive information leakage. To prevent this vulnerability, validate the user input, perform contextual output encoding or sanitize the input. In PHP you can encode or sanitize user input with `htmlspecialchars` or use automatic context-aware escaping with a template engine such as Latte.",WARNING,php.lang.security.taint-unsafe-echo-tag.taint-unsafe-echo-tag
../../CrossVul/CWE-79/php/good_1156_0,433,2,`Echo`ing user input risks cross-site scripting vulnerability. You should use `htmlentities()` when showing data to users.,ERROR,php.lang.security.injection.echoed-request.echoed-request
../../CrossVul/CWE-79/php/good_1156_0,433,2,"Found direct access to a PHP variable wihout HTML escaping inside an inline PHP statement setting data from `$_REQUEST[...]`. When untrusted input can be used to tamper with a web page rendering, it can lead to a Cross-site scripting (XSS) vulnerability. XSS vulnerabilities occur when untrusted input executes malicious JavaScript code, leading to issues such as account compromise and sensitive information leakage. To prevent this vulnerability, validate the user input, perform contextual output encoding or sanitize the input. In PHP you can encode or sanitize user input with `htmlspecialchars` or use automatic context-aware escaping with a template engine such as Latte.",WARNING,php.lang.security.taint-unsafe-echo-tag.taint-unsafe-echo-tag
../../CrossVul/CWE-79/php/good_1157_0,90,52,`Echo`ing user input risks cross-site scripting vulnerability. You should use `htmlentities()` when showing data to users.,ERROR,php.lang.security.injection.echoed-request.echoed-request
../../CrossVul/CWE-79/php/good_1157_0,90,52,"Found direct access to a PHP variable wihout HTML escaping inside an inline PHP statement setting data from `$_REQUEST[...]`. When untrusted input can be used to tamper with a web page rendering, it can lead to a Cross-site scripting (XSS) vulnerability. XSS vulnerabilities occur when untrusted input executes malicious JavaScript code, leading to issues such as account compromise and sensitive information leakage. To prevent this vulnerability, validate the user input, perform contextual output encoding or sanitize the input. In PHP you can encode or sanitize user input with `htmlspecialchars` or use automatic context-aware escaping with a template engine such as Latte.",WARNING,php.lang.security.taint-unsafe-echo-tag.taint-unsafe-echo-tag
../../CrossVul/CWE-79/php/good_1159_0,63,10,File name based on user input risks server-side request forgery.,WARNING,php.lang.security.injection.tainted-filename.tainted-filename
../../CrossVul/CWE-79/php/good_1159_0,84,3,`Echo`ing user input risks cross-site scripting vulnerability. You should use `htmlentities()` when showing data to users.,ERROR,php.lang.security.injection.echoed-request.echoed-request
../../CrossVul/CWE-79/php/good_1159_0,84,3,"Found direct access to a PHP variable wihout HTML escaping inside an inline PHP statement setting data from `$_REQUEST[...]`. When untrusted input can be used to tamper with a web page rendering, it can lead to a Cross-site scripting (XSS) vulnerability. XSS vulnerabilities occur when untrusted input executes malicious JavaScript code, leading to issues such as account compromise and sensitive information leakage. To prevent this vulnerability, validate the user input, perform contextual output encoding or sanitize the input. In PHP you can encode or sanitize user input with `htmlspecialchars` or use automatic context-aware escaping with a template engine such as Latte.",WARNING,php.lang.security.taint-unsafe-echo-tag.taint-unsafe-echo-tag
../../CrossVul/CWE-79/php/good_1159_0,93,3,`Echo`ing user input risks cross-site scripting vulnerability. You should use `htmlentities()` when showing data to users.,ERROR,php.lang.security.injection.echoed-request.echoed-request
../../CrossVul/CWE-79/php/good_1159_0,93,3,"Found direct access to a PHP variable wihout HTML escaping inside an inline PHP statement setting data from `$_REQUEST[...]`. When untrusted input can be used to tamper with a web page rendering, it can lead to a Cross-site scripting (XSS) vulnerability. XSS vulnerabilities occur when untrusted input executes malicious JavaScript code, leading to issues such as account compromise and sensitive information leakage. To prevent this vulnerability, validate the user input, perform contextual output encoding or sanitize the input. In PHP you can encode or sanitize user input with `htmlspecialchars` or use automatic context-aware escaping with a template engine such as Latte.",WARNING,php.lang.security.taint-unsafe-echo-tag.taint-unsafe-echo-tag
../../CrossVul/CWE-79/php/good_1159_0,97,3,`Echo`ing user input risks cross-site scripting vulnerability. You should use `htmlentities()` when showing data to users.,ERROR,php.lang.security.injection.echoed-request.echoed-request
../../CrossVul/CWE-79/php/good_1159_0,97,3,"Found direct access to a PHP variable wihout HTML escaping inside an inline PHP statement setting data from `$_REQUEST[...]`. When untrusted input can be used to tamper with a web page rendering, it can lead to a Cross-site scripting (XSS) vulnerability. XSS vulnerabilities occur when untrusted input executes malicious JavaScript code, leading to issues such as account compromise and sensitive information leakage. To prevent this vulnerability, validate the user input, perform contextual output encoding or sanitize the input. In PHP you can encode or sanitize user input with `htmlspecialchars` or use automatic context-aware escaping with a template engine such as Latte.",WARNING,php.lang.security.taint-unsafe-echo-tag.taint-unsafe-echo-tag
../../CrossVul/CWE-79/php/good_1292_0,90,2,`Echo`ing user input risks cross-site scripting vulnerability. You should use `htmlentities()` when showing data to users.,ERROR,php.lang.security.injection.echoed-request.echoed-request
../../CrossVul/CWE-79/php/good_1292_0,90,2,"Found direct access to a PHP variable wihout HTML escaping inside an inline PHP statement setting data from `$_REQUEST[...]`. When untrusted input can be used to tamper with a web page rendering, it can lead to a Cross-site scripting (XSS) vulnerability. XSS vulnerabilities occur when untrusted input executes malicious JavaScript code, leading to issues such as account compromise and sensitive information leakage. To prevent this vulnerability, validate the user input, perform contextual output encoding or sanitize the input. In PHP you can encode or sanitize user input with `htmlspecialchars` or use automatic context-aware escaping with a template engine such as Latte.",WARNING,php.lang.security.taint-unsafe-echo-tag.taint-unsafe-echo-tag
../../CrossVul/CWE-79/php/good_1292_0,98,2,`Echo`ing user input risks cross-site scripting vulnerability. You should use `htmlentities()` when showing data to users.,ERROR,php.lang.security.injection.echoed-request.echoed-request
../../CrossVul/CWE-79/php/good_1292_0,98,2,"Found direct access to a PHP variable wihout HTML escaping inside an inline PHP statement setting data from `$_REQUEST[...]`. When untrusted input can be used to tamper with a web page rendering, it can lead to a Cross-site scripting (XSS) vulnerability. XSS vulnerabilities occur when untrusted input executes malicious JavaScript code, leading to issues such as account compromise and sensitive information leakage. To prevent this vulnerability, validate the user input, perform contextual output encoding or sanitize the input. In PHP you can encode or sanitize user input with `htmlspecialchars` or use automatic context-aware escaping with a template engine such as Latte.",WARNING,php.lang.security.taint-unsafe-echo-tag.taint-unsafe-echo-tag
../../CrossVul/CWE-79/php/good_1292_0,103,2,`Echo`ing user input risks cross-site scripting vulnerability. You should use `htmlentities()` when showing data to users.,ERROR,php.lang.security.injection.echoed-request.echoed-request
../../CrossVul/CWE-79/php/good_1292_0,103,2,"Found direct access to a PHP variable wihout HTML escaping inside an inline PHP statement setting data from `$_REQUEST[...]`. When untrusted input can be used to tamper with a web page rendering, it can lead to a Cross-site scripting (XSS) vulnerability. XSS vulnerabilities occur when untrusted input executes malicious JavaScript code, leading to issues such as account compromise and sensitive information leakage. To prevent this vulnerability, validate the user input, perform contextual output encoding or sanitize the input. In PHP you can encode or sanitize user input with `htmlspecialchars` or use automatic context-aware escaping with a template engine such as Latte.",WARNING,php.lang.security.taint-unsafe-echo-tag.taint-unsafe-echo-tag
../../CrossVul/CWE-79/php/good_1292_0,108,2,`Echo`ing user input risks cross-site scripting vulnerability. You should use `htmlentities()` when showing data to users.,ERROR,php.lang.security.injection.echoed-request.echoed-request
../../CrossVul/CWE-79/php/good_1292_0,108,2,"Found direct access to a PHP variable wihout HTML escaping inside an inline PHP statement setting data from `$_REQUEST[...]`. When untrusted input can be used to tamper with a web page rendering, it can lead to a Cross-site scripting (XSS) vulnerability. XSS vulnerabilities occur when untrusted input executes malicious JavaScript code, leading to issues such as account compromise and sensitive information leakage. To prevent this vulnerability, validate the user input, perform contextual output encoding or sanitize the input. In PHP you can encode or sanitize user input with `htmlspecialchars` or use automatic context-aware escaping with a template engine such as Latte.",WARNING,php.lang.security.taint-unsafe-echo-tag.taint-unsafe-echo-tag
../../CrossVul/CWE-79/php/good_1292_0,113,2,`Echo`ing user input risks cross-site scripting vulnerability. You should use `htmlentities()` when showing data to users.,ERROR,php.lang.security.injection.echoed-request.echoed-request
../../CrossVul/CWE-79/php/good_1292_0,113,2,"Found direct access to a PHP variable wihout HTML escaping inside an inline PHP statement setting data from `$_REQUEST[...]`. When untrusted input can be used to tamper with a web page rendering, it can lead to a Cross-site scripting (XSS) vulnerability. XSS vulnerabilities occur when untrusted input executes malicious JavaScript code, leading to issues such as account compromise and sensitive information leakage. To prevent this vulnerability, validate the user input, perform contextual output encoding or sanitize the input. In PHP you can encode or sanitize user input with `htmlspecialchars` or use automatic context-aware escaping with a template engine such as Latte.",WARNING,php.lang.security.taint-unsafe-echo-tag.taint-unsafe-echo-tag
../../CrossVul/CWE-79/php/good_1292_0,118,2,`Echo`ing user input risks cross-site scripting vulnerability. You should use `htmlentities()` when showing data to users.,ERROR,php.lang.security.injection.echoed-request.echoed-request
../../CrossVul/CWE-79/php/good_1292_0,118,2,"Found direct access to a PHP variable wihout HTML escaping inside an inline PHP statement setting data from `$_REQUEST[...]`. When untrusted input can be used to tamper with a web page rendering, it can lead to a Cross-site scripting (XSS) vulnerability. XSS vulnerabilities occur when untrusted input executes malicious JavaScript code, leading to issues such as account compromise and sensitive information leakage. To prevent this vulnerability, validate the user input, perform contextual output encoding or sanitize the input. In PHP you can encode or sanitize user input with `htmlspecialchars` or use automatic context-aware escaping with a template engine such as Latte.",WARNING,php.lang.security.taint-unsafe-echo-tag.taint-unsafe-echo-tag
../../CrossVul/CWE-79/php/good_1292_0,123,2,`Echo`ing user input risks cross-site scripting vulnerability. You should use `htmlentities()` when showing data to users.,ERROR,php.lang.security.injection.echoed-request.echoed-request
../../CrossVul/CWE-79/php/good_1292_0,123,2,"Found direct access to a PHP variable wihout HTML escaping inside an inline PHP statement setting data from `$_REQUEST[...]`. When untrusted input can be used to tamper with a web page rendering, it can lead to a Cross-site scripting (XSS) vulnerability. XSS vulnerabilities occur when untrusted input executes malicious JavaScript code, leading to issues such as account compromise and sensitive information leakage. To prevent this vulnerability, validate the user input, perform contextual output encoding or sanitize the input. In PHP you can encode or sanitize user input with `htmlspecialchars` or use automatic context-aware escaping with a template engine such as Latte.",WARNING,php.lang.security.taint-unsafe-echo-tag.taint-unsafe-echo-tag
../../CrossVul/CWE-79/php/good_1292_0,128,2,`Echo`ing user input risks cross-site scripting vulnerability. You should use `htmlentities()` when showing data to users.,ERROR,php.lang.security.injection.echoed-request.echoed-request
../../CrossVul/CWE-79/php/good_1292_0,128,2,"Found direct access to a PHP variable wihout HTML escaping inside an inline PHP statement setting data from `$_REQUEST[...]`. When untrusted input can be used to tamper with a web page rendering, it can lead to a Cross-site scripting (XSS) vulnerability. XSS vulnerabilities occur when untrusted input executes malicious JavaScript code, leading to issues such as account compromise and sensitive information leakage. To prevent this vulnerability, validate the user input, perform contextual output encoding or sanitize the input. In PHP you can encode or sanitize user input with `htmlspecialchars` or use automatic context-aware escaping with a template engine such as Latte.",WARNING,php.lang.security.taint-unsafe-echo-tag.taint-unsafe-echo-tag
../../CrossVul/CWE-79/php/good_1292_0,133,2,`Echo`ing user input risks cross-site scripting vulnerability. You should use `htmlentities()` when showing data to users.,ERROR,php.lang.security.injection.echoed-request.echoed-request
../../CrossVul/CWE-79/php/good_1292_0,133,2,"Found direct access to a PHP variable wihout HTML escaping inside an inline PHP statement setting data from `$_REQUEST[...]`. When untrusted input can be used to tamper with a web page rendering, it can lead to a Cross-site scripting (XSS) vulnerability. XSS vulnerabilities occur when untrusted input executes malicious JavaScript code, leading to issues such as account compromise and sensitive information leakage. To prevent this vulnerability, validate the user input, perform contextual output encoding or sanitize the input. In PHP you can encode or sanitize user input with `htmlspecialchars` or use automatic context-aware escaping with a template engine such as Latte.",WARNING,php.lang.security.taint-unsafe-echo-tag.taint-unsafe-echo-tag
../../CrossVul/CWE-79/php/good_1292_0,138,2,`Echo`ing user input risks cross-site scripting vulnerability. You should use `htmlentities()` when showing data to users.,ERROR,php.lang.security.injection.echoed-request.echoed-request
../../CrossVul/CWE-79/php/good_1292_0,138,2,"Found direct access to a PHP variable wihout HTML escaping inside an inline PHP statement setting data from `$_REQUEST[...]`. When untrusted input can be used to tamper with a web page rendering, it can lead to a Cross-site scripting (XSS) vulnerability. XSS vulnerabilities occur when untrusted input executes malicious JavaScript code, leading to issues such as account compromise and sensitive information leakage. To prevent this vulnerability, validate the user input, perform contextual output encoding or sanitize the input. In PHP you can encode or sanitize user input with `htmlspecialchars` or use automatic context-aware escaping with a template engine such as Latte.",WARNING,php.lang.security.taint-unsafe-echo-tag.taint-unsafe-echo-tag
../../CrossVul/CWE-79/php/good_1292_0,143,2,`Echo`ing user input risks cross-site scripting vulnerability. You should use `htmlentities()` when showing data to users.,ERROR,php.lang.security.injection.echoed-request.echoed-request
../../CrossVul/CWE-79/php/good_1292_0,143,2,"Found direct access to a PHP variable wihout HTML escaping inside an inline PHP statement setting data from `$_REQUEST[...]`. When untrusted input can be used to tamper with a web page rendering, it can lead to a Cross-site scripting (XSS) vulnerability. XSS vulnerabilities occur when untrusted input executes malicious JavaScript code, leading to issues such as account compromise and sensitive information leakage. To prevent this vulnerability, validate the user input, perform contextual output encoding or sanitize the input. In PHP you can encode or sanitize user input with `htmlspecialchars` or use automatic context-aware escaping with a template engine such as Latte.",WARNING,php.lang.security.taint-unsafe-echo-tag.taint-unsafe-echo-tag
../../CrossVul/CWE-79/php/good_1292_0,148,2,`Echo`ing user input risks cross-site scripting vulnerability. You should use `htmlentities()` when showing data to users.,ERROR,php.lang.security.injection.echoed-request.echoed-request
../../CrossVul/CWE-79/php/good_1292_0,148,2,"Found direct access to a PHP variable wihout HTML escaping inside an inline PHP statement setting data from `$_REQUEST[...]`. When untrusted input can be used to tamper with a web page rendering, it can lead to a Cross-site scripting (XSS) vulnerability. XSS vulnerabilities occur when untrusted input executes malicious JavaScript code, leading to issues such as account compromise and sensitive information leakage. To prevent this vulnerability, validate the user input, perform contextual output encoding or sanitize the input. In PHP you can encode or sanitize user input with `htmlspecialchars` or use automatic context-aware escaping with a template engine such as Latte.",WARNING,php.lang.security.taint-unsafe-echo-tag.taint-unsafe-echo-tag
../../CrossVul/CWE-79/php/good_1292_0,153,2,`Echo`ing user input risks cross-site scripting vulnerability. You should use `htmlentities()` when showing data to users.,ERROR,php.lang.security.injection.echoed-request.echoed-request
../../CrossVul/CWE-79/php/good_1292_0,153,2,"Found direct access to a PHP variable wihout HTML escaping inside an inline PHP statement setting data from `$_REQUEST[...]`. When untrusted input can be used to tamper with a web page rendering, it can lead to a Cross-site scripting (XSS) vulnerability. XSS vulnerabilities occur when untrusted input executes malicious JavaScript code, leading to issues such as account compromise and sensitive information leakage. To prevent this vulnerability, validate the user input, perform contextual output encoding or sanitize the input. In PHP you can encode or sanitize user input with `htmlspecialchars` or use automatic context-aware escaping with a template engine such as Latte.",WARNING,php.lang.security.taint-unsafe-echo-tag.taint-unsafe-echo-tag
../../CrossVul/CWE-79/php/good_1292_0,158,2,`Echo`ing user input risks cross-site scripting vulnerability. You should use `htmlentities()` when showing data to users.,ERROR,php.lang.security.injection.echoed-request.echoed-request
../../CrossVul/CWE-79/php/good_1292_0,158,2,"Found direct access to a PHP variable wihout HTML escaping inside an inline PHP statement setting data from `$_REQUEST[...]`. When untrusted input can be used to tamper with a web page rendering, it can lead to a Cross-site scripting (XSS) vulnerability. XSS vulnerabilities occur when untrusted input executes malicious JavaScript code, leading to issues such as account compromise and sensitive information leakage. To prevent this vulnerability, validate the user input, perform contextual output encoding or sanitize the input. In PHP you can encode or sanitize user input with `htmlspecialchars` or use automatic context-aware escaping with a template engine such as Latte.",WARNING,php.lang.security.taint-unsafe-echo-tag.taint-unsafe-echo-tag
../../CrossVul/CWE-79/php/good_1292_0,163,2,`Echo`ing user input risks cross-site scripting vulnerability. You should use `htmlentities()` when showing data to users.,ERROR,php.lang.security.injection.echoed-request.echoed-request
../../CrossVul/CWE-79/php/good_1292_0,163,2,"Found direct access to a PHP variable wihout HTML escaping inside an inline PHP statement setting data from `$_REQUEST[...]`. When untrusted input can be used to tamper with a web page rendering, it can lead to a Cross-site scripting (XSS) vulnerability. XSS vulnerabilities occur when untrusted input executes malicious JavaScript code, leading to issues such as account compromise and sensitive information leakage. To prevent this vulnerability, validate the user input, perform contextual output encoding or sanitize the input. In PHP you can encode or sanitize user input with `htmlspecialchars` or use automatic context-aware escaping with a template engine such as Latte.",WARNING,php.lang.security.taint-unsafe-echo-tag.taint-unsafe-echo-tag
../../CrossVul/CWE-79/php/good_1292_0,168,2,`Echo`ing user input risks cross-site scripting vulnerability. You should use `htmlentities()` when showing data to users.,ERROR,php.lang.security.injection.echoed-request.echoed-request
../../CrossVul/CWE-79/php/good_1292_0,168,2,"Found direct access to a PHP variable wihout HTML escaping inside an inline PHP statement setting data from `$_REQUEST[...]`. When untrusted input can be used to tamper with a web page rendering, it can lead to a Cross-site scripting (XSS) vulnerability. XSS vulnerabilities occur when untrusted input executes malicious JavaScript code, leading to issues such as account compromise and sensitive information leakage. To prevent this vulnerability, validate the user input, perform contextual output encoding or sanitize the input. In PHP you can encode or sanitize user input with `htmlspecialchars` or use automatic context-aware escaping with a template engine such as Latte.",WARNING,php.lang.security.taint-unsafe-echo-tag.taint-unsafe-echo-tag
../../CrossVul/CWE-79/php/good_1292_0,173,2,`Echo`ing user input risks cross-site scripting vulnerability. You should use `htmlentities()` when showing data to users.,ERROR,php.lang.security.injection.echoed-request.echoed-request
../../CrossVul/CWE-79/php/good_1292_0,173,2,"Found direct access to a PHP variable wihout HTML escaping inside an inline PHP statement setting data from `$_REQUEST[...]`. When untrusted input can be used to tamper with a web page rendering, it can lead to a Cross-site scripting (XSS) vulnerability. XSS vulnerabilities occur when untrusted input executes malicious JavaScript code, leading to issues such as account compromise and sensitive information leakage. To prevent this vulnerability, validate the user input, perform contextual output encoding or sanitize the input. In PHP you can encode or sanitize user input with `htmlspecialchars` or use automatic context-aware escaping with a template engine such as Latte.",WARNING,php.lang.security.taint-unsafe-echo-tag.taint-unsafe-echo-tag
../../CrossVul/CWE-79/php/good_1292_0,178,2,`Echo`ing user input risks cross-site scripting vulnerability. You should use `htmlentities()` when showing data to users.,ERROR,php.lang.security.injection.echoed-request.echoed-request
../../CrossVul/CWE-79/php/good_1292_0,178,2,"Found direct access to a PHP variable wihout HTML escaping inside an inline PHP statement setting data from `$_REQUEST[...]`. When untrusted input can be used to tamper with a web page rendering, it can lead to a Cross-site scripting (XSS) vulnerability. XSS vulnerabilities occur when untrusted input executes malicious JavaScript code, leading to issues such as account compromise and sensitive information leakage. To prevent this vulnerability, validate the user input, perform contextual output encoding or sanitize the input. In PHP you can encode or sanitize user input with `htmlspecialchars` or use automatic context-aware escaping with a template engine such as Latte.",WARNING,php.lang.security.taint-unsafe-echo-tag.taint-unsafe-echo-tag
../../CrossVul/CWE-79/php/good_1292_0,183,2,`Echo`ing user input risks cross-site scripting vulnerability. You should use `htmlentities()` when showing data to users.,ERROR,php.lang.security.injection.echoed-request.echoed-request
../../CrossVul/CWE-79/php/good_1292_0,183,2,"Found direct access to a PHP variable wihout HTML escaping inside an inline PHP statement setting data from `$_REQUEST[...]`. When untrusted input can be used to tamper with a web page rendering, it can lead to a Cross-site scripting (XSS) vulnerability. XSS vulnerabilities occur when untrusted input executes malicious JavaScript code, leading to issues such as account compromise and sensitive information leakage. To prevent this vulnerability, validate the user input, perform contextual output encoding or sanitize the input. In PHP you can encode or sanitize user input with `htmlspecialchars` or use automatic context-aware escaping with a template engine such as Latte.",WARNING,php.lang.security.taint-unsafe-echo-tag.taint-unsafe-echo-tag
../../CrossVul/CWE-79/php/good_1290_0,95,20,File name based on user input risks server-side request forgery.,WARNING,php.lang.security.injection.tainted-filename.tainted-filename
../../CrossVul/CWE-79/php/good_1290_0,100,21,File name based on user input risks server-side request forgery.,WARNING,php.lang.security.injection.tainted-filename.tainted-filename
../../CrossVul/CWE-79/php/good_1290_0,106,16,File name based on user input risks server-side request forgery.,WARNING,php.lang.security.injection.tainted-filename.tainted-filename
../../CrossVul/CWE-79/php/good_1290_0,131,39,File name based on user input risks server-side request forgery.,WARNING,php.lang.security.injection.tainted-filename.tainted-filename
../../CrossVul/CWE-79/php/good_1290_0,151,16,File name based on user input risks server-side request forgery.,WARNING,php.lang.security.injection.tainted-filename.tainted-filename
../../CrossVul/CWE-79/php/good_1290_0,154,16,File name based on user input risks server-side request forgery.,WARNING,php.lang.security.injection.tainted-filename.tainted-filename
../../CrossVul/CWE-79/php/good_1290_0,157,16,File name based on user input risks server-side request forgery.,WARNING,php.lang.security.injection.tainted-filename.tainted-filename
../../CrossVul/CWE-79/php/good_1290_0,160,16,File name based on user input risks server-side request forgery.,WARNING,php.lang.security.injection.tainted-filename.tainted-filename
../../CrossVul/CWE-79/php/good_1290_0,205,3,`Echo`ing user input risks cross-site scripting vulnerability. You should use `htmlentities()` when showing data to users.,ERROR,php.lang.security.injection.echoed-request.echoed-request
../../CrossVul/CWE-79/php/good_1290_0,205,3,"Found direct access to a PHP variable wihout HTML escaping inside an inline PHP statement setting data from `$_REQUEST[...]`. When untrusted input can be used to tamper with a web page rendering, it can lead to a Cross-site scripting (XSS) vulnerability. XSS vulnerabilities occur when untrusted input executes malicious JavaScript code, leading to issues such as account compromise and sensitive information leakage. To prevent this vulnerability, validate the user input, perform contextual output encoding or sanitize the input. In PHP you can encode or sanitize user input with `htmlspecialchars` or use automatic context-aware escaping with a template engine such as Latte.",WARNING,php.lang.security.taint-unsafe-echo-tag.taint-unsafe-echo-tag
../../CrossVul/CWE-79/php/good_1290_0,208,3,`Echo`ing user input risks cross-site scripting vulnerability. You should use `htmlentities()` when showing data to users.,ERROR,php.lang.security.injection.echoed-request.echoed-request
../../CrossVul/CWE-79/php/good_1290_0,208,3,"Found direct access to a PHP variable wihout HTML escaping inside an inline PHP statement setting data from `$_REQUEST[...]`. When untrusted input can be used to tamper with a web page rendering, it can lead to a Cross-site scripting (XSS) vulnerability. XSS vulnerabilities occur when untrusted input executes malicious JavaScript code, leading to issues such as account compromise and sensitive information leakage. To prevent this vulnerability, validate the user input, perform contextual output encoding or sanitize the input. In PHP you can encode or sanitize user input with `htmlspecialchars` or use automatic context-aware escaping with a template engine such as Latte.",WARNING,php.lang.security.taint-unsafe-echo-tag.taint-unsafe-echo-tag
../../CrossVul/CWE-79/php/good_1290_0,226,2,`Echo`ing user input risks cross-site scripting vulnerability. You should use `htmlentities()` when showing data to users.,ERROR,php.lang.security.injection.echoed-request.echoed-request
../../CrossVul/CWE-79/php/good_1290_0,226,2,"Found direct access to a PHP variable wihout HTML escaping inside an inline PHP statement setting data from `$_REQUEST[...]`. When untrusted input can be used to tamper with a web page rendering, it can lead to a Cross-site scripting (XSS) vulnerability. XSS vulnerabilities occur when untrusted input executes malicious JavaScript code, leading to issues such as account compromise and sensitive information leakage. To prevent this vulnerability, validate the user input, perform contextual output encoding or sanitize the input. In PHP you can encode or sanitize user input with `htmlspecialchars` or use automatic context-aware escaping with a template engine such as Latte.",WARNING,php.lang.security.taint-unsafe-echo-tag.taint-unsafe-echo-tag
../../CrossVul/CWE-79/php/good_1290_0,227,2,`Echo`ing user input risks cross-site scripting vulnerability. You should use `htmlentities()` when showing data to users.,ERROR,php.lang.security.injection.echoed-request.echoed-request
../../CrossVul/CWE-79/php/good_1290_0,227,2,"Found direct access to a PHP variable wihout HTML escaping inside an inline PHP statement setting data from `$_REQUEST[...]`. When untrusted input can be used to tamper with a web page rendering, it can lead to a Cross-site scripting (XSS) vulnerability. XSS vulnerabilities occur when untrusted input executes malicious JavaScript code, leading to issues such as account compromise and sensitive information leakage. To prevent this vulnerability, validate the user input, perform contextual output encoding or sanitize the input. In PHP you can encode or sanitize user input with `htmlspecialchars` or use automatic context-aware escaping with a template engine such as Latte.",WARNING,php.lang.security.taint-unsafe-echo-tag.taint-unsafe-echo-tag
../../CrossVul/CWE-79/php/good_1290_0,229,3,`Echo`ing user input risks cross-site scripting vulnerability. You should use `htmlentities()` when showing data to users.,ERROR,php.lang.security.injection.echoed-request.echoed-request
../../CrossVul/CWE-79/php/good_1290_0,229,3,"Found direct access to a PHP variable wihout HTML escaping inside an inline PHP statement setting data from `$_REQUEST[...]`. When untrusted input can be used to tamper with a web page rendering, it can lead to a Cross-site scripting (XSS) vulnerability. XSS vulnerabilities occur when untrusted input executes malicious JavaScript code, leading to issues such as account compromise and sensitive information leakage. To prevent this vulnerability, validate the user input, perform contextual output encoding or sanitize the input. In PHP you can encode or sanitize user input with `htmlspecialchars` or use automatic context-aware escaping with a template engine such as Latte.",WARNING,php.lang.security.taint-unsafe-echo-tag.taint-unsafe-echo-tag
../../CrossVul/CWE-79/php/good_1290_0,233,2,`Echo`ing user input risks cross-site scripting vulnerability. You should use `htmlentities()` when showing data to users.,ERROR,php.lang.security.injection.echoed-request.echoed-request
../../CrossVul/CWE-79/php/good_1290_0,233,2,"Found direct access to a PHP variable wihout HTML escaping inside an inline PHP statement setting data from `$_REQUEST[...]`. When untrusted input can be used to tamper with a web page rendering, it can lead to a Cross-site scripting (XSS) vulnerability. XSS vulnerabilities occur when untrusted input executes malicious JavaScript code, leading to issues such as account compromise and sensitive information leakage. To prevent this vulnerability, validate the user input, perform contextual output encoding or sanitize the input. In PHP you can encode or sanitize user input with `htmlspecialchars` or use automatic context-aware escaping with a template engine such as Latte.",WARNING,php.lang.security.taint-unsafe-echo-tag.taint-unsafe-echo-tag
../../CrossVul/CWE-79/php/good_1290_0,247,23,File name based on user input risks server-side request forgery.,WARNING,php.lang.security.injection.tainted-filename.tainted-filename
../../CrossVul/CWE-79/php/good_1290_0,248,25,File name based on user input risks server-side request forgery.,WARNING,php.lang.security.injection.tainted-filename.tainted-filename
../../CrossVul/CWE-79/php/good_1290_0,248,25,"Untrusted input might be used to build an HTTP request, which can lead to a Server-side request forgery (SSRF) vulnerability. SSRF allows an attacker to send crafted requests from the server side to other internal or external systems. SSRF can lead to unauthorized access to sensitive data and, in some cases, allow the attacker to control applications or systems that trust the vulnerable service. To prevent this vulnerability, avoid allowing user input to craft the base request. Instead, treat it as part of the path or query parameter and encode it appropriately. When user input is necessary to prepare the HTTP request, perform strict input validation. Additionally, whenever possible, use allowlists to only interact with expected, trusted domains.",ERROR,php.lang.security.tainted-url-to-connection.tainted-url-to-connection
../../CrossVul/CWE-79/php/good_1290_0,252,23,File name based on user input risks server-side request forgery.,WARNING,php.lang.security.injection.tainted-filename.tainted-filename
../../CrossVul/CWE-79/php/good_1290_0,254,25,File name based on user input risks server-side request forgery.,WARNING,php.lang.security.injection.tainted-filename.tainted-filename
../../CrossVul/CWE-79/php/good_1290_0,254,25,"Untrusted input might be used to build an HTTP request, which can lead to a Server-side request forgery (SSRF) vulnerability. SSRF allows an attacker to send crafted requests from the server side to other internal or external systems. SSRF can lead to unauthorized access to sensitive data and, in some cases, allow the attacker to control applications or systems that trust the vulnerable service. To prevent this vulnerability, avoid allowing user input to craft the base request. Instead, treat it as part of the path or query parameter and encode it appropriately. When user input is necessary to prepare the HTTP request, perform strict input validation. Additionally, whenever possible, use allowlists to only interact with expected, trusted domains.",ERROR,php.lang.security.tainted-url-to-connection.tainted-url-to-connection
../../CrossVul/CWE-79/php/good_1290_0,262,22,File name based on user input risks server-side request forgery.,WARNING,php.lang.security.injection.tainted-filename.tainted-filename
../../CrossVul/CWE-79/php/good_1290_0,267,22,File name based on user input risks server-side request forgery.,WARNING,php.lang.security.injection.tainted-filename.tainted-filename
../../CrossVul/CWE-79/php/good_1290_0,274,14,"Untrusted input might be injected into a command executed by the application, which can lead to a command injection vulnerability. An attacker can execute arbitrary commands, potentially gaining complete control of the system. To prevent this vulnerability, avoid executing OS commands with user input. If this is unavoidable, validate and sanitize the user input, and use safe methods for executing the commands. In PHP, it is possible to use `escapeshellcmd(...)` and `escapeshellarg(...)` to correctly sanitize input that is used respectively as system commands or command arguments.",CRITICAL,php.lang.security.tainted-command-injection.tainted-command-injection
../../CrossVul/CWE-79/php/good_1290_0,274,14,Executing non-constant commands. This can lead to command injection. You should use `escapeshellarg()` when using command.,ERROR,php.lang.security.tainted-exec.tainted-exec
../../CrossVul/CWE-79/php/good_1290_0,281,14,"Untrusted input might be injected into a command executed by the application, which can lead to a command injection vulnerability. An attacker can execute arbitrary commands, potentially gaining complete control of the system. To prevent this vulnerability, avoid executing OS commands with user input. If this is unavoidable, validate and sanitize the user input, and use safe methods for executing the commands. In PHP, it is possible to use `escapeshellcmd(...)` and `escapeshellarg(...)` to correctly sanitize input that is used respectively as system commands or command arguments.",CRITICAL,php.lang.security.tainted-command-injection.tainted-command-injection
../../CrossVul/CWE-79/php/good_1290_0,281,14,Executing non-constant commands. This can lead to command injection. You should use `escapeshellarg()` when using command.,ERROR,php.lang.security.tainted-exec.tainted-exec
../../CrossVul/CWE-79/php/good_1290_0,307,6,"Untrusted input might be injected into a command executed by the application, which can lead to a command injection vulnerability. An attacker can execute arbitrary commands, potentially gaining complete control of the system. To prevent this vulnerability, avoid executing OS commands with user input. If this is unavoidable, validate and sanitize the user input, and use safe methods for executing the commands. In PHP, it is possible to use `escapeshellcmd(...)` and `escapeshellarg(...)` to correctly sanitize input that is used respectively as system commands or command arguments.",CRITICAL,php.lang.security.tainted-command-injection.tainted-command-injection
../../CrossVul/CWE-79/php/good_1290_0,307,6,Executing non-constant commands. This can lead to command injection. You should use `escapeshellarg()` when using command.,ERROR,php.lang.security.tainted-exec.tainted-exec
../../CrossVul/CWE-79/php/good_1290_0,311,6,"Untrusted input might be injected into a command executed by the application, which can lead to a command injection vulnerability. An attacker can execute arbitrary commands, potentially gaining complete control of the system. To prevent this vulnerability, avoid executing OS commands with user input. If this is unavoidable, validate and sanitize the user input, and use safe methods for executing the commands. In PHP, it is possible to use `escapeshellcmd(...)` and `escapeshellarg(...)` to correctly sanitize input that is used respectively as system commands or command arguments.",CRITICAL,php.lang.security.tainted-command-injection.tainted-command-injection
../../CrossVul/CWE-79/php/good_1290_0,311,6,Executing non-constant commands. This can lead to command injection. You should use `escapeshellarg()` when using command.,ERROR,php.lang.security.tainted-exec.tainted-exec
../../CrossVul/CWE-79/php/good_1290_0,312,14,File name based on user input risks server-side request forgery.,WARNING,php.lang.security.injection.tainted-filename.tainted-filename
../../CrossVul/CWE-79/php/good_1290_0,315,6,"Untrusted input might be injected into a command executed by the application, which can lead to a command injection vulnerability. An attacker can execute arbitrary commands, potentially gaining complete control of the system. To prevent this vulnerability, avoid executing OS commands with user input. If this is unavoidable, validate and sanitize the user input, and use safe methods for executing the commands. In PHP, it is possible to use `escapeshellcmd(...)` and `escapeshellarg(...)` to correctly sanitize input that is used respectively as system commands or command arguments.",CRITICAL,php.lang.security.tainted-command-injection.tainted-command-injection
../../CrossVul/CWE-79/php/good_1290_0,315,6,Executing non-constant commands. This can lead to command injection. You should use `escapeshellarg()` when using command.,ERROR,php.lang.security.tainted-exec.tainted-exec
../../CrossVul/CWE-79/php/good_1290_0,316,14,File name based on user input risks server-side request forgery.,WARNING,php.lang.security.injection.tainted-filename.tainted-filename
../../CrossVul/CWE-79/php/good_1290_0,320,4,`Echo`ing user input risks cross-site scripting vulnerability. You should use `htmlentities()` when showing data to users.,ERROR,php.lang.security.injection.echoed-request.echoed-request
../../CrossVul/CWE-79/php/good_1290_0,320,4,"Found direct access to a PHP variable wihout HTML escaping inside an inline PHP statement setting data from `$_REQUEST[...]`. When untrusted input can be used to tamper with a web page rendering, it can lead to a Cross-site scripting (XSS) vulnerability. XSS vulnerabilities occur when untrusted input executes malicious JavaScript code, leading to issues such as account compromise and sensitive information leakage. To prevent this vulnerability, validate the user input, perform contextual output encoding or sanitize the input. In PHP you can encode or sanitize user input with `htmlspecialchars` or use automatic context-aware escaping with a template engine such as Latte.",WARNING,php.lang.security.taint-unsafe-echo-tag.taint-unsafe-echo-tag
../../CrossVul/CWE-79/php/good_1290_0,321,4,`Echo`ing user input risks cross-site scripting vulnerability. You should use `htmlentities()` when showing data to users.,ERROR,php.lang.security.injection.echoed-request.echoed-request
../../CrossVul/CWE-79/php/good_1290_0,321,4,"Found direct access to a PHP variable wihout HTML escaping inside an inline PHP statement setting data from `$_REQUEST[...]`. When untrusted input can be used to tamper with a web page rendering, it can lead to a Cross-site scripting (XSS) vulnerability. XSS vulnerabilities occur when untrusted input executes malicious JavaScript code, leading to issues such as account compromise and sensitive information leakage. To prevent this vulnerability, validate the user input, perform contextual output encoding or sanitize the input. In PHP you can encode or sanitize user input with `htmlspecialchars` or use automatic context-aware escaping with a template engine such as Latte.",WARNING,php.lang.security.taint-unsafe-echo-tag.taint-unsafe-echo-tag
../../CrossVul/CWE-79/php/good_1290_0,323,5,`Echo`ing user input risks cross-site scripting vulnerability. You should use `htmlentities()` when showing data to users.,ERROR,php.lang.security.injection.echoed-request.echoed-request
../../CrossVul/CWE-79/php/good_1290_0,323,5,"Found direct access to a PHP variable wihout HTML escaping inside an inline PHP statement setting data from `$_REQUEST[...]`. When untrusted input can be used to tamper with a web page rendering, it can lead to a Cross-site scripting (XSS) vulnerability. XSS vulnerabilities occur when untrusted input executes malicious JavaScript code, leading to issues such as account compromise and sensitive information leakage. To prevent this vulnerability, validate the user input, perform contextual output encoding or sanitize the input. In PHP you can encode or sanitize user input with `htmlspecialchars` or use automatic context-aware escaping with a template engine such as Latte.",WARNING,php.lang.security.taint-unsafe-echo-tag.taint-unsafe-echo-tag
../../CrossVul/CWE-79/php/good_1290_0,327,5,`Echo`ing user input risks cross-site scripting vulnerability. You should use `htmlentities()` when showing data to users.,ERROR,php.lang.security.injection.echoed-request.echoed-request
../../CrossVul/CWE-79/php/good_1290_0,327,5,"Found direct access to a PHP variable wihout HTML escaping inside an inline PHP statement setting data from `$_REQUEST[...]`. When untrusted input can be used to tamper with a web page rendering, it can lead to a Cross-site scripting (XSS) vulnerability. XSS vulnerabilities occur when untrusted input executes malicious JavaScript code, leading to issues such as account compromise and sensitive information leakage. To prevent this vulnerability, validate the user input, perform contextual output encoding or sanitize the input. In PHP you can encode or sanitize user input with `htmlspecialchars` or use automatic context-aware escaping with a template engine such as Latte.",WARNING,php.lang.security.taint-unsafe-echo-tag.taint-unsafe-echo-tag
../../CrossVul/CWE-79/php/good_1290_0,330,5,`Echo`ing user input risks cross-site scripting vulnerability. You should use `htmlentities()` when showing data to users.,ERROR,php.lang.security.injection.echoed-request.echoed-request
../../CrossVul/CWE-79/php/good_1290_0,330,5,"Found direct access to a PHP variable wihout HTML escaping inside an inline PHP statement setting data from `$_REQUEST[...]`. When untrusted input can be used to tamper with a web page rendering, it can lead to a Cross-site scripting (XSS) vulnerability. XSS vulnerabilities occur when untrusted input executes malicious JavaScript code, leading to issues such as account compromise and sensitive information leakage. To prevent this vulnerability, validate the user input, perform contextual output encoding or sanitize the input. In PHP you can encode or sanitize user input with `htmlspecialchars` or use automatic context-aware escaping with a template engine such as Latte.",WARNING,php.lang.security.taint-unsafe-echo-tag.taint-unsafe-echo-tag
../../CrossVul/CWE-79/php/good_1290_0,332,4,`Echo`ing user input risks cross-site scripting vulnerability. You should use `htmlentities()` when showing data to users.,ERROR,php.lang.security.injection.echoed-request.echoed-request
../../CrossVul/CWE-79/php/good_1290_0,332,4,"Found direct access to a PHP variable wihout HTML escaping inside an inline PHP statement setting data from `$_REQUEST[...]`. When untrusted input can be used to tamper with a web page rendering, it can lead to a Cross-site scripting (XSS) vulnerability. XSS vulnerabilities occur when untrusted input executes malicious JavaScript code, leading to issues such as account compromise and sensitive information leakage. To prevent this vulnerability, validate the user input, perform contextual output encoding or sanitize the input. In PHP you can encode or sanitize user input with `htmlspecialchars` or use automatic context-aware escaping with a template engine such as Latte.",WARNING,php.lang.security.taint-unsafe-echo-tag.taint-unsafe-echo-tag
../../CrossVul/CWE-79/php/good_1290_0,342,20,File name based on user input risks server-side request forgery.,WARNING,php.lang.security.injection.tainted-filename.tainted-filename
../../CrossVul/CWE-79/php/good_1290_0,344,6,`Echo`ing user input risks cross-site scripting vulnerability. You should use `htmlentities()` when showing data to users.,ERROR,php.lang.security.injection.echoed-request.echoed-request
../../CrossVul/CWE-79/php/good_1290_0,344,6,"Found direct access to a PHP variable wihout HTML escaping inside an inline PHP statement setting data from `$_REQUEST[...]`. When untrusted input can be used to tamper with a web page rendering, it can lead to a Cross-site scripting (XSS) vulnerability. XSS vulnerabilities occur when untrusted input executes malicious JavaScript code, leading to issues such as account compromise and sensitive information leakage. To prevent this vulnerability, validate the user input, perform contextual output encoding or sanitize the input. In PHP you can encode or sanitize user input with `htmlspecialchars` or use automatic context-aware escaping with a template engine such as Latte.",WARNING,php.lang.security.taint-unsafe-echo-tag.taint-unsafe-echo-tag
../../CrossVul/CWE-79/php/good_1290_0,347,6,`Echo`ing user input risks cross-site scripting vulnerability. You should use `htmlentities()` when showing data to users.,ERROR,php.lang.security.injection.echoed-request.echoed-request
../../CrossVul/CWE-79/php/good_1290_0,347,6,"Found direct access to a PHP variable wihout HTML escaping inside an inline PHP statement setting data from `$_REQUEST[...]`. When untrusted input can be used to tamper with a web page rendering, it can lead to a Cross-site scripting (XSS) vulnerability. XSS vulnerabilities occur when untrusted input executes malicious JavaScript code, leading to issues such as account compromise and sensitive information leakage. To prevent this vulnerability, validate the user input, perform contextual output encoding or sanitize the input. In PHP you can encode or sanitize user input with `htmlspecialchars` or use automatic context-aware escaping with a template engine such as Latte.",WARNING,php.lang.security.taint-unsafe-echo-tag.taint-unsafe-echo-tag
../../CrossVul/CWE-79/php/good_1290_0,356,4,`Echo`ing user input risks cross-site scripting vulnerability. You should use `htmlentities()` when showing data to users.,ERROR,php.lang.security.injection.echoed-request.echoed-request
../../CrossVul/CWE-79/php/good_1290_0,356,4,"Found direct access to a PHP variable wihout HTML escaping inside an inline PHP statement setting data from `$_REQUEST[...]`. When untrusted input can be used to tamper with a web page rendering, it can lead to a Cross-site scripting (XSS) vulnerability. XSS vulnerabilities occur when untrusted input executes malicious JavaScript code, leading to issues such as account compromise and sensitive information leakage. To prevent this vulnerability, validate the user input, perform contextual output encoding or sanitize the input. In PHP you can encode or sanitize user input with `htmlspecialchars` or use automatic context-aware escaping with a template engine such as Latte.",WARNING,php.lang.security.taint-unsafe-echo-tag.taint-unsafe-echo-tag
../../CrossVul/CWE-79/php/good_1290_0,359,5,`Echo`ing user input risks cross-site scripting vulnerability. You should use `htmlentities()` when showing data to users.,ERROR,php.lang.security.injection.echoed-request.echoed-request
../../CrossVul/CWE-79/php/good_1290_0,359,5,"Found direct access to a PHP variable wihout HTML escaping inside an inline PHP statement setting data from `$_REQUEST[...]`. When untrusted input can be used to tamper with a web page rendering, it can lead to a Cross-site scripting (XSS) vulnerability. XSS vulnerabilities occur when untrusted input executes malicious JavaScript code, leading to issues such as account compromise and sensitive information leakage. To prevent this vulnerability, validate the user input, perform contextual output encoding or sanitize the input. In PHP you can encode or sanitize user input with `htmlspecialchars` or use automatic context-aware escaping with a template engine such as Latte.",WARNING,php.lang.security.taint-unsafe-echo-tag.taint-unsafe-echo-tag
../../CrossVul/CWE-79/php/good_1290_0,372,2,`Echo`ing user input risks cross-site scripting vulnerability. You should use `htmlentities()` when showing data to users.,ERROR,php.lang.security.injection.echoed-request.echoed-request
../../CrossVul/CWE-79/php/good_1290_0,372,2,"Found direct access to a PHP variable wihout HTML escaping inside an inline PHP statement setting data from `$_REQUEST[...]`. When untrusted input can be used to tamper with a web page rendering, it can lead to a Cross-site scripting (XSS) vulnerability. XSS vulnerabilities occur when untrusted input executes malicious JavaScript code, leading to issues such as account compromise and sensitive information leakage. To prevent this vulnerability, validate the user input, perform contextual output encoding or sanitize the input. In PHP you can encode or sanitize user input with `htmlspecialchars` or use automatic context-aware escaping with a template engine such as Latte.",WARNING,php.lang.security.taint-unsafe-echo-tag.taint-unsafe-echo-tag
../../CrossVul/CWE-79/php/good_1293_0,222,2,`Echo`ing user input risks cross-site scripting vulnerability. You should use `htmlentities()` when showing data to users.,ERROR,php.lang.security.injection.echoed-request.echoed-request
../../CrossVul/CWE-79/php/good_1293_0,222,2,"Found direct access to a PHP variable wihout HTML escaping inside an inline PHP statement setting data from `$_REQUEST[...]`. When untrusted input can be used to tamper with a web page rendering, it can lead to a Cross-site scripting (XSS) vulnerability. XSS vulnerabilities occur when untrusted input executes malicious JavaScript code, leading to issues such as account compromise and sensitive information leakage. To prevent this vulnerability, validate the user input, perform contextual output encoding or sanitize the input. In PHP you can encode or sanitize user input with `htmlspecialchars` or use automatic context-aware escaping with a template engine such as Latte.",WARNING,php.lang.security.taint-unsafe-echo-tag.taint-unsafe-echo-tag
../../CrossVul/CWE-79/php/good_1293_0,277,3,`Echo`ing user input risks cross-site scripting vulnerability. You should use `htmlentities()` when showing data to users.,ERROR,php.lang.security.injection.echoed-request.echoed-request
../../CrossVul/CWE-79/php/good_1293_0,277,3,"Found direct access to a PHP variable wihout HTML escaping inside an inline PHP statement setting data from `$_REQUEST[...]`. When untrusted input can be used to tamper with a web page rendering, it can lead to a Cross-site scripting (XSS) vulnerability. XSS vulnerabilities occur when untrusted input executes malicious JavaScript code, leading to issues such as account compromise and sensitive information leakage. To prevent this vulnerability, validate the user input, perform contextual output encoding or sanitize the input. In PHP you can encode or sanitize user input with `htmlspecialchars` or use automatic context-aware escaping with a template engine such as Latte.",WARNING,php.lang.security.taint-unsafe-echo-tag.taint-unsafe-echo-tag
../../CrossVul/CWE-79/php/good_1293_0,280,3,`Echo`ing user input risks cross-site scripting vulnerability. You should use `htmlentities()` when showing data to users.,ERROR,php.lang.security.injection.echoed-request.echoed-request
../../CrossVul/CWE-79/php/good_1293_0,280,3,"Found direct access to a PHP variable wihout HTML escaping inside an inline PHP statement setting data from `$_REQUEST[...]`. When untrusted input can be used to tamper with a web page rendering, it can lead to a Cross-site scripting (XSS) vulnerability. XSS vulnerabilities occur when untrusted input executes malicious JavaScript code, leading to issues such as account compromise and sensitive information leakage. To prevent this vulnerability, validate the user input, perform contextual output encoding or sanitize the input. In PHP you can encode or sanitize user input with `htmlspecialchars` or use automatic context-aware escaping with a template engine such as Latte.",WARNING,php.lang.security.taint-unsafe-echo-tag.taint-unsafe-echo-tag
../../CrossVul/CWE-79/php/good_1293_0,283,3,`Echo`ing user input risks cross-site scripting vulnerability. You should use `htmlentities()` when showing data to users.,ERROR,php.lang.security.injection.echoed-request.echoed-request
../../CrossVul/CWE-79/php/good_1293_0,283,3,"Found direct access to a PHP variable wihout HTML escaping inside an inline PHP statement setting data from `$_REQUEST[...]`. When untrusted input can be used to tamper with a web page rendering, it can lead to a Cross-site scripting (XSS) vulnerability. XSS vulnerabilities occur when untrusted input executes malicious JavaScript code, leading to issues such as account compromise and sensitive information leakage. To prevent this vulnerability, validate the user input, perform contextual output encoding or sanitize the input. In PHP you can encode or sanitize user input with `htmlspecialchars` or use automatic context-aware escaping with a template engine such as Latte.",WARNING,php.lang.security.taint-unsafe-echo-tag.taint-unsafe-echo-tag
../../CrossVul/CWE-79/php/good_1293_0,285,2,`Echo`ing user input risks cross-site scripting vulnerability. You should use `htmlentities()` when showing data to users.,ERROR,php.lang.security.injection.echoed-request.echoed-request
../../CrossVul/CWE-79/php/good_1293_0,285,2,"Found direct access to a PHP variable wihout HTML escaping inside an inline PHP statement setting data from `$_REQUEST[...]`. When untrusted input can be used to tamper with a web page rendering, it can lead to a Cross-site scripting (XSS) vulnerability. XSS vulnerabilities occur when untrusted input executes malicious JavaScript code, leading to issues such as account compromise and sensitive information leakage. To prevent this vulnerability, validate the user input, perform contextual output encoding or sanitize the input. In PHP you can encode or sanitize user input with `htmlspecialchars` or use automatic context-aware escaping with a template engine such as Latte.",WARNING,php.lang.security.taint-unsafe-echo-tag.taint-unsafe-echo-tag
../../CrossVul/CWE-79/php/good_1293_0,294,3,`Echo`ing user input risks cross-site scripting vulnerability. You should use `htmlentities()` when showing data to users.,ERROR,php.lang.security.injection.echoed-request.echoed-request
../../CrossVul/CWE-79/php/good_1293_0,294,3,"Found direct access to a PHP variable wihout HTML escaping inside an inline PHP statement setting data from `$_REQUEST[...]`. When untrusted input can be used to tamper with a web page rendering, it can lead to a Cross-site scripting (XSS) vulnerability. XSS vulnerabilities occur when untrusted input executes malicious JavaScript code, leading to issues such as account compromise and sensitive information leakage. To prevent this vulnerability, validate the user input, perform contextual output encoding or sanitize the input. In PHP you can encode or sanitize user input with `htmlspecialchars` or use automatic context-aware escaping with a template engine such as Latte.",WARNING,php.lang.security.taint-unsafe-echo-tag.taint-unsafe-echo-tag
../../CrossVul/CWE-79/php/good_1293_0,311,2,`Echo`ing user input risks cross-site scripting vulnerability. You should use `htmlentities()` when showing data to users.,ERROR,php.lang.security.injection.echoed-request.echoed-request
../../CrossVul/CWE-79/php/good_1293_0,311,2,"Found direct access to a PHP variable wihout HTML escaping inside an inline PHP statement setting data from `$_REQUEST[...]`. When untrusted input can be used to tamper with a web page rendering, it can lead to a Cross-site scripting (XSS) vulnerability. XSS vulnerabilities occur when untrusted input executes malicious JavaScript code, leading to issues such as account compromise and sensitive information leakage. To prevent this vulnerability, validate the user input, perform contextual output encoding or sanitize the input. In PHP you can encode or sanitize user input with `htmlspecialchars` or use automatic context-aware escaping with a template engine such as Latte.",WARNING,php.lang.security.taint-unsafe-echo-tag.taint-unsafe-echo-tag
../../CrossVul/CWE-79/php/good_1293_0,313,2,`Echo`ing user input risks cross-site scripting vulnerability. You should use `htmlentities()` when showing data to users.,ERROR,php.lang.security.injection.echoed-request.echoed-request
../../CrossVul/CWE-79/php/good_1293_0,313,2,"Found direct access to a PHP variable wihout HTML escaping inside an inline PHP statement setting data from `$_REQUEST[...]`. When untrusted input can be used to tamper with a web page rendering, it can lead to a Cross-site scripting (XSS) vulnerability. XSS vulnerabilities occur when untrusted input executes malicious JavaScript code, leading to issues such as account compromise and sensitive information leakage. To prevent this vulnerability, validate the user input, perform contextual output encoding or sanitize the input. In PHP you can encode or sanitize user input with `htmlspecialchars` or use automatic context-aware escaping with a template engine such as Latte.",WARNING,php.lang.security.taint-unsafe-echo-tag.taint-unsafe-echo-tag
../../CrossVul/CWE-79/php/good_1293_0,314,2,`Echo`ing user input risks cross-site scripting vulnerability. You should use `htmlentities()` when showing data to users.,ERROR,php.lang.security.injection.echoed-request.echoed-request
../../CrossVul/CWE-79/php/good_1293_0,314,2,"Found direct access to a PHP variable wihout HTML escaping inside an inline PHP statement setting data from `$_REQUEST[...]`. When untrusted input can be used to tamper with a web page rendering, it can lead to a Cross-site scripting (XSS) vulnerability. XSS vulnerabilities occur when untrusted input executes malicious JavaScript code, leading to issues such as account compromise and sensitive information leakage. To prevent this vulnerability, validate the user input, perform contextual output encoding or sanitize the input. In PHP you can encode or sanitize user input with `htmlspecialchars` or use automatic context-aware escaping with a template engine such as Latte.",WARNING,php.lang.security.taint-unsafe-echo-tag.taint-unsafe-echo-tag
../../CrossVul/CWE-79/php/good_1293_0,315,2,`Echo`ing user input risks cross-site scripting vulnerability. You should use `htmlentities()` when showing data to users.,ERROR,php.lang.security.injection.echoed-request.echoed-request
../../CrossVul/CWE-79/php/good_1293_0,315,2,"Found direct access to a PHP variable wihout HTML escaping inside an inline PHP statement setting data from `$_REQUEST[...]`. When untrusted input can be used to tamper with a web page rendering, it can lead to a Cross-site scripting (XSS) vulnerability. XSS vulnerabilities occur when untrusted input executes malicious JavaScript code, leading to issues such as account compromise and sensitive information leakage. To prevent this vulnerability, validate the user input, perform contextual output encoding or sanitize the input. In PHP you can encode or sanitize user input with `htmlspecialchars` or use automatic context-aware escaping with a template engine such as Latte.",WARNING,php.lang.security.taint-unsafe-echo-tag.taint-unsafe-echo-tag
../../CrossVul/CWE-79/php/good_1293_0,327,3,`Echo`ing user input risks cross-site scripting vulnerability. You should use `htmlentities()` when showing data to users.,ERROR,php.lang.security.injection.echoed-request.echoed-request
../../CrossVul/CWE-79/php/good_1293_0,327,3,"Found direct access to a PHP variable wihout HTML escaping inside an inline PHP statement setting data from `$_REQUEST[...]`. When untrusted input can be used to tamper with a web page rendering, it can lead to a Cross-site scripting (XSS) vulnerability. XSS vulnerabilities occur when untrusted input executes malicious JavaScript code, leading to issues such as account compromise and sensitive information leakage. To prevent this vulnerability, validate the user input, perform contextual output encoding or sanitize the input. In PHP you can encode or sanitize user input with `htmlspecialchars` or use automatic context-aware escaping with a template engine such as Latte.",WARNING,php.lang.security.taint-unsafe-echo-tag.taint-unsafe-echo-tag
../../CrossVul/CWE-79/php/good_1293_0,335,2,`Echo`ing user input risks cross-site scripting vulnerability. You should use `htmlentities()` when showing data to users.,ERROR,php.lang.security.injection.echoed-request.echoed-request
../../CrossVul/CWE-79/php/good_1293_0,335,2,"Found direct access to a PHP variable wihout HTML escaping inside an inline PHP statement setting data from `$_REQUEST[...]`. When untrusted input can be used to tamper with a web page rendering, it can lead to a Cross-site scripting (XSS) vulnerability. XSS vulnerabilities occur when untrusted input executes malicious JavaScript code, leading to issues such as account compromise and sensitive information leakage. To prevent this vulnerability, validate the user input, perform contextual output encoding or sanitize the input. In PHP you can encode or sanitize user input with `htmlspecialchars` or use automatic context-aware escaping with a template engine such as Latte.",WARNING,php.lang.security.taint-unsafe-echo-tag.taint-unsafe-echo-tag
../../CrossVul/CWE-79/php/good_1293_0,336,2,`Echo`ing user input risks cross-site scripting vulnerability. You should use `htmlentities()` when showing data to users.,ERROR,php.lang.security.injection.echoed-request.echoed-request
../../CrossVul/CWE-79/php/good_1293_0,336,2,"Found direct access to a PHP variable wihout HTML escaping inside an inline PHP statement setting data from `$_REQUEST[...]`. When untrusted input can be used to tamper with a web page rendering, it can lead to a Cross-site scripting (XSS) vulnerability. XSS vulnerabilities occur when untrusted input executes malicious JavaScript code, leading to issues such as account compromise and sensitive information leakage. To prevent this vulnerability, validate the user input, perform contextual output encoding or sanitize the input. In PHP you can encode or sanitize user input with `htmlspecialchars` or use automatic context-aware escaping with a template engine such as Latte.",WARNING,php.lang.security.taint-unsafe-echo-tag.taint-unsafe-echo-tag
../../CrossVul/CWE-79/php/good_1293_0,338,3,`Echo`ing user input risks cross-site scripting vulnerability. You should use `htmlentities()` when showing data to users.,ERROR,php.lang.security.injection.echoed-request.echoed-request
../../CrossVul/CWE-79/php/good_1293_0,338,3,"Found direct access to a PHP variable wihout HTML escaping inside an inline PHP statement setting data from `$_REQUEST[...]`. When untrusted input can be used to tamper with a web page rendering, it can lead to a Cross-site scripting (XSS) vulnerability. XSS vulnerabilities occur when untrusted input executes malicious JavaScript code, leading to issues such as account compromise and sensitive information leakage. To prevent this vulnerability, validate the user input, perform contextual output encoding or sanitize the input. In PHP you can encode or sanitize user input with `htmlspecialchars` or use automatic context-aware escaping with a template engine such as Latte.",WARNING,php.lang.security.taint-unsafe-echo-tag.taint-unsafe-echo-tag
../../CrossVul/CWE-79/php/good_1293_0,340,2,`Echo`ing user input risks cross-site scripting vulnerability. You should use `htmlentities()` when showing data to users.,ERROR,php.lang.security.injection.echoed-request.echoed-request
../../CrossVul/CWE-79/php/good_1293_0,340,2,"Found direct access to a PHP variable wihout HTML escaping inside an inline PHP statement setting data from `$_REQUEST[...]`. When untrusted input can be used to tamper with a web page rendering, it can lead to a Cross-site scripting (XSS) vulnerability. XSS vulnerabilities occur when untrusted input executes malicious JavaScript code, leading to issues such as account compromise and sensitive information leakage. To prevent this vulnerability, validate the user input, perform contextual output encoding or sanitize the input. In PHP you can encode or sanitize user input with `htmlspecialchars` or use automatic context-aware escaping with a template engine such as Latte.",WARNING,php.lang.security.taint-unsafe-echo-tag.taint-unsafe-echo-tag
../../CrossVul/CWE-79/php/good_1293_0,341,2,`Echo`ing user input risks cross-site scripting vulnerability. You should use `htmlentities()` when showing data to users.,ERROR,php.lang.security.injection.echoed-request.echoed-request
../../CrossVul/CWE-79/php/good_1293_0,341,2,"Found direct access to a PHP variable wihout HTML escaping inside an inline PHP statement setting data from `$_REQUEST[...]`. When untrusted input can be used to tamper with a web page rendering, it can lead to a Cross-site scripting (XSS) vulnerability. XSS vulnerabilities occur when untrusted input executes malicious JavaScript code, leading to issues such as account compromise and sensitive information leakage. To prevent this vulnerability, validate the user input, perform contextual output encoding or sanitize the input. In PHP you can encode or sanitize user input with `htmlspecialchars` or use automatic context-aware escaping with a template engine such as Latte.",WARNING,php.lang.security.taint-unsafe-echo-tag.taint-unsafe-echo-tag
../../CrossVul/CWE-79/php/good_1293_0,342,2,`Echo`ing user input risks cross-site scripting vulnerability. You should use `htmlentities()` when showing data to users.,ERROR,php.lang.security.injection.echoed-request.echoed-request
../../CrossVul/CWE-79/php/good_1293_0,342,2,"Found direct access to a PHP variable wihout HTML escaping inside an inline PHP statement setting data from `$_REQUEST[...]`. When untrusted input can be used to tamper with a web page rendering, it can lead to a Cross-site scripting (XSS) vulnerability. XSS vulnerabilities occur when untrusted input executes malicious JavaScript code, leading to issues such as account compromise and sensitive information leakage. To prevent this vulnerability, validate the user input, perform contextual output encoding or sanitize the input. In PHP you can encode or sanitize user input with `htmlspecialchars` or use automatic context-aware escaping with a template engine such as Latte.",WARNING,php.lang.security.taint-unsafe-echo-tag.taint-unsafe-echo-tag
../../CrossVul/CWE-79/php/good_1293_0,386,4,`Echo`ing user input risks cross-site scripting vulnerability. You should use `htmlentities()` when showing data to users.,ERROR,php.lang.security.injection.echoed-request.echoed-request
../../CrossVul/CWE-79/php/good_1293_0,386,4,"Found direct access to a PHP variable wihout HTML escaping inside an inline PHP statement setting data from `$_REQUEST[...]`. When untrusted input can be used to tamper with a web page rendering, it can lead to a Cross-site scripting (XSS) vulnerability. XSS vulnerabilities occur when untrusted input executes malicious JavaScript code, leading to issues such as account compromise and sensitive information leakage. To prevent this vulnerability, validate the user input, perform contextual output encoding or sanitize the input. In PHP you can encode or sanitize user input with `htmlspecialchars` or use automatic context-aware escaping with a template engine such as Latte.",WARNING,php.lang.security.taint-unsafe-echo-tag.taint-unsafe-echo-tag
../../CrossVul/CWE-79/php/good_1293_0,396,5,`Echo`ing user input risks cross-site scripting vulnerability. You should use `htmlentities()` when showing data to users.,ERROR,php.lang.security.injection.echoed-request.echoed-request
../../CrossVul/CWE-79/php/good_1293_0,396,5,"Found direct access to a PHP variable wihout HTML escaping inside an inline PHP statement setting data from `$_REQUEST[...]`. When untrusted input can be used to tamper with a web page rendering, it can lead to a Cross-site scripting (XSS) vulnerability. XSS vulnerabilities occur when untrusted input executes malicious JavaScript code, leading to issues such as account compromise and sensitive information leakage. To prevent this vulnerability, validate the user input, perform contextual output encoding or sanitize the input. In PHP you can encode or sanitize user input with `htmlspecialchars` or use automatic context-aware escaping with a template engine such as Latte.",WARNING,php.lang.security.taint-unsafe-echo-tag.taint-unsafe-echo-tag
../../CrossVul/CWE-79/php/good_1293_0,406,5,`Echo`ing user input risks cross-site scripting vulnerability. You should use `htmlentities()` when showing data to users.,ERROR,php.lang.security.injection.echoed-request.echoed-request
../../CrossVul/CWE-79/php/good_1293_0,406,5,"Found direct access to a PHP variable wihout HTML escaping inside an inline PHP statement setting data from `$_REQUEST[...]`. When untrusted input can be used to tamper with a web page rendering, it can lead to a Cross-site scripting (XSS) vulnerability. XSS vulnerabilities occur when untrusted input executes malicious JavaScript code, leading to issues such as account compromise and sensitive information leakage. To prevent this vulnerability, validate the user input, perform contextual output encoding or sanitize the input. In PHP you can encode or sanitize user input with `htmlspecialchars` or use automatic context-aware escaping with a template engine such as Latte.",WARNING,php.lang.security.taint-unsafe-echo-tag.taint-unsafe-echo-tag
../../CrossVul/CWE-79/php/good_1293_0,410,5,`Echo`ing user input risks cross-site scripting vulnerability. You should use `htmlentities()` when showing data to users.,ERROR,php.lang.security.injection.echoed-request.echoed-request
../../CrossVul/CWE-79/php/good_1293_0,410,5,"Found direct access to a PHP variable wihout HTML escaping inside an inline PHP statement setting data from `$_REQUEST[...]`. When untrusted input can be used to tamper with a web page rendering, it can lead to a Cross-site scripting (XSS) vulnerability. XSS vulnerabilities occur when untrusted input executes malicious JavaScript code, leading to issues such as account compromise and sensitive information leakage. To prevent this vulnerability, validate the user input, perform contextual output encoding or sanitize the input. In PHP you can encode or sanitize user input with `htmlspecialchars` or use automatic context-aware escaping with a template engine such as Latte.",WARNING,php.lang.security.taint-unsafe-echo-tag.taint-unsafe-echo-tag
../../CrossVul/CWE-79/php/good_1293_0,413,5,`Echo`ing user input risks cross-site scripting vulnerability. You should use `htmlentities()` when showing data to users.,ERROR,php.lang.security.injection.echoed-request.echoed-request
../../CrossVul/CWE-79/php/good_1293_0,413,5,"Found direct access to a PHP variable wihout HTML escaping inside an inline PHP statement setting data from `$_REQUEST[...]`. When untrusted input can be used to tamper with a web page rendering, it can lead to a Cross-site scripting (XSS) vulnerability. XSS vulnerabilities occur when untrusted input executes malicious JavaScript code, leading to issues such as account compromise and sensitive information leakage. To prevent this vulnerability, validate the user input, perform contextual output encoding or sanitize the input. In PHP you can encode or sanitize user input with `htmlspecialchars` or use automatic context-aware escaping with a template engine such as Latte.",WARNING,php.lang.security.taint-unsafe-echo-tag.taint-unsafe-echo-tag
../../CrossVul/CWE-79/php/good_1293_0,416,4,`Echo`ing user input risks cross-site scripting vulnerability. You should use `htmlentities()` when showing data to users.,ERROR,php.lang.security.injection.echoed-request.echoed-request
../../CrossVul/CWE-79/php/good_1293_0,416,4,"Found direct access to a PHP variable wihout HTML escaping inside an inline PHP statement setting data from `$_REQUEST[...]`. When untrusted input can be used to tamper with a web page rendering, it can lead to a Cross-site scripting (XSS) vulnerability. XSS vulnerabilities occur when untrusted input executes malicious JavaScript code, leading to issues such as account compromise and sensitive information leakage. To prevent this vulnerability, validate the user input, perform contextual output encoding or sanitize the input. In PHP you can encode or sanitize user input with `htmlspecialchars` or use automatic context-aware escaping with a template engine such as Latte.",WARNING,php.lang.security.taint-unsafe-echo-tag.taint-unsafe-echo-tag
../../CrossVul/CWE-79/php/good_1293_0,418,5,`Echo`ing user input risks cross-site scripting vulnerability. You should use `htmlentities()` when showing data to users.,ERROR,php.lang.security.injection.echoed-request.echoed-request
../../CrossVul/CWE-79/php/good_1293_0,418,5,"Found direct access to a PHP variable wihout HTML escaping inside an inline PHP statement setting data from `$_REQUEST[...]`. When untrusted input can be used to tamper with a web page rendering, it can lead to a Cross-site scripting (XSS) vulnerability. XSS vulnerabilities occur when untrusted input executes malicious JavaScript code, leading to issues such as account compromise and sensitive information leakage. To prevent this vulnerability, validate the user input, perform contextual output encoding or sanitize the input. In PHP you can encode or sanitize user input with `htmlspecialchars` or use automatic context-aware escaping with a template engine such as Latte.",WARNING,php.lang.security.taint-unsafe-echo-tag.taint-unsafe-echo-tag
../../CrossVul/CWE-79/php/good_1293_0,420,4,`Echo`ing user input risks cross-site scripting vulnerability. You should use `htmlentities()` when showing data to users.,ERROR,php.lang.security.injection.echoed-request.echoed-request
../../CrossVul/CWE-79/php/good_1293_0,420,4,"Found direct access to a PHP variable wihout HTML escaping inside an inline PHP statement setting data from `$_REQUEST[...]`. When untrusted input can be used to tamper with a web page rendering, it can lead to a Cross-site scripting (XSS) vulnerability. XSS vulnerabilities occur when untrusted input executes malicious JavaScript code, leading to issues such as account compromise and sensitive information leakage. To prevent this vulnerability, validate the user input, perform contextual output encoding or sanitize the input. In PHP you can encode or sanitize user input with `htmlspecialchars` or use automatic context-aware escaping with a template engine such as Latte.",WARNING,php.lang.security.taint-unsafe-echo-tag.taint-unsafe-echo-tag
../../CrossVul/CWE-79/php/good_1293_0,429,5,`Echo`ing user input risks cross-site scripting vulnerability. You should use `htmlentities()` when showing data to users.,ERROR,php.lang.security.injection.echoed-request.echoed-request
../../CrossVul/CWE-79/php/good_1293_0,429,5,"Found direct access to a PHP variable wihout HTML escaping inside an inline PHP statement setting data from `$_REQUEST[...]`. When untrusted input can be used to tamper with a web page rendering, it can lead to a Cross-site scripting (XSS) vulnerability. XSS vulnerabilities occur when untrusted input executes malicious JavaScript code, leading to issues such as account compromise and sensitive information leakage. To prevent this vulnerability, validate the user input, perform contextual output encoding or sanitize the input. In PHP you can encode or sanitize user input with `htmlspecialchars` or use automatic context-aware escaping with a template engine such as Latte.",WARNING,php.lang.security.taint-unsafe-echo-tag.taint-unsafe-echo-tag
../../CrossVul/CWE-79/php/good_1293_0,433,5,`Echo`ing user input risks cross-site scripting vulnerability. You should use `htmlentities()` when showing data to users.,ERROR,php.lang.security.injection.echoed-request.echoed-request
../../CrossVul/CWE-79/php/good_1293_0,433,5,"Found direct access to a PHP variable wihout HTML escaping inside an inline PHP statement setting data from `$_REQUEST[...]`. When untrusted input can be used to tamper with a web page rendering, it can lead to a Cross-site scripting (XSS) vulnerability. XSS vulnerabilities occur when untrusted input executes malicious JavaScript code, leading to issues such as account compromise and sensitive information leakage. To prevent this vulnerability, validate the user input, perform contextual output encoding or sanitize the input. In PHP you can encode or sanitize user input with `htmlspecialchars` or use automatic context-aware escaping with a template engine such as Latte.",WARNING,php.lang.security.taint-unsafe-echo-tag.taint-unsafe-echo-tag
../../CrossVul/CWE-79/php/good_1293_0,436,4,`Echo`ing user input risks cross-site scripting vulnerability. You should use `htmlentities()` when showing data to users.,ERROR,php.lang.security.injection.echoed-request.echoed-request
../../CrossVul/CWE-79/php/good_1293_0,436,4,"Found direct access to a PHP variable wihout HTML escaping inside an inline PHP statement setting data from `$_REQUEST[...]`. When untrusted input can be used to tamper with a web page rendering, it can lead to a Cross-site scripting (XSS) vulnerability. XSS vulnerabilities occur when untrusted input executes malicious JavaScript code, leading to issues such as account compromise and sensitive information leakage. To prevent this vulnerability, validate the user input, perform contextual output encoding or sanitize the input. In PHP you can encode or sanitize user input with `htmlspecialchars` or use automatic context-aware escaping with a template engine such as Latte.",WARNING,php.lang.security.taint-unsafe-echo-tag.taint-unsafe-echo-tag
../../CrossVul/CWE-79/php/good_1293_0,445,5,`Echo`ing user input risks cross-site scripting vulnerability. You should use `htmlentities()` when showing data to users.,ERROR,php.lang.security.injection.echoed-request.echoed-request
../../CrossVul/CWE-79/php/good_1293_0,445,5,"Found direct access to a PHP variable wihout HTML escaping inside an inline PHP statement setting data from `$_REQUEST[...]`. When untrusted input can be used to tamper with a web page rendering, it can lead to a Cross-site scripting (XSS) vulnerability. XSS vulnerabilities occur when untrusted input executes malicious JavaScript code, leading to issues such as account compromise and sensitive information leakage. To prevent this vulnerability, validate the user input, perform contextual output encoding or sanitize the input. In PHP you can encode or sanitize user input with `htmlspecialchars` or use automatic context-aware escaping with a template engine such as Latte.",WARNING,php.lang.security.taint-unsafe-echo-tag.taint-unsafe-echo-tag
../../CrossVul/CWE-79/php/good_1293_0,456,2,`Echo`ing user input risks cross-site scripting vulnerability. You should use `htmlentities()` when showing data to users.,ERROR,php.lang.security.injection.echoed-request.echoed-request
../../CrossVul/CWE-79/php/good_1293_0,456,2,"Found direct access to a PHP variable wihout HTML escaping inside an inline PHP statement setting data from `$_REQUEST[...]`. When untrusted input can be used to tamper with a web page rendering, it can lead to a Cross-site scripting (XSS) vulnerability. XSS vulnerabilities occur when untrusted input executes malicious JavaScript code, leading to issues such as account compromise and sensitive information leakage. To prevent this vulnerability, validate the user input, perform contextual output encoding or sanitize the input. In PHP you can encode or sanitize user input with `htmlspecialchars` or use automatic context-aware escaping with a template engine such as Latte.",WARNING,php.lang.security.taint-unsafe-echo-tag.taint-unsafe-echo-tag
../../CrossVul/CWE-79/php/good_1294_0,138,2,`Echo`ing user input risks cross-site scripting vulnerability. You should use `htmlentities()` when showing data to users.,ERROR,php.lang.security.injection.echoed-request.echoed-request
../../CrossVul/CWE-79/php/good_1294_0,138,2,"Found direct access to a PHP variable wihout HTML escaping inside an inline PHP statement setting data from `$_REQUEST[...]`. When untrusted input can be used to tamper with a web page rendering, it can lead to a Cross-site scripting (XSS) vulnerability. XSS vulnerabilities occur when untrusted input executes malicious JavaScript code, leading to issues such as account compromise and sensitive information leakage. To prevent this vulnerability, validate the user input, perform contextual output encoding or sanitize the input. In PHP you can encode or sanitize user input with `htmlspecialchars` or use automatic context-aware escaping with a template engine such as Latte.",WARNING,php.lang.security.taint-unsafe-echo-tag.taint-unsafe-echo-tag
../../CrossVul/CWE-79/php/good_1294_0,153,2,`Echo`ing user input risks cross-site scripting vulnerability. You should use `htmlentities()` when showing data to users.,ERROR,php.lang.security.injection.echoed-request.echoed-request
../../CrossVul/CWE-79/php/good_1294_0,153,2,"Found direct access to a PHP variable wihout HTML escaping inside an inline PHP statement setting data from `$_REQUEST[...]`. When untrusted input can be used to tamper with a web page rendering, it can lead to a Cross-site scripting (XSS) vulnerability. XSS vulnerabilities occur when untrusted input executes malicious JavaScript code, leading to issues such as account compromise and sensitive information leakage. To prevent this vulnerability, validate the user input, perform contextual output encoding or sanitize the input. In PHP you can encode or sanitize user input with `htmlspecialchars` or use automatic context-aware escaping with a template engine such as Latte.",WARNING,php.lang.security.taint-unsafe-echo-tag.taint-unsafe-echo-tag
../../CrossVul/CWE-79/php/good_1294_0,164,2,`Echo`ing user input risks cross-site scripting vulnerability. You should use `htmlentities()` when showing data to users.,ERROR,php.lang.security.injection.echoed-request.echoed-request
../../CrossVul/CWE-79/php/good_1294_0,164,2,"Found direct access to a PHP variable wihout HTML escaping inside an inline PHP statement setting data from `$_REQUEST[...]`. When untrusted input can be used to tamper with a web page rendering, it can lead to a Cross-site scripting (XSS) vulnerability. XSS vulnerabilities occur when untrusted input executes malicious JavaScript code, leading to issues such as account compromise and sensitive information leakage. To prevent this vulnerability, validate the user input, perform contextual output encoding or sanitize the input. In PHP you can encode or sanitize user input with `htmlspecialchars` or use automatic context-aware escaping with a template engine such as Latte.",WARNING,php.lang.security.taint-unsafe-echo-tag.taint-unsafe-echo-tag
../../CrossVul/CWE-79/php/good_1294_0,171,2,`Echo`ing user input risks cross-site scripting vulnerability. You should use `htmlentities()` when showing data to users.,ERROR,php.lang.security.injection.echoed-request.echoed-request
../../CrossVul/CWE-79/php/good_1294_0,171,2,"Found direct access to a PHP variable wihout HTML escaping inside an inline PHP statement setting data from `$_REQUEST[...]`. When untrusted input can be used to tamper with a web page rendering, it can lead to a Cross-site scripting (XSS) vulnerability. XSS vulnerabilities occur when untrusted input executes malicious JavaScript code, leading to issues such as account compromise and sensitive information leakage. To prevent this vulnerability, validate the user input, perform contextual output encoding or sanitize the input. In PHP you can encode or sanitize user input with `htmlspecialchars` or use automatic context-aware escaping with a template engine such as Latte.",WARNING,php.lang.security.taint-unsafe-echo-tag.taint-unsafe-echo-tag
../../CrossVul/CWE-79/php/good_1294_0,172,2,`Echo`ing user input risks cross-site scripting vulnerability. You should use `htmlentities()` when showing data to users.,ERROR,php.lang.security.injection.echoed-request.echoed-request
../../CrossVul/CWE-79/php/good_1294_0,172,2,"Found direct access to a PHP variable wihout HTML escaping inside an inline PHP statement setting data from `$_REQUEST[...]`. When untrusted input can be used to tamper with a web page rendering, it can lead to a Cross-site scripting (XSS) vulnerability. XSS vulnerabilities occur when untrusted input executes malicious JavaScript code, leading to issues such as account compromise and sensitive information leakage. To prevent this vulnerability, validate the user input, perform contextual output encoding or sanitize the input. In PHP you can encode or sanitize user input with `htmlspecialchars` or use automatic context-aware escaping with a template engine such as Latte.",WARNING,php.lang.security.taint-unsafe-echo-tag.taint-unsafe-echo-tag
../../CrossVul/CWE-79/php/good_1295_0,102,46,`Echo`ing user input risks cross-site scripting vulnerability. You should use `htmlentities()` when showing data to users.,ERROR,php.lang.security.injection.echoed-request.echoed-request
../../CrossVul/CWE-79/php/good_1295_0,102,46,"Found direct access to a PHP variable wihout HTML escaping inside an inline PHP statement setting data from `$_REQUEST[...]`. When untrusted input can be used to tamper with a web page rendering, it can lead to a Cross-site scripting (XSS) vulnerability. XSS vulnerabilities occur when untrusted input executes malicious JavaScript code, leading to issues such as account compromise and sensitive information leakage. To prevent this vulnerability, validate the user input, perform contextual output encoding or sanitize the input. In PHP you can encode or sanitize user input with `htmlspecialchars` or use automatic context-aware escaping with a template engine such as Latte.",WARNING,php.lang.security.taint-unsafe-echo-tag.taint-unsafe-echo-tag
../../CrossVul/CWE-79/php/good_1296_0,232,2,`Echo`ing user input risks cross-site scripting vulnerability. You should use `htmlentities()` when showing data to users.,ERROR,php.lang.security.injection.echoed-request.echoed-request
../../CrossVul/CWE-79/php/good_1296_0,232,2,"Found direct access to a PHP variable wihout HTML escaping inside an inline PHP statement setting data from `$_REQUEST[...]`. When untrusted input can be used to tamper with a web page rendering, it can lead to a Cross-site scripting (XSS) vulnerability. XSS vulnerabilities occur when untrusted input executes malicious JavaScript code, leading to issues such as account compromise and sensitive information leakage. To prevent this vulnerability, validate the user input, perform contextual output encoding or sanitize the input. In PHP you can encode or sanitize user input with `htmlspecialchars` or use automatic context-aware escaping with a template engine such as Latte.",WARNING,php.lang.security.taint-unsafe-echo-tag.taint-unsafe-echo-tag
../../CrossVul/CWE-79/php/good_1296_0,486,2,`Echo`ing user input risks cross-site scripting vulnerability. You should use `htmlentities()` when showing data to users.,ERROR,php.lang.security.injection.echoed-request.echoed-request
../../CrossVul/CWE-79/php/good_1296_0,486,2,"Found direct access to a PHP variable wihout HTML escaping inside an inline PHP statement setting data from `$_REQUEST[...]`. When untrusted input can be used to tamper with a web page rendering, it can lead to a Cross-site scripting (XSS) vulnerability. XSS vulnerabilities occur when untrusted input executes malicious JavaScript code, leading to issues such as account compromise and sensitive information leakage. To prevent this vulnerability, validate the user input, perform contextual output encoding or sanitize the input. In PHP you can encode or sanitize user input with `htmlspecialchars` or use automatic context-aware escaping with a template engine such as Latte.",WARNING,php.lang.security.taint-unsafe-echo-tag.taint-unsafe-echo-tag
../../CrossVul/CWE-79/php/good_1296_0,487,2,`Echo`ing user input risks cross-site scripting vulnerability. You should use `htmlentities()` when showing data to users.,ERROR,php.lang.security.injection.echoed-request.echoed-request
../../CrossVul/CWE-79/php/good_1296_0,487,2,"Found direct access to a PHP variable wihout HTML escaping inside an inline PHP statement setting data from `$_REQUEST[...]`. When untrusted input can be used to tamper with a web page rendering, it can lead to a Cross-site scripting (XSS) vulnerability. XSS vulnerabilities occur when untrusted input executes malicious JavaScript code, leading to issues such as account compromise and sensitive information leakage. To prevent this vulnerability, validate the user input, perform contextual output encoding or sanitize the input. In PHP you can encode or sanitize user input with `htmlspecialchars` or use automatic context-aware escaping with a template engine such as Latte.",WARNING,php.lang.security.taint-unsafe-echo-tag.taint-unsafe-echo-tag
../../CrossVul/CWE-79/php/good_1296_0,489,3,`Echo`ing user input risks cross-site scripting vulnerability. You should use `htmlentities()` when showing data to users.,ERROR,php.lang.security.injection.echoed-request.echoed-request
../../CrossVul/CWE-79/php/good_1296_0,489,3,"Found direct access to a PHP variable wihout HTML escaping inside an inline PHP statement setting data from `$_REQUEST[...]`. When untrusted input can be used to tamper with a web page rendering, it can lead to a Cross-site scripting (XSS) vulnerability. XSS vulnerabilities occur when untrusted input executes malicious JavaScript code, leading to issues such as account compromise and sensitive information leakage. To prevent this vulnerability, validate the user input, perform contextual output encoding or sanitize the input. In PHP you can encode or sanitize user input with `htmlspecialchars` or use automatic context-aware escaping with a template engine such as Latte.",WARNING,php.lang.security.taint-unsafe-echo-tag.taint-unsafe-echo-tag
../../CrossVul/CWE-79/php/good_137_0,21,41,File name based on user input risks server-side request forgery.,WARNING,php.lang.security.injection.tainted-filename.tainted-filename
../../CrossVul/CWE-79/php/good_137_0,78,85,`Echo`ing user input risks cross-site scripting vulnerability. You should use `htmlentities()` when showing data to users.,ERROR,php.lang.security.injection.echoed-request.echoed-request
../../CrossVul/CWE-79/php/good_137_0,78,85,"Found direct access to a PHP variable wihout HTML escaping inside an inline PHP statement setting data from `$_REQUEST[...]`. When untrusted input can be used to tamper with a web page rendering, it can lead to a Cross-site scripting (XSS) vulnerability. XSS vulnerabilities occur when untrusted input executes malicious JavaScript code, leading to issues such as account compromise and sensitive information leakage. To prevent this vulnerability, validate the user input, perform contextual output encoding or sanitize the input. In PHP you can encode or sanitize user input with `htmlspecialchars` or use automatic context-aware escaping with a template engine such as Latte.",WARNING,php.lang.security.taint-unsafe-echo-tag.taint-unsafe-echo-tag
../../CrossVul/CWE-79/php/good_137_0,82,112,`Echo`ing user input risks cross-site scripting vulnerability. You should use `htmlentities()` when showing data to users.,ERROR,php.lang.security.injection.echoed-request.echoed-request
../../CrossVul/CWE-79/php/good_137_0,82,112,"Found direct access to a PHP variable wihout HTML escaping inside an inline PHP statement setting data from `$_REQUEST[...]`. When untrusted input can be used to tamper with a web page rendering, it can lead to a Cross-site scripting (XSS) vulnerability. XSS vulnerabilities occur when untrusted input executes malicious JavaScript code, leading to issues such as account compromise and sensitive information leakage. To prevent this vulnerability, validate the user input, perform contextual output encoding or sanitize the input. In PHP you can encode or sanitize user input with `htmlspecialchars` or use automatic context-aware escaping with a template engine such as Latte.",WARNING,php.lang.security.taint-unsafe-echo-tag.taint-unsafe-echo-tag
../../CrossVul/CWE-79/php/good_137_0,82,132,`Echo`ing user input risks cross-site scripting vulnerability. You should use `htmlentities()` when showing data to users.,ERROR,php.lang.security.injection.echoed-request.echoed-request
../../CrossVul/CWE-79/php/good_137_0,82,132,"Found direct access to a PHP variable wihout HTML escaping inside an inline PHP statement setting data from `$_REQUEST[...]`. When untrusted input can be used to tamper with a web page rendering, it can lead to a Cross-site scripting (XSS) vulnerability. XSS vulnerabilities occur when untrusted input executes malicious JavaScript code, leading to issues such as account compromise and sensitive information leakage. To prevent this vulnerability, validate the user input, perform contextual output encoding or sanitize the input. In PHP you can encode or sanitize user input with `htmlspecialchars` or use automatic context-aware escaping with a template engine such as Latte.",WARNING,php.lang.security.taint-unsafe-echo-tag.taint-unsafe-echo-tag
../../CrossVul/CWE-79/php/good_1408_0,54,42,`Echo`ing user input risks cross-site scripting vulnerability. You should use `htmlentities()` when showing data to users.,ERROR,php.lang.security.injection.echoed-request.echoed-request
../../CrossVul/CWE-79/php/good_1408_0,54,42,"Found direct access to a PHP variable wihout HTML escaping inside an inline PHP statement setting data from `$_REQUEST[...]`. When untrusted input can be used to tamper with a web page rendering, it can lead to a Cross-site scripting (XSS) vulnerability. XSS vulnerabilities occur when untrusted input executes malicious JavaScript code, leading to issues such as account compromise and sensitive information leakage. To prevent this vulnerability, validate the user input, perform contextual output encoding or sanitize the input. In PHP you can encode or sanitize user input with `htmlspecialchars` or use automatic context-aware escaping with a template engine such as Latte.",WARNING,php.lang.security.taint-unsafe-echo-tag.taint-unsafe-echo-tag
../../CrossVul/CWE-79/php/good_1408_0,54,84,`Echo`ing user input risks cross-site scripting vulnerability. You should use `htmlentities()` when showing data to users.,ERROR,php.lang.security.injection.echoed-request.echoed-request
../../CrossVul/CWE-79/php/good_1408_0,54,84,"Found direct access to a PHP variable wihout HTML escaping inside an inline PHP statement setting data from `$_REQUEST[...]`. When untrusted input can be used to tamper with a web page rendering, it can lead to a Cross-site scripting (XSS) vulnerability. XSS vulnerabilities occur when untrusted input executes malicious JavaScript code, leading to issues such as account compromise and sensitive information leakage. To prevent this vulnerability, validate the user input, perform contextual output encoding or sanitize the input. In PHP you can encode or sanitize user input with `htmlspecialchars` or use automatic context-aware escaping with a template engine such as Latte.",WARNING,php.lang.security.taint-unsafe-echo-tag.taint-unsafe-echo-tag
../../CrossVul/CWE-79/php/good_1408_0,58,54,`Echo`ing user input risks cross-site scripting vulnerability. You should use `htmlentities()` when showing data to users.,ERROR,php.lang.security.injection.echoed-request.echoed-request
../../CrossVul/CWE-79/php/good_1408_0,58,54,"Found direct access to a PHP variable wihout HTML escaping inside an inline PHP statement setting data from `$_REQUEST[...]`. When untrusted input can be used to tamper with a web page rendering, it can lead to a Cross-site scripting (XSS) vulnerability. XSS vulnerabilities occur when untrusted input executes malicious JavaScript code, leading to issues such as account compromise and sensitive information leakage. To prevent this vulnerability, validate the user input, perform contextual output encoding or sanitize the input. In PHP you can encode or sanitize user input with `htmlspecialchars` or use automatic context-aware escaping with a template engine such as Latte.",WARNING,php.lang.security.taint-unsafe-echo-tag.taint-unsafe-echo-tag
../../CrossVul/CWE-79/php/good_1408_0,60,17,`Echo`ing user input risks cross-site scripting vulnerability. You should use `htmlentities()` when showing data to users.,ERROR,php.lang.security.injection.echoed-request.echoed-request
../../CrossVul/CWE-79/php/good_1408_0,60,17,"Found direct access to a PHP variable wihout HTML escaping inside an inline PHP statement setting data from `$_REQUEST[...]`. When untrusted input can be used to tamper with a web page rendering, it can lead to a Cross-site scripting (XSS) vulnerability. XSS vulnerabilities occur when untrusted input executes malicious JavaScript code, leading to issues such as account compromise and sensitive information leakage. To prevent this vulnerability, validate the user input, perform contextual output encoding or sanitize the input. In PHP you can encode or sanitize user input with `htmlspecialchars` or use automatic context-aware escaping with a template engine such as Latte.",WARNING,php.lang.security.taint-unsafe-echo-tag.taint-unsafe-echo-tag
../../CrossVul/CWE-79/php/good_1408_0,77,41,`Echo`ing user input risks cross-site scripting vulnerability. You should use `htmlentities()` when showing data to users.,ERROR,php.lang.security.injection.echoed-request.echoed-request
../../CrossVul/CWE-79/php/good_1408_0,77,41,"Found direct access to a PHP variable wihout HTML escaping inside an inline PHP statement setting data from `$_REQUEST[...]`. When untrusted input can be used to tamper with a web page rendering, it can lead to a Cross-site scripting (XSS) vulnerability. XSS vulnerabilities occur when untrusted input executes malicious JavaScript code, leading to issues such as account compromise and sensitive information leakage. To prevent this vulnerability, validate the user input, perform contextual output encoding or sanitize the input. In PHP you can encode or sanitize user input with `htmlspecialchars` or use automatic context-aware escaping with a template engine such as Latte.",WARNING,php.lang.security.taint-unsafe-echo-tag.taint-unsafe-echo-tag
../../CrossVul/CWE-79/php/good_1408_0,79,82,`Echo`ing user input risks cross-site scripting vulnerability. You should use `htmlentities()` when showing data to users.,ERROR,php.lang.security.injection.echoed-request.echoed-request
../../CrossVul/CWE-79/php/good_1408_0,79,82,"Found direct access to a PHP variable wihout HTML escaping inside an inline PHP statement setting data from `$_REQUEST[...]`. When untrusted input can be used to tamper with a web page rendering, it can lead to a Cross-site scripting (XSS) vulnerability. XSS vulnerabilities occur when untrusted input executes malicious JavaScript code, leading to issues such as account compromise and sensitive information leakage. To prevent this vulnerability, validate the user input, perform contextual output encoding or sanitize the input. In PHP you can encode or sanitize user input with `htmlspecialchars` or use automatic context-aware escaping with a template engine such as Latte.",WARNING,php.lang.security.taint-unsafe-echo-tag.taint-unsafe-echo-tag
../../CrossVul/CWE-79/php/good_1408_0,88,15,`Echo`ing user input risks cross-site scripting vulnerability. You should use `htmlentities()` when showing data to users.,ERROR,php.lang.security.injection.echoed-request.echoed-request
../../CrossVul/CWE-79/php/good_1408_0,88,15,"Found direct access to a PHP variable wihout HTML escaping inside an inline PHP statement setting data from `$_REQUEST[...]`. When untrusted input can be used to tamper with a web page rendering, it can lead to a Cross-site scripting (XSS) vulnerability. XSS vulnerabilities occur when untrusted input executes malicious JavaScript code, leading to issues such as account compromise and sensitive information leakage. To prevent this vulnerability, validate the user input, perform contextual output encoding or sanitize the input. In PHP you can encode or sanitize user input with `htmlspecialchars` or use automatic context-aware escaping with a template engine such as Latte.",WARNING,php.lang.security.taint-unsafe-echo-tag.taint-unsafe-echo-tag
../../CrossVul/CWE-79/php/good_1408_0,89,41,`Echo`ing user input risks cross-site scripting vulnerability. You should use `htmlentities()` when showing data to users.,ERROR,php.lang.security.injection.echoed-request.echoed-request
../../CrossVul/CWE-79/php/good_1408_0,89,41,"Found direct access to a PHP variable wihout HTML escaping inside an inline PHP statement setting data from `$_REQUEST[...]`. When untrusted input can be used to tamper with a web page rendering, it can lead to a Cross-site scripting (XSS) vulnerability. XSS vulnerabilities occur when untrusted input executes malicious JavaScript code, leading to issues such as account compromise and sensitive information leakage. To prevent this vulnerability, validate the user input, perform contextual output encoding or sanitize the input. In PHP you can encode or sanitize user input with `htmlspecialchars` or use automatic context-aware escaping with a template engine such as Latte.",WARNING,php.lang.security.taint-unsafe-echo-tag.taint-unsafe-echo-tag
../../CrossVul/CWE-79/php/good_1408_0,89,82,`Echo`ing user input risks cross-site scripting vulnerability. You should use `htmlentities()` when showing data to users.,ERROR,php.lang.security.injection.echoed-request.echoed-request
../../CrossVul/CWE-79/php/good_1408_0,89,82,"Found direct access to a PHP variable wihout HTML escaping inside an inline PHP statement setting data from `$_REQUEST[...]`. When untrusted input can be used to tamper with a web page rendering, it can lead to a Cross-site scripting (XSS) vulnerability. XSS vulnerabilities occur when untrusted input executes malicious JavaScript code, leading to issues such as account compromise and sensitive information leakage. To prevent this vulnerability, validate the user input, perform contextual output encoding or sanitize the input. In PHP you can encode or sanitize user input with `htmlspecialchars` or use automatic context-aware escaping with a template engine such as Latte.",WARNING,php.lang.security.taint-unsafe-echo-tag.taint-unsafe-echo-tag
../../CrossVul/CWE-79/php/good_1408_0,94,55,`Echo`ing user input risks cross-site scripting vulnerability. You should use `htmlentities()` when showing data to users.,ERROR,php.lang.security.injection.echoed-request.echoed-request
../../CrossVul/CWE-79/php/good_1408_0,94,55,"Found direct access to a PHP variable wihout HTML escaping inside an inline PHP statement setting data from `$_REQUEST[...]`. When untrusted input can be used to tamper with a web page rendering, it can lead to a Cross-site scripting (XSS) vulnerability. XSS vulnerabilities occur when untrusted input executes malicious JavaScript code, leading to issues such as account compromise and sensitive information leakage. To prevent this vulnerability, validate the user input, perform contextual output encoding or sanitize the input. In PHP you can encode or sanitize user input with `htmlspecialchars` or use automatic context-aware escaping with a template engine such as Latte.",WARNING,php.lang.security.taint-unsafe-echo-tag.taint-unsafe-echo-tag
../../CrossVul/CWE-79/php/good_1408_0,97,45,`Echo`ing user input risks cross-site scripting vulnerability. You should use `htmlentities()` when showing data to users.,ERROR,php.lang.security.injection.echoed-request.echoed-request
../../CrossVul/CWE-79/php/good_1408_0,97,45,"Found direct access to a PHP variable wihout HTML escaping inside an inline PHP statement setting data from `$_REQUEST[...]`. When untrusted input can be used to tamper with a web page rendering, it can lead to a Cross-site scripting (XSS) vulnerability. XSS vulnerabilities occur when untrusted input executes malicious JavaScript code, leading to issues such as account compromise and sensitive information leakage. To prevent this vulnerability, validate the user input, perform contextual output encoding or sanitize the input. In PHP you can encode or sanitize user input with `htmlspecialchars` or use automatic context-aware escaping with a template engine such as Latte.",WARNING,php.lang.security.taint-unsafe-echo-tag.taint-unsafe-echo-tag
../../CrossVul/CWE-79/php/good_1408_0,98,46,`Echo`ing user input risks cross-site scripting vulnerability. You should use `htmlentities()` when showing data to users.,ERROR,php.lang.security.injection.echoed-request.echoed-request
../../CrossVul/CWE-79/php/good_1408_0,98,46,"Found direct access to a PHP variable wihout HTML escaping inside an inline PHP statement setting data from `$_REQUEST[...]`. When untrusted input can be used to tamper with a web page rendering, it can lead to a Cross-site scripting (XSS) vulnerability. XSS vulnerabilities occur when untrusted input executes malicious JavaScript code, leading to issues such as account compromise and sensitive information leakage. To prevent this vulnerability, validate the user input, perform contextual output encoding or sanitize the input. In PHP you can encode or sanitize user input with `htmlspecialchars` or use automatic context-aware escaping with a template engine such as Latte.",WARNING,php.lang.security.taint-unsafe-echo-tag.taint-unsafe-echo-tag
../../CrossVul/CWE-79/php/good_1403_0,59,16,File name based on user input risks server-side request forgery.,WARNING,php.lang.security.injection.tainted-filename.tainted-filename
../../CrossVul/CWE-79/php/good_1403_0,89,16,File name based on user input risks server-side request forgery.,WARNING,php.lang.security.injection.tainted-filename.tainted-filename
../../CrossVul/CWE-79/php/good_1403_0,107,52,`Echo`ing user input risks cross-site scripting vulnerability. You should use `htmlentities()` when showing data to users.,ERROR,php.lang.security.injection.echoed-request.echoed-request
../../CrossVul/CWE-79/php/good_1403_0,107,52,"Found direct access to a PHP variable wihout HTML escaping inside an inline PHP statement setting data from `$_REQUEST[...]`. When untrusted input can be used to tamper with a web page rendering, it can lead to a Cross-site scripting (XSS) vulnerability. XSS vulnerabilities occur when untrusted input executes malicious JavaScript code, leading to issues such as account compromise and sensitive information leakage. To prevent this vulnerability, validate the user input, perform contextual output encoding or sanitize the input. In PHP you can encode or sanitize user input with `htmlspecialchars` or use automatic context-aware escaping with a template engine such as Latte.",WARNING,php.lang.security.taint-unsafe-echo-tag.taint-unsafe-echo-tag
../../CrossVul/CWE-79/php/good_1403_0,107,117,`Echo`ing user input risks cross-site scripting vulnerability. You should use `htmlentities()` when showing data to users.,ERROR,php.lang.security.injection.echoed-request.echoed-request
../../CrossVul/CWE-79/php/good_1403_0,107,117,"Found direct access to a PHP variable wihout HTML escaping inside an inline PHP statement setting data from `$_REQUEST[...]`. When untrusted input can be used to tamper with a web page rendering, it can lead to a Cross-site scripting (XSS) vulnerability. XSS vulnerabilities occur when untrusted input executes malicious JavaScript code, leading to issues such as account compromise and sensitive information leakage. To prevent this vulnerability, validate the user input, perform contextual output encoding or sanitize the input. In PHP you can encode or sanitize user input with `htmlspecialchars` or use automatic context-aware escaping with a template engine such as Latte.",WARNING,php.lang.security.taint-unsafe-echo-tag.taint-unsafe-echo-tag
../../CrossVul/CWE-79/php/good_1403_0,107,184,`Echo`ing user input risks cross-site scripting vulnerability. You should use `htmlentities()` when showing data to users.,ERROR,php.lang.security.injection.echoed-request.echoed-request
../../CrossVul/CWE-79/php/good_1403_0,107,184,"Found direct access to a PHP variable wihout HTML escaping inside an inline PHP statement setting data from `$_REQUEST[...]`. When untrusted input can be used to tamper with a web page rendering, it can lead to a Cross-site scripting (XSS) vulnerability. XSS vulnerabilities occur when untrusted input executes malicious JavaScript code, leading to issues such as account compromise and sensitive information leakage. To prevent this vulnerability, validate the user input, perform contextual output encoding or sanitize the input. In PHP you can encode or sanitize user input with `htmlspecialchars` or use automatic context-aware escaping with a template engine such as Latte.",WARNING,php.lang.security.taint-unsafe-echo-tag.taint-unsafe-echo-tag
../../CrossVul/CWE-79/php/good_1403_0,113,54,`Echo`ing user input risks cross-site scripting vulnerability. You should use `htmlentities()` when showing data to users.,ERROR,php.lang.security.injection.echoed-request.echoed-request
../../CrossVul/CWE-79/php/good_1403_0,113,54,"Found direct access to a PHP variable wihout HTML escaping inside an inline PHP statement setting data from `$_REQUEST[...]`. When untrusted input can be used to tamper with a web page rendering, it can lead to a Cross-site scripting (XSS) vulnerability. XSS vulnerabilities occur when untrusted input executes malicious JavaScript code, leading to issues such as account compromise and sensitive information leakage. To prevent this vulnerability, validate the user input, perform contextual output encoding or sanitize the input. In PHP you can encode or sanitize user input with `htmlspecialchars` or use automatic context-aware escaping with a template engine such as Latte.",WARNING,php.lang.security.taint-unsafe-echo-tag.taint-unsafe-echo-tag
../../CrossVul/CWE-79/php/good_1403_0,114,54,`Echo`ing user input risks cross-site scripting vulnerability. You should use `htmlentities()` when showing data to users.,ERROR,php.lang.security.injection.echoed-request.echoed-request
../../CrossVul/CWE-79/php/good_1403_0,114,54,"Found direct access to a PHP variable wihout HTML escaping inside an inline PHP statement setting data from `$_REQUEST[...]`. When untrusted input can be used to tamper with a web page rendering, it can lead to a Cross-site scripting (XSS) vulnerability. XSS vulnerabilities occur when untrusted input executes malicious JavaScript code, leading to issues such as account compromise and sensitive information leakage. To prevent this vulnerability, validate the user input, perform contextual output encoding or sanitize the input. In PHP you can encode or sanitize user input with `htmlspecialchars` or use automatic context-aware escaping with a template engine such as Latte.",WARNING,php.lang.security.taint-unsafe-echo-tag.taint-unsafe-echo-tag
../../CrossVul/CWE-79/php/good_1403_0,115,53,`Echo`ing user input risks cross-site scripting vulnerability. You should use `htmlentities()` when showing data to users.,ERROR,php.lang.security.injection.echoed-request.echoed-request
../../CrossVul/CWE-79/php/good_1403_0,115,53,"Found direct access to a PHP variable wihout HTML escaping inside an inline PHP statement setting data from `$_REQUEST[...]`. When untrusted input can be used to tamper with a web page rendering, it can lead to a Cross-site scripting (XSS) vulnerability. XSS vulnerabilities occur when untrusted input executes malicious JavaScript code, leading to issues such as account compromise and sensitive information leakage. To prevent this vulnerability, validate the user input, perform contextual output encoding or sanitize the input. In PHP you can encode or sanitize user input with `htmlspecialchars` or use automatic context-aware escaping with a template engine such as Latte.",WARNING,php.lang.security.taint-unsafe-echo-tag.taint-unsafe-echo-tag
../../CrossVul/CWE-79/php/good_1403_0,124,39,`Echo`ing user input risks cross-site scripting vulnerability. You should use `htmlentities()` when showing data to users.,ERROR,php.lang.security.injection.echoed-request.echoed-request
../../CrossVul/CWE-79/php/good_1403_0,124,39,"Found direct access to a PHP variable wihout HTML escaping inside an inline PHP statement setting data from `$_REQUEST[...]`. When untrusted input can be used to tamper with a web page rendering, it can lead to a Cross-site scripting (XSS) vulnerability. XSS vulnerabilities occur when untrusted input executes malicious JavaScript code, leading to issues such as account compromise and sensitive information leakage. To prevent this vulnerability, validate the user input, perform contextual output encoding or sanitize the input. In PHP you can encode or sanitize user input with `htmlspecialchars` or use automatic context-aware escaping with a template engine such as Latte.",WARNING,php.lang.security.taint-unsafe-echo-tag.taint-unsafe-echo-tag
../../CrossVul/CWE-79/php/good_1403_0,135,49,`Echo`ing user input risks cross-site scripting vulnerability. You should use `htmlentities()` when showing data to users.,ERROR,php.lang.security.injection.echoed-request.echoed-request
../../CrossVul/CWE-79/php/good_1403_0,135,49,"Found direct access to a PHP variable wihout HTML escaping inside an inline PHP statement setting data from `$_REQUEST[...]`. When untrusted input can be used to tamper with a web page rendering, it can lead to a Cross-site scripting (XSS) vulnerability. XSS vulnerabilities occur when untrusted input executes malicious JavaScript code, leading to issues such as account compromise and sensitive information leakage. To prevent this vulnerability, validate the user input, perform contextual output encoding or sanitize the input. In PHP you can encode or sanitize user input with `htmlspecialchars` or use automatic context-aware escaping with a template engine such as Latte.",WARNING,php.lang.security.taint-unsafe-echo-tag.taint-unsafe-echo-tag
../../CrossVul/CWE-79/php/good_1403_0,135,93,`Echo`ing user input risks cross-site scripting vulnerability. You should use `htmlentities()` when showing data to users.,ERROR,php.lang.security.injection.echoed-request.echoed-request
../../CrossVul/CWE-79/php/good_1403_0,135,93,"Found direct access to a PHP variable wihout HTML escaping inside an inline PHP statement setting data from `$_REQUEST[...]`. When untrusted input can be used to tamper with a web page rendering, it can lead to a Cross-site scripting (XSS) vulnerability. XSS vulnerabilities occur when untrusted input executes malicious JavaScript code, leading to issues such as account compromise and sensitive information leakage. To prevent this vulnerability, validate the user input, perform contextual output encoding or sanitize the input. In PHP you can encode or sanitize user input with `htmlspecialchars` or use automatic context-aware escaping with a template engine such as Latte.",WARNING,php.lang.security.taint-unsafe-echo-tag.taint-unsafe-echo-tag
../../CrossVul/CWE-79/php/good_1403_0,143,43,`Echo`ing user input risks cross-site scripting vulnerability. You should use `htmlentities()` when showing data to users.,ERROR,php.lang.security.injection.echoed-request.echoed-request
../../CrossVul/CWE-79/php/good_1403_0,143,43,"Found direct access to a PHP variable wihout HTML escaping inside an inline PHP statement setting data from `$_REQUEST[...]`. When untrusted input can be used to tamper with a web page rendering, it can lead to a Cross-site scripting (XSS) vulnerability. XSS vulnerabilities occur when untrusted input executes malicious JavaScript code, leading to issues such as account compromise and sensitive information leakage. To prevent this vulnerability, validate the user input, perform contextual output encoding or sanitize the input. In PHP you can encode or sanitize user input with `htmlspecialchars` or use automatic context-aware escaping with a template engine such as Latte.",WARNING,php.lang.security.taint-unsafe-echo-tag.taint-unsafe-echo-tag
../../CrossVul/CWE-79/php/good_1403_0,143,87,`Echo`ing user input risks cross-site scripting vulnerability. You should use `htmlentities()` when showing data to users.,ERROR,php.lang.security.injection.echoed-request.echoed-request
../../CrossVul/CWE-79/php/good_1403_0,143,87,"Found direct access to a PHP variable wihout HTML escaping inside an inline PHP statement setting data from `$_REQUEST[...]`. When untrusted input can be used to tamper with a web page rendering, it can lead to a Cross-site scripting (XSS) vulnerability. XSS vulnerabilities occur when untrusted input executes malicious JavaScript code, leading to issues such as account compromise and sensitive information leakage. To prevent this vulnerability, validate the user input, perform contextual output encoding or sanitize the input. In PHP you can encode or sanitize user input with `htmlspecialchars` or use automatic context-aware escaping with a template engine such as Latte.",WARNING,php.lang.security.taint-unsafe-echo-tag.taint-unsafe-echo-tag
../../CrossVul/CWE-79/php/good_1424_1,74,2,`Echo`ing user input risks cross-site scripting vulnerability. You should use `htmlentities()` when showing data to users.,ERROR,php.lang.security.injection.echoed-request.echoed-request
../../CrossVul/CWE-79/php/good_1424_1,74,2,"Found direct access to a PHP variable wihout HTML escaping inside an inline PHP statement setting data from `$_REQUEST[...]`. When untrusted input can be used to tamper with a web page rendering, it can lead to a Cross-site scripting (XSS) vulnerability. XSS vulnerabilities occur when untrusted input executes malicious JavaScript code, leading to issues such as account compromise and sensitive information leakage. To prevent this vulnerability, validate the user input, perform contextual output encoding or sanitize the input. In PHP you can encode or sanitize user input with `htmlspecialchars` or use automatic context-aware escaping with a template engine such as Latte.",WARNING,php.lang.security.taint-unsafe-echo-tag.taint-unsafe-echo-tag
../../CrossVul/CWE-79/php/good_1424_3,74,2,`Echo`ing user input risks cross-site scripting vulnerability. You should use `htmlentities()` when showing data to users.,ERROR,php.lang.security.injection.echoed-request.echoed-request
../../CrossVul/CWE-79/php/good_1424_3,74,2,"Found direct access to a PHP variable wihout HTML escaping inside an inline PHP statement setting data from `$_REQUEST[...]`. When untrusted input can be used to tamper with a web page rendering, it can lead to a Cross-site scripting (XSS) vulnerability. XSS vulnerabilities occur when untrusted input executes malicious JavaScript code, leading to issues such as account compromise and sensitive information leakage. To prevent this vulnerability, validate the user input, perform contextual output encoding or sanitize the input. In PHP you can encode or sanitize user input with `htmlspecialchars` or use automatic context-aware escaping with a template engine such as Latte.",WARNING,php.lang.security.taint-unsafe-echo-tag.taint-unsafe-echo-tag
../../CrossVul/CWE-79/php/good_1425_1,74,2,`Echo`ing user input risks cross-site scripting vulnerability. You should use `htmlentities()` when showing data to users.,ERROR,php.lang.security.injection.echoed-request.echoed-request
../../CrossVul/CWE-79/php/good_1425_1,74,2,"Found direct access to a PHP variable wihout HTML escaping inside an inline PHP statement setting data from `$_REQUEST[...]`. When untrusted input can be used to tamper with a web page rendering, it can lead to a Cross-site scripting (XSS) vulnerability. XSS vulnerabilities occur when untrusted input executes malicious JavaScript code, leading to issues such as account compromise and sensitive information leakage. To prevent this vulnerability, validate the user input, perform contextual output encoding or sanitize the input. In PHP you can encode or sanitize user input with `htmlspecialchars` or use automatic context-aware escaping with a template engine such as Latte.",WARNING,php.lang.security.taint-unsafe-echo-tag.taint-unsafe-echo-tag
../../CrossVul/CWE-79/php/good_1425_3,74,2,`Echo`ing user input risks cross-site scripting vulnerability. You should use `htmlentities()` when showing data to users.,ERROR,php.lang.security.injection.echoed-request.echoed-request
../../CrossVul/CWE-79/php/good_1425_3,74,2,"Found direct access to a PHP variable wihout HTML escaping inside an inline PHP statement setting data from `$_REQUEST[...]`. When untrusted input can be used to tamper with a web page rendering, it can lead to a Cross-site scripting (XSS) vulnerability. XSS vulnerabilities occur when untrusted input executes malicious JavaScript code, leading to issues such as account compromise and sensitive information leakage. To prevent this vulnerability, validate the user input, perform contextual output encoding or sanitize the input. In PHP you can encode or sanitize user input with `htmlspecialchars` or use automatic context-aware escaping with a template engine such as Latte.",WARNING,php.lang.security.taint-unsafe-echo-tag.taint-unsafe-echo-tag
../../CrossVul/CWE-79/php/good_1440_0,30,9,`Printing user input risks cross-site scripting vulnerability. You should use `htmlentities()` when showing data to users.,ERROR,php.lang.security.injection.printed-request.printed-request
../../CrossVul/CWE-79/php/good_1440_0,35,9,`Printing user input risks cross-site scripting vulnerability. You should use `htmlentities()` when showing data to users.,ERROR,php.lang.security.injection.printed-request.printed-request
../../CrossVul/CWE-79/php/good_1440_0,42,9,`Printing user input risks cross-site scripting vulnerability. You should use `htmlentities()` when showing data to users.,ERROR,php.lang.security.injection.printed-request.printed-request
../../CrossVul/CWE-79/php/good_1440_0,50,9,`Printing user input risks cross-site scripting vulnerability. You should use `htmlentities()` when showing data to users.,ERROR,php.lang.security.injection.printed-request.printed-request
../../CrossVul/CWE-79/php/good_1440_0,56,9,`Printing user input risks cross-site scripting vulnerability. You should use `htmlentities()` when showing data to users.,ERROR,php.lang.security.injection.printed-request.printed-request
../../CrossVul/CWE-79/php/good_1440_0,62,9,`Printing user input risks cross-site scripting vulnerability. You should use `htmlentities()` when showing data to users.,ERROR,php.lang.security.injection.printed-request.printed-request
../../CrossVul/CWE-79/php/good_1440_0,68,9,`Printing user input risks cross-site scripting vulnerability. You should use `htmlentities()` when showing data to users.,ERROR,php.lang.security.injection.printed-request.printed-request
../../CrossVul/CWE-79/php/good_1440_0,74,9,`Printing user input risks cross-site scripting vulnerability. You should use `htmlentities()` when showing data to users.,ERROR,php.lang.security.injection.printed-request.printed-request
../../CrossVul/CWE-79/php/good_1440_0,80,9,`Printing user input risks cross-site scripting vulnerability. You should use `htmlentities()` when showing data to users.,ERROR,php.lang.security.injection.printed-request.printed-request
../../CrossVul/CWE-79/php/good_1440_0,85,9,`Printing user input risks cross-site scripting vulnerability. You should use `htmlentities()` when showing data to users.,ERROR,php.lang.security.injection.printed-request.printed-request
../../CrossVul/CWE-79/php/good_1440_0,93,9,`Printing user input risks cross-site scripting vulnerability. You should use `htmlentities()` when showing data to users.,ERROR,php.lang.security.injection.printed-request.printed-request
../../CrossVul/CWE-79/php/good_1440_0,101,9,`Printing user input risks cross-site scripting vulnerability. You should use `htmlentities()` when showing data to users.,ERROR,php.lang.security.injection.printed-request.printed-request
../../CrossVul/CWE-79/php/good_1440_0,109,9,`Printing user input risks cross-site scripting vulnerability. You should use `htmlentities()` when showing data to users.,ERROR,php.lang.security.injection.printed-request.printed-request
../../CrossVul/CWE-79/php/good_1440_0,115,9,`Printing user input risks cross-site scripting vulnerability. You should use `htmlentities()` when showing data to users.,ERROR,php.lang.security.injection.printed-request.printed-request
../../CrossVul/CWE-79/php/good_1440_0,120,9,`Printing user input risks cross-site scripting vulnerability. You should use `htmlentities()` when showing data to users.,ERROR,php.lang.security.injection.printed-request.printed-request
../../CrossVul/CWE-79/php/good_1440_0,127,9,`Printing user input risks cross-site scripting vulnerability. You should use `htmlentities()` when showing data to users.,ERROR,php.lang.security.injection.printed-request.printed-request
../../CrossVul/CWE-79/php/good_1462_2,146,15,File name based on user input risks server-side request forgery.,WARNING,php.lang.security.injection.tainted-filename.tainted-filename
../../CrossVul/CWE-79/php/good_1530_2,87,70,`Echo`ing user input risks cross-site scripting vulnerability. You should use `htmlentities()` when showing data to users.,ERROR,php.lang.security.injection.echoed-request.echoed-request
../../CrossVul/CWE-79/php/good_1530_2,87,70,"Found direct access to a PHP variable wihout HTML escaping inside an inline PHP statement setting data from `$_REQUEST[...]`. When untrusted input can be used to tamper with a web page rendering, it can lead to a Cross-site scripting (XSS) vulnerability. XSS vulnerabilities occur when untrusted input executes malicious JavaScript code, leading to issues such as account compromise and sensitive information leakage. To prevent this vulnerability, validate the user input, perform contextual output encoding or sanitize the input. In PHP you can encode or sanitize user input with `htmlspecialchars` or use automatic context-aware escaping with a template engine such as Latte.",WARNING,php.lang.security.taint-unsafe-echo-tag.taint-unsafe-echo-tag
../../CrossVul/CWE-79/php/good_1530_3,97,70,`Echo`ing user input risks cross-site scripting vulnerability. You should use `htmlentities()` when showing data to users.,ERROR,php.lang.security.injection.echoed-request.echoed-request
../../CrossVul/CWE-79/php/good_1530_3,97,70,"Found direct access to a PHP variable wihout HTML escaping inside an inline PHP statement setting data from `$_REQUEST[...]`. When untrusted input can be used to tamper with a web page rendering, it can lead to a Cross-site scripting (XSS) vulnerability. XSS vulnerabilities occur when untrusted input executes malicious JavaScript code, leading to issues such as account compromise and sensitive information leakage. To prevent this vulnerability, validate the user input, perform contextual output encoding or sanitize the input. In PHP you can encode or sanitize user input with `htmlspecialchars` or use automatic context-aware escaping with a template engine such as Latte.",WARNING,php.lang.security.taint-unsafe-echo-tag.taint-unsafe-echo-tag
../../CrossVul/CWE-79/php/good_1530_3,209,42,`Echo`ing user input risks cross-site scripting vulnerability. You should use `htmlentities()` when showing data to users.,ERROR,php.lang.security.injection.echoed-request.echoed-request
../../CrossVul/CWE-79/php/good_1530_3,209,42,"Found direct access to a PHP variable wihout HTML escaping inside an inline PHP statement setting data from `$_REQUEST[...]`. When untrusted input can be used to tamper with a web page rendering, it can lead to a Cross-site scripting (XSS) vulnerability. XSS vulnerabilities occur when untrusted input executes malicious JavaScript code, leading to issues such as account compromise and sensitive information leakage. To prevent this vulnerability, validate the user input, perform contextual output encoding or sanitize the input. In PHP you can encode or sanitize user input with `htmlspecialchars` or use automatic context-aware escaping with a template engine such as Latte.",WARNING,php.lang.security.taint-unsafe-echo-tag.taint-unsafe-echo-tag
../../CrossVul/CWE-79/php/good_1541_2,12,11,`Echo`ing user input risks cross-site scripting vulnerability. You should use `htmlentities()` when showing data to users.,ERROR,php.lang.security.injection.echoed-request.echoed-request
../../CrossVul/CWE-79/php/good_1676_0,50,59,`Echo`ing user input risks cross-site scripting vulnerability. You should use `htmlentities()` when showing data to users.,ERROR,php.lang.security.injection.echoed-request.echoed-request
../../CrossVul/CWE-79/php/good_1676_0,50,59,"Found direct access to a PHP variable wihout HTML escaping inside an inline PHP statement setting data from `$_REQUEST[...]`. When untrusted input can be used to tamper with a web page rendering, it can lead to a Cross-site scripting (XSS) vulnerability. XSS vulnerabilities occur when untrusted input executes malicious JavaScript code, leading to issues such as account compromise and sensitive information leakage. To prevent this vulnerability, validate the user input, perform contextual output encoding or sanitize the input. In PHP you can encode or sanitize user input with `htmlspecialchars` or use automatic context-aware escaping with a template engine such as Latte.",WARNING,php.lang.security.taint-unsafe-echo-tag.taint-unsafe-echo-tag
../../CrossVul/CWE-79/php/good_1676_0,51,62,`Echo`ing user input risks cross-site scripting vulnerability. You should use `htmlentities()` when showing data to users.,ERROR,php.lang.security.injection.echoed-request.echoed-request
../../CrossVul/CWE-79/php/good_1676_0,51,62,"Found direct access to a PHP variable wihout HTML escaping inside an inline PHP statement setting data from `$_REQUEST[...]`. When untrusted input can be used to tamper with a web page rendering, it can lead to a Cross-site scripting (XSS) vulnerability. XSS vulnerabilities occur when untrusted input executes malicious JavaScript code, leading to issues such as account compromise and sensitive information leakage. To prevent this vulnerability, validate the user input, perform contextual output encoding or sanitize the input. In PHP you can encode or sanitize user input with `htmlspecialchars` or use automatic context-aware escaping with a template engine such as Latte.",WARNING,php.lang.security.taint-unsafe-echo-tag.taint-unsafe-echo-tag
../../CrossVul/CWE-79/php/good_1676_0,57,36,`Echo`ing user input risks cross-site scripting vulnerability. You should use `htmlentities()` when showing data to users.,ERROR,php.lang.security.injection.echoed-request.echoed-request
../../CrossVul/CWE-79/php/good_1676_0,57,36,"Found direct access to a PHP variable wihout HTML escaping inside an inline PHP statement setting data from `$_REQUEST[...]`. When untrusted input can be used to tamper with a web page rendering, it can lead to a Cross-site scripting (XSS) vulnerability. XSS vulnerabilities occur when untrusted input executes malicious JavaScript code, leading to issues such as account compromise and sensitive information leakage. To prevent this vulnerability, validate the user input, perform contextual output encoding or sanitize the input. In PHP you can encode or sanitize user input with `htmlspecialchars` or use automatic context-aware escaping with a template engine such as Latte.",WARNING,php.lang.security.taint-unsafe-echo-tag.taint-unsafe-echo-tag
../../CrossVul/CWE-79/php/good_1676_0,58,27,`Echo`ing user input risks cross-site scripting vulnerability. You should use `htmlentities()` when showing data to users.,ERROR,php.lang.security.injection.echoed-request.echoed-request
../../CrossVul/CWE-79/php/good_1676_0,58,27,"Found direct access to a PHP variable wihout HTML escaping inside an inline PHP statement setting data from `$_REQUEST[...]`. When untrusted input can be used to tamper with a web page rendering, it can lead to a Cross-site scripting (XSS) vulnerability. XSS vulnerabilities occur when untrusted input executes malicious JavaScript code, leading to issues such as account compromise and sensitive information leakage. To prevent this vulnerability, validate the user input, perform contextual output encoding or sanitize the input. In PHP you can encode or sanitize user input with `htmlspecialchars` or use automatic context-aware escaping with a template engine such as Latte.",WARNING,php.lang.security.taint-unsafe-echo-tag.taint-unsafe-echo-tag
../../CrossVul/CWE-79/php/good_1676_0,58,49,`Echo`ing user input risks cross-site scripting vulnerability. You should use `htmlentities()` when showing data to users.,ERROR,php.lang.security.injection.echoed-request.echoed-request
../../CrossVul/CWE-79/php/good_1676_0,58,49,"Found direct access to a PHP variable wihout HTML escaping inside an inline PHP statement setting data from `$_REQUEST[...]`. When untrusted input can be used to tamper with a web page rendering, it can lead to a Cross-site scripting (XSS) vulnerability. XSS vulnerabilities occur when untrusted input executes malicious JavaScript code, leading to issues such as account compromise and sensitive information leakage. To prevent this vulnerability, validate the user input, perform contextual output encoding or sanitize the input. In PHP you can encode or sanitize user input with `htmlspecialchars` or use automatic context-aware escaping with a template engine such as Latte.",WARNING,php.lang.security.taint-unsafe-echo-tag.taint-unsafe-echo-tag
../../CrossVul/CWE-79/php/good_1676_0,91,21,File name based on user input risks server-side request forgery.,WARNING,php.lang.security.injection.tainted-filename.tainted-filename
../../CrossVul/CWE-79/php/good_1676_0,100,17,File name based on user input risks server-side request forgery.,WARNING,php.lang.security.injection.tainted-filename.tainted-filename
../../CrossVul/CWE-79/php/good_1676_0,114,2,`Echo`ing user input risks cross-site scripting vulnerability. You should use `htmlentities()` when showing data to users.,ERROR,php.lang.security.injection.echoed-request.echoed-request
../../CrossVul/CWE-79/php/good_1676_0,114,2,"Found direct access to a PHP variable wihout HTML escaping inside an inline PHP statement setting data from `$_REQUEST[...]`. When untrusted input can be used to tamper with a web page rendering, it can lead to a Cross-site scripting (XSS) vulnerability. XSS vulnerabilities occur when untrusted input executes malicious JavaScript code, leading to issues such as account compromise and sensitive information leakage. To prevent this vulnerability, validate the user input, perform contextual output encoding or sanitize the input. In PHP you can encode or sanitize user input with `htmlspecialchars` or use automatic context-aware escaping with a template engine such as Latte.",WARNING,php.lang.security.taint-unsafe-echo-tag.taint-unsafe-echo-tag
../../CrossVul/CWE-79/php/good_1676_0,118,4,`Echo`ing user input risks cross-site scripting vulnerability. You should use `htmlentities()` when showing data to users.,ERROR,php.lang.security.injection.echoed-request.echoed-request
../../CrossVul/CWE-79/php/good_1676_0,118,4,"Found direct access to a PHP variable wihout HTML escaping inside an inline PHP statement setting data from `$_REQUEST[...]`. When untrusted input can be used to tamper with a web page rendering, it can lead to a Cross-site scripting (XSS) vulnerability. XSS vulnerabilities occur when untrusted input executes malicious JavaScript code, leading to issues such as account compromise and sensitive information leakage. To prevent this vulnerability, validate the user input, perform contextual output encoding or sanitize the input. In PHP you can encode or sanitize user input with `htmlspecialchars` or use automatic context-aware escaping with a template engine such as Latte.",WARNING,php.lang.security.taint-unsafe-echo-tag.taint-unsafe-echo-tag
../../CrossVul/CWE-79/php/good_1676_0,140,4,`Echo`ing user input risks cross-site scripting vulnerability. You should use `htmlentities()` when showing data to users.,ERROR,php.lang.security.injection.echoed-request.echoed-request
../../CrossVul/CWE-79/php/good_1676_0,140,4,"Found direct access to a PHP variable wihout HTML escaping inside an inline PHP statement setting data from `$_REQUEST[...]`. When untrusted input can be used to tamper with a web page rendering, it can lead to a Cross-site scripting (XSS) vulnerability. XSS vulnerabilities occur when untrusted input executes malicious JavaScript code, leading to issues such as account compromise and sensitive information leakage. To prevent this vulnerability, validate the user input, perform contextual output encoding or sanitize the input. In PHP you can encode or sanitize user input with `htmlspecialchars` or use automatic context-aware escaping with a template engine such as Latte.",WARNING,php.lang.security.taint-unsafe-echo-tag.taint-unsafe-echo-tag
../../CrossVul/CWE-79/php/good_1676_0,158,22,File name based on user input risks server-side request forgery.,WARNING,php.lang.security.injection.tainted-filename.tainted-filename
../../CrossVul/CWE-79/php/good_1676_0,168,22,File name based on user input risks server-side request forgery.,WARNING,php.lang.security.injection.tainted-filename.tainted-filename
../../CrossVul/CWE-79/php/good_1676_0,169,113,"Untrusted input could be used to tamper with a web page rendering, which can lead to a Cross-site scripting (XSS) vulnerability. XSS vulnerabilities occur when untrusted input executes malicious JavaScript code, leading to issues such as account compromise and sensitive information leakage. To prevent this vulnerability, validate the user input, perform contextual output encoding or sanitize the input. In PHP you can encode or sanitize user input with `htmlspecialchars` or use automatic context-aware escaping with a template engine such as Latte.",ERROR,php.lang.security.tainted-user-input-in-php-script.tainted-user-input-in-php-script
../../CrossVul/CWE-79/php/good_1676_0,177,4,`Echo`ing user input risks cross-site scripting vulnerability. You should use `htmlentities()` when showing data to users.,ERROR,php.lang.security.injection.echoed-request.echoed-request
../../CrossVul/CWE-79/php/good_1676_0,177,4,"Found direct access to a PHP variable wihout HTML escaping inside an inline PHP statement setting data from `$_REQUEST[...]`. When untrusted input can be used to tamper with a web page rendering, it can lead to a Cross-site scripting (XSS) vulnerability. XSS vulnerabilities occur when untrusted input executes malicious JavaScript code, leading to issues such as account compromise and sensitive information leakage. To prevent this vulnerability, validate the user input, perform contextual output encoding or sanitize the input. In PHP you can encode or sanitize user input with `htmlspecialchars` or use automatic context-aware escaping with a template engine such as Latte.",WARNING,php.lang.security.taint-unsafe-echo-tag.taint-unsafe-echo-tag
../../CrossVul/CWE-79/php/good_1676_0,178,4,`Echo`ing user input risks cross-site scripting vulnerability. You should use `htmlentities()` when showing data to users.,ERROR,php.lang.security.injection.echoed-request.echoed-request
../../CrossVul/CWE-79/php/good_1676_0,178,4,"Found direct access to a PHP variable wihout HTML escaping inside an inline PHP statement setting data from `$_REQUEST[...]`. When untrusted input can be used to tamper with a web page rendering, it can lead to a Cross-site scripting (XSS) vulnerability. XSS vulnerabilities occur when untrusted input executes malicious JavaScript code, leading to issues such as account compromise and sensitive information leakage. To prevent this vulnerability, validate the user input, perform contextual output encoding or sanitize the input. In PHP you can encode or sanitize user input with `htmlspecialchars` or use automatic context-aware escaping with a template engine such as Latte.",WARNING,php.lang.security.taint-unsafe-echo-tag.taint-unsafe-echo-tag
../../CrossVul/CWE-79/php/good_1676_0,179,4,`Echo`ing user input risks cross-site scripting vulnerability. You should use `htmlentities()` when showing data to users.,ERROR,php.lang.security.injection.echoed-request.echoed-request
../../CrossVul/CWE-79/php/good_1676_0,179,19,"Untrusted input could be used to tamper with a web page rendering, which can lead to a Cross-site scripting (XSS) vulnerability. XSS vulnerabilities occur when untrusted input executes malicious JavaScript code, leading to issues such as account compromise and sensitive information leakage. To prevent this vulnerability, validate the user input, perform contextual output encoding or sanitize the input. In PHP you can encode or sanitize user input with `htmlspecialchars` or use automatic context-aware escaping with a template engine such as Latte.",ERROR,php.lang.security.tainted-user-input-in-php-script.tainted-user-input-in-php-script
../../CrossVul/CWE-79/php/good_1676_0,180,4,`Echo`ing user input risks cross-site scripting vulnerability. You should use `htmlentities()` when showing data to users.,ERROR,php.lang.security.injection.echoed-request.echoed-request
../../CrossVul/CWE-79/php/good_1676_0,180,4,"Found direct access to a PHP variable wihout HTML escaping inside an inline PHP statement setting data from `$_REQUEST[...]`. When untrusted input can be used to tamper with a web page rendering, it can lead to a Cross-site scripting (XSS) vulnerability. XSS vulnerabilities occur when untrusted input executes malicious JavaScript code, leading to issues such as account compromise and sensitive information leakage. To prevent this vulnerability, validate the user input, perform contextual output encoding or sanitize the input. In PHP you can encode or sanitize user input with `htmlspecialchars` or use automatic context-aware escaping with a template engine such as Latte.",WARNING,php.lang.security.taint-unsafe-echo-tag.taint-unsafe-echo-tag
../../CrossVul/CWE-79/php/good_1676_0,184,49,File name based on user input risks server-side request forgery.,WARNING,php.lang.security.injection.tainted-filename.tainted-filename
../../CrossVul/CWE-79/php/good_1676_0,185,43,File name based on user input risks server-side request forgery.,WARNING,php.lang.security.injection.tainted-filename.tainted-filename
../../CrossVul/CWE-79/php/good_1676_0,186,5,`Echo`ing user input risks cross-site scripting vulnerability. You should use `htmlentities()` when showing data to users.,ERROR,php.lang.security.injection.echoed-request.echoed-request
../../CrossVul/CWE-79/php/good_1676_0,186,5,"Found direct access to a PHP variable wihout HTML escaping inside an inline PHP statement setting data from `$_REQUEST[...]`. When untrusted input can be used to tamper with a web page rendering, it can lead to a Cross-site scripting (XSS) vulnerability. XSS vulnerabilities occur when untrusted input executes malicious JavaScript code, leading to issues such as account compromise and sensitive information leakage. To prevent this vulnerability, validate the user input, perform contextual output encoding or sanitize the input. In PHP you can encode or sanitize user input with `htmlspecialchars` or use automatic context-aware escaping with a template engine such as Latte.",WARNING,php.lang.security.taint-unsafe-echo-tag.taint-unsafe-echo-tag
../../CrossVul/CWE-79/php/good_1676_0,189,4,`Echo`ing user input risks cross-site scripting vulnerability. You should use `htmlentities()` when showing data to users.,ERROR,php.lang.security.injection.echoed-request.echoed-request
../../CrossVul/CWE-79/php/good_1676_0,189,4,"Found direct access to a PHP variable wihout HTML escaping inside an inline PHP statement setting data from `$_REQUEST[...]`. When untrusted input can be used to tamper with a web page rendering, it can lead to a Cross-site scripting (XSS) vulnerability. XSS vulnerabilities occur when untrusted input executes malicious JavaScript code, leading to issues such as account compromise and sensitive information leakage. To prevent this vulnerability, validate the user input, perform contextual output encoding or sanitize the input. In PHP you can encode or sanitize user input with `htmlspecialchars` or use automatic context-aware escaping with a template engine such as Latte.",WARNING,php.lang.security.taint-unsafe-echo-tag.taint-unsafe-echo-tag
../../CrossVul/CWE-79/php/good_1676_0,195,2,`Echo`ing user input risks cross-site scripting vulnerability. You should use `htmlentities()` when showing data to users.,ERROR,php.lang.security.injection.echoed-request.echoed-request
../../CrossVul/CWE-79/php/good_1676_0,195,2,"Found direct access to a PHP variable wihout HTML escaping inside an inline PHP statement setting data from `$_REQUEST[...]`. When untrusted input can be used to tamper with a web page rendering, it can lead to a Cross-site scripting (XSS) vulnerability. XSS vulnerabilities occur when untrusted input executes malicious JavaScript code, leading to issues such as account compromise and sensitive information leakage. To prevent this vulnerability, validate the user input, perform contextual output encoding or sanitize the input. In PHP you can encode or sanitize user input with `htmlspecialchars` or use automatic context-aware escaping with a template engine such as Latte.",WARNING,php.lang.security.taint-unsafe-echo-tag.taint-unsafe-echo-tag
../../CrossVul/CWE-79/php/good_1676_0,195,21,"Untrusted input could be used to tamper with a web page rendering, which can lead to a Cross-site scripting (XSS) vulnerability. XSS vulnerabilities occur when untrusted input executes malicious JavaScript code, leading to issues such as account compromise and sensitive information leakage. To prevent this vulnerability, validate the user input, perform contextual output encoding or sanitize the input. In PHP you can encode or sanitize user input with `htmlspecialchars` or use automatic context-aware escaping with a template engine such as Latte.",ERROR,php.lang.security.tainted-user-input-in-php-script.tainted-user-input-in-php-script
../../CrossVul/CWE-79/php/good_1685_1,275,117,`Echo`ing user input risks cross-site scripting vulnerability. You should use `htmlentities()` when showing data to users.,ERROR,php.lang.security.injection.echoed-request.echoed-request
../../CrossVul/CWE-79/php/good_1685_1,275,117,"Found direct access to a PHP variable wihout HTML escaping inside an inline PHP statement setting data from `$_REQUEST[...]`. When untrusted input can be used to tamper with a web page rendering, it can lead to a Cross-site scripting (XSS) vulnerability. XSS vulnerabilities occur when untrusted input executes malicious JavaScript code, leading to issues such as account compromise and sensitive information leakage. To prevent this vulnerability, validate the user input, perform contextual output encoding or sanitize the input. In PHP you can encode or sanitize user input with `htmlspecialchars` or use automatic context-aware escaping with a template engine such as Latte.",WARNING,php.lang.security.taint-unsafe-echo-tag.taint-unsafe-echo-tag
../../CrossVul/CWE-79/php/good_1685_1,306,53,`Echo`ing user input risks cross-site scripting vulnerability. You should use `htmlentities()` when showing data to users.,ERROR,php.lang.security.injection.echoed-request.echoed-request
../../CrossVul/CWE-79/php/good_1685_1,306,53,"Found direct access to a PHP variable wihout HTML escaping inside an inline PHP statement setting data from `$_REQUEST[...]`. When untrusted input can be used to tamper with a web page rendering, it can lead to a Cross-site scripting (XSS) vulnerability. XSS vulnerabilities occur when untrusted input executes malicious JavaScript code, leading to issues such as account compromise and sensitive information leakage. To prevent this vulnerability, validate the user input, perform contextual output encoding or sanitize the input. In PHP you can encode or sanitize user input with `htmlspecialchars` or use automatic context-aware escaping with a template engine such as Latte.",WARNING,php.lang.security.taint-unsafe-echo-tag.taint-unsafe-echo-tag
../../CrossVul/CWE-79/php/good_1685_1,311,76,`Echo`ing user input risks cross-site scripting vulnerability. You should use `htmlentities()` when showing data to users.,ERROR,php.lang.security.injection.echoed-request.echoed-request
../../CrossVul/CWE-79/php/good_1685_1,311,76,"Found direct access to a PHP variable wihout HTML escaping inside an inline PHP statement setting data from `$_REQUEST[...]`. When untrusted input can be used to tamper with a web page rendering, it can lead to a Cross-site scripting (XSS) vulnerability. XSS vulnerabilities occur when untrusted input executes malicious JavaScript code, leading to issues such as account compromise and sensitive information leakage. To prevent this vulnerability, validate the user input, perform contextual output encoding or sanitize the input. In PHP you can encode or sanitize user input with `htmlspecialchars` or use automatic context-aware escaping with a template engine such as Latte.",WARNING,php.lang.security.taint-unsafe-echo-tag.taint-unsafe-echo-tag
../../CrossVul/CWE-79/php/good_1685_1,365,67,`Echo`ing user input risks cross-site scripting vulnerability. You should use `htmlentities()` when showing data to users.,ERROR,php.lang.security.injection.echoed-request.echoed-request
../../CrossVul/CWE-79/php/good_1685_1,365,67,"Found direct access to a PHP variable wihout HTML escaping inside an inline PHP statement setting data from `$_REQUEST[...]`. When untrusted input can be used to tamper with a web page rendering, it can lead to a Cross-site scripting (XSS) vulnerability. XSS vulnerabilities occur when untrusted input executes malicious JavaScript code, leading to issues such as account compromise and sensitive information leakage. To prevent this vulnerability, validate the user input, perform contextual output encoding or sanitize the input. In PHP you can encode or sanitize user input with `htmlspecialchars` or use automatic context-aware escaping with a template engine such as Latte.",WARNING,php.lang.security.taint-unsafe-echo-tag.taint-unsafe-echo-tag
../../CrossVul/CWE-79/php/good_1685_1,366,68,`Echo`ing user input risks cross-site scripting vulnerability. You should use `htmlentities()` when showing data to users.,ERROR,php.lang.security.injection.echoed-request.echoed-request
../../CrossVul/CWE-79/php/good_1685_1,366,68,"Found direct access to a PHP variable wihout HTML escaping inside an inline PHP statement setting data from `$_REQUEST[...]`. When untrusted input can be used to tamper with a web page rendering, it can lead to a Cross-site scripting (XSS) vulnerability. XSS vulnerabilities occur when untrusted input executes malicious JavaScript code, leading to issues such as account compromise and sensitive information leakage. To prevent this vulnerability, validate the user input, perform contextual output encoding or sanitize the input. In PHP you can encode or sanitize user input with `htmlspecialchars` or use automatic context-aware escaping with a template engine such as Latte.",WARNING,php.lang.security.taint-unsafe-echo-tag.taint-unsafe-echo-tag
../../CrossVul/CWE-79/php/good_1685_1,383,68,`Echo`ing user input risks cross-site scripting vulnerability. You should use `htmlentities()` when showing data to users.,ERROR,php.lang.security.injection.echoed-request.echoed-request
../../CrossVul/CWE-79/php/good_1685_1,383,68,"Found direct access to a PHP variable wihout HTML escaping inside an inline PHP statement setting data from `$_REQUEST[...]`. When untrusted input can be used to tamper with a web page rendering, it can lead to a Cross-site scripting (XSS) vulnerability. XSS vulnerabilities occur when untrusted input executes malicious JavaScript code, leading to issues such as account compromise and sensitive information leakage. To prevent this vulnerability, validate the user input, perform contextual output encoding or sanitize the input. In PHP you can encode or sanitize user input with `htmlspecialchars` or use automatic context-aware escaping with a template engine such as Latte.",WARNING,php.lang.security.taint-unsafe-echo-tag.taint-unsafe-echo-tag
../../CrossVul/CWE-79/php/good_1685_1,384,69,`Echo`ing user input risks cross-site scripting vulnerability. You should use `htmlentities()` when showing data to users.,ERROR,php.lang.security.injection.echoed-request.echoed-request
../../CrossVul/CWE-79/php/good_1685_1,384,69,"Found direct access to a PHP variable wihout HTML escaping inside an inline PHP statement setting data from `$_REQUEST[...]`. When untrusted input can be used to tamper with a web page rendering, it can lead to a Cross-site scripting (XSS) vulnerability. XSS vulnerabilities occur when untrusted input executes malicious JavaScript code, leading to issues such as account compromise and sensitive information leakage. To prevent this vulnerability, validate the user input, perform contextual output encoding or sanitize the input. In PHP you can encode or sanitize user input with `htmlspecialchars` or use automatic context-aware escaping with a template engine such as Latte.",WARNING,php.lang.security.taint-unsafe-echo-tag.taint-unsafe-echo-tag
../../CrossVul/CWE-79/php/good_1685_1,391,86,`Echo`ing user input risks cross-site scripting vulnerability. You should use `htmlentities()` when showing data to users.,ERROR,php.lang.security.injection.echoed-request.echoed-request
../../CrossVul/CWE-79/php/good_1685_1,391,86,"Found direct access to a PHP variable wihout HTML escaping inside an inline PHP statement setting data from `$_REQUEST[...]`. When untrusted input can be used to tamper with a web page rendering, it can lead to a Cross-site scripting (XSS) vulnerability. XSS vulnerabilities occur when untrusted input executes malicious JavaScript code, leading to issues such as account compromise and sensitive information leakage. To prevent this vulnerability, validate the user input, perform contextual output encoding or sanitize the input. In PHP you can encode or sanitize user input with `htmlspecialchars` or use automatic context-aware escaping with a template engine such as Latte.",WARNING,php.lang.security.taint-unsafe-echo-tag.taint-unsafe-echo-tag
../../CrossVul/CWE-79/php/good_1685_1,562,117,`Echo`ing user input risks cross-site scripting vulnerability. You should use `htmlentities()` when showing data to users.,ERROR,php.lang.security.injection.echoed-request.echoed-request
../../CrossVul/CWE-79/php/good_1685_1,562,117,"Found direct access to a PHP variable wihout HTML escaping inside an inline PHP statement setting data from `$_REQUEST[...]`. When untrusted input can be used to tamper with a web page rendering, it can lead to a Cross-site scripting (XSS) vulnerability. XSS vulnerabilities occur when untrusted input executes malicious JavaScript code, leading to issues such as account compromise and sensitive information leakage. To prevent this vulnerability, validate the user input, perform contextual output encoding or sanitize the input. In PHP you can encode or sanitize user input with `htmlspecialchars` or use automatic context-aware escaping with a template engine such as Latte.",WARNING,php.lang.security.taint-unsafe-echo-tag.taint-unsafe-echo-tag
../../CrossVul/CWE-79/php/good_1685_2,98,16,"User data flows into this manually-constructed SQL string. User data can be safely inserted into SQL strings using prepared statements or an object-relational mapper (ORM). Manually-constructed SQL strings is a possible indicator of SQL injection, which could let an attacker steal or manipulate data from the database. Instead, use prepared statements (`$mysqli->prepare(""INSERT INTO test(id, label) VALUES (?, ?)"");`) or a safe library.",ERROR,php.lang.security.injection.tainted-sql-string.tainted-sql-string
../../CrossVul/CWE-79/php/good_1685_2,131,16,"User data flows into this manually-constructed SQL string. User data can be safely inserted into SQL strings using prepared statements or an object-relational mapper (ORM). Manually-constructed SQL strings is a possible indicator of SQL injection, which could let an attacker steal or manipulate data from the database. Instead, use prepared statements (`$mysqli->prepare(""INSERT INTO test(id, label) VALUES (?, ?)"");`) or a safe library.",ERROR,php.lang.security.injection.tainted-sql-string.tainted-sql-string
../../CrossVul/CWE-79/php/good_1685_3,240,4,`Echo`ing user input risks cross-site scripting vulnerability. You should use `htmlentities()` when showing data to users.,ERROR,php.lang.security.injection.echoed-request.echoed-request
../../CrossVul/CWE-79/php/good_1685_3,240,4,"Found direct access to a PHP variable wihout HTML escaping inside an inline PHP statement setting data from `$_REQUEST[...]`. When untrusted input can be used to tamper with a web page rendering, it can lead to a Cross-site scripting (XSS) vulnerability. XSS vulnerabilities occur when untrusted input executes malicious JavaScript code, leading to issues such as account compromise and sensitive information leakage. To prevent this vulnerability, validate the user input, perform contextual output encoding or sanitize the input. In PHP you can encode or sanitize user input with `htmlspecialchars` or use automatic context-aware escaping with a template engine such as Latte.",WARNING,php.lang.security.taint-unsafe-echo-tag.taint-unsafe-echo-tag
../../CrossVul/CWE-79/php/good_1685_4,26,130,`Echo`ing user input risks cross-site scripting vulnerability. You should use `htmlentities()` when showing data to users.,ERROR,php.lang.security.injection.echoed-request.echoed-request
../../CrossVul/CWE-79/php/good_1685_4,26,130,"Found direct access to a PHP variable wihout HTML escaping inside an inline PHP statement setting data from `$_REQUEST[...]`. When untrusted input can be used to tamper with a web page rendering, it can lead to a Cross-site scripting (XSS) vulnerability. XSS vulnerabilities occur when untrusted input executes malicious JavaScript code, leading to issues such as account compromise and sensitive information leakage. To prevent this vulnerability, validate the user input, perform contextual output encoding or sanitize the input. In PHP you can encode or sanitize user input with `htmlspecialchars` or use automatic context-aware escaping with a template engine such as Latte.",WARNING,php.lang.security.taint-unsafe-echo-tag.taint-unsafe-echo-tag
../../CrossVul/CWE-79/php/good_1685_4,140,108,`Echo`ing user input risks cross-site scripting vulnerability. You should use `htmlentities()` when showing data to users.,ERROR,php.lang.security.injection.echoed-request.echoed-request
../../CrossVul/CWE-79/php/good_1685_4,140,108,"Found direct access to a PHP variable wihout HTML escaping inside an inline PHP statement setting data from `$_REQUEST[...]`. When untrusted input can be used to tamper with a web page rendering, it can lead to a Cross-site scripting (XSS) vulnerability. XSS vulnerabilities occur when untrusted input executes malicious JavaScript code, leading to issues such as account compromise and sensitive information leakage. To prevent this vulnerability, validate the user input, perform contextual output encoding or sanitize the input. In PHP you can encode or sanitize user input with `htmlspecialchars` or use automatic context-aware escaping with a template engine such as Latte.",WARNING,php.lang.security.taint-unsafe-echo-tag.taint-unsafe-echo-tag
../../CrossVul/CWE-79/php/good_1685_4,140,223,`Echo`ing user input risks cross-site scripting vulnerability. You should use `htmlentities()` when showing data to users.,ERROR,php.lang.security.injection.echoed-request.echoed-request
../../CrossVul/CWE-79/php/good_1685_4,140,223,"Found direct access to a PHP variable wihout HTML escaping inside an inline PHP statement setting data from `$_REQUEST[...]`. When untrusted input can be used to tamper with a web page rendering, it can lead to a Cross-site scripting (XSS) vulnerability. XSS vulnerabilities occur when untrusted input executes malicious JavaScript code, leading to issues such as account compromise and sensitive information leakage. To prevent this vulnerability, validate the user input, perform contextual output encoding or sanitize the input. In PHP you can encode or sanitize user input with `htmlspecialchars` or use automatic context-aware escaping with a template engine such as Latte.",WARNING,php.lang.security.taint-unsafe-echo-tag.taint-unsafe-echo-tag
../../CrossVul/CWE-79/php/good_1685_4,140,323,`Echo`ing user input risks cross-site scripting vulnerability. You should use `htmlentities()` when showing data to users.,ERROR,php.lang.security.injection.echoed-request.echoed-request
../../CrossVul/CWE-79/php/good_1685_4,140,323,"Found direct access to a PHP variable wihout HTML escaping inside an inline PHP statement setting data from `$_REQUEST[...]`. When untrusted input can be used to tamper with a web page rendering, it can lead to a Cross-site scripting (XSS) vulnerability. XSS vulnerabilities occur when untrusted input executes malicious JavaScript code, leading to issues such as account compromise and sensitive information leakage. To prevent this vulnerability, validate the user input, perform contextual output encoding or sanitize the input. In PHP you can encode or sanitize user input with `htmlspecialchars` or use automatic context-aware escaping with a template engine such as Latte.",WARNING,php.lang.security.taint-unsafe-echo-tag.taint-unsafe-echo-tag
../../CrossVul/CWE-79/php/good_1685_4,183,18,`Echo`ing user input risks cross-site scripting vulnerability. You should use `htmlentities()` when showing data to users.,ERROR,php.lang.security.injection.echoed-request.echoed-request
../../CrossVul/CWE-79/php/good_1685_4,183,18,"Found direct access to a PHP variable wihout HTML escaping inside an inline PHP statement setting data from `$_REQUEST[...]`. When untrusted input can be used to tamper with a web page rendering, it can lead to a Cross-site scripting (XSS) vulnerability. XSS vulnerabilities occur when untrusted input executes malicious JavaScript code, leading to issues such as account compromise and sensitive information leakage. To prevent this vulnerability, validate the user input, perform contextual output encoding or sanitize the input. In PHP you can encode or sanitize user input with `htmlspecialchars` or use automatic context-aware escaping with a template engine such as Latte.",WARNING,php.lang.security.taint-unsafe-echo-tag.taint-unsafe-echo-tag
../../CrossVul/CWE-79/php/good_1685_4,185,15,`Echo`ing user input risks cross-site scripting vulnerability. You should use `htmlentities()` when showing data to users.,ERROR,php.lang.security.injection.echoed-request.echoed-request
../../CrossVul/CWE-79/php/good_1685_4,185,15,"Found direct access to a PHP variable wihout HTML escaping inside an inline PHP statement setting data from `$_REQUEST[...]`. When untrusted input can be used to tamper with a web page rendering, it can lead to a Cross-site scripting (XSS) vulnerability. XSS vulnerabilities occur when untrusted input executes malicious JavaScript code, leading to issues such as account compromise and sensitive information leakage. To prevent this vulnerability, validate the user input, perform contextual output encoding or sanitize the input. In PHP you can encode or sanitize user input with `htmlspecialchars` or use automatic context-aware escaping with a template engine such as Latte.",WARNING,php.lang.security.taint-unsafe-echo-tag.taint-unsafe-echo-tag
../../CrossVul/CWE-79/php/good_1685_4,190,11,`Echo`ing user input risks cross-site scripting vulnerability. You should use `htmlentities()` when showing data to users.,ERROR,php.lang.security.injection.echoed-request.echoed-request
../../CrossVul/CWE-79/php/good_1685_4,190,11,"Found direct access to a PHP variable wihout HTML escaping inside an inline PHP statement setting data from `$_REQUEST[...]`. When untrusted input can be used to tamper with a web page rendering, it can lead to a Cross-site scripting (XSS) vulnerability. XSS vulnerabilities occur when untrusted input executes malicious JavaScript code, leading to issues such as account compromise and sensitive information leakage. To prevent this vulnerability, validate the user input, perform contextual output encoding or sanitize the input. In PHP you can encode or sanitize user input with `htmlspecialchars` or use automatic context-aware escaping with a template engine such as Latte.",WARNING,php.lang.security.taint-unsafe-echo-tag.taint-unsafe-echo-tag
../../CrossVul/CWE-79/php/good_1685_4,208,11,`Echo`ing user input risks cross-site scripting vulnerability. You should use `htmlentities()` when showing data to users.,ERROR,php.lang.security.injection.echoed-request.echoed-request
../../CrossVul/CWE-79/php/good_1685_4,208,11,"Found direct access to a PHP variable wihout HTML escaping inside an inline PHP statement setting data from `$_REQUEST[...]`. When untrusted input can be used to tamper with a web page rendering, it can lead to a Cross-site scripting (XSS) vulnerability. XSS vulnerabilities occur when untrusted input executes malicious JavaScript code, leading to issues such as account compromise and sensitive information leakage. To prevent this vulnerability, validate the user input, perform contextual output encoding or sanitize the input. In PHP you can encode or sanitize user input with `htmlspecialchars` or use automatic context-aware escaping with a template engine such as Latte.",WARNING,php.lang.security.taint-unsafe-echo-tag.taint-unsafe-echo-tag
../../CrossVul/CWE-79/php/good_1685_4,212,18,`Echo`ing user input risks cross-site scripting vulnerability. You should use `htmlentities()` when showing data to users.,ERROR,php.lang.security.injection.echoed-request.echoed-request
../../CrossVul/CWE-79/php/good_1685_4,212,18,"Found direct access to a PHP variable wihout HTML escaping inside an inline PHP statement setting data from `$_REQUEST[...]`. When untrusted input can be used to tamper with a web page rendering, it can lead to a Cross-site scripting (XSS) vulnerability. XSS vulnerabilities occur when untrusted input executes malicious JavaScript code, leading to issues such as account compromise and sensitive information leakage. To prevent this vulnerability, validate the user input, perform contextual output encoding or sanitize the input. In PHP you can encode or sanitize user input with `htmlspecialchars` or use automatic context-aware escaping with a template engine such as Latte.",WARNING,php.lang.security.taint-unsafe-echo-tag.taint-unsafe-echo-tag
../../CrossVul/CWE-79/php/good_1685_4,213,18,`Echo`ing user input risks cross-site scripting vulnerability. You should use `htmlentities()` when showing data to users.,ERROR,php.lang.security.injection.echoed-request.echoed-request
../../CrossVul/CWE-79/php/good_1685_4,213,18,"Found direct access to a PHP variable wihout HTML escaping inside an inline PHP statement setting data from `$_REQUEST[...]`. When untrusted input can be used to tamper with a web page rendering, it can lead to a Cross-site scripting (XSS) vulnerability. XSS vulnerabilities occur when untrusted input executes malicious JavaScript code, leading to issues such as account compromise and sensitive information leakage. To prevent this vulnerability, validate the user input, perform contextual output encoding or sanitize the input. In PHP you can encode or sanitize user input with `htmlspecialchars` or use automatic context-aware escaping with a template engine such as Latte.",WARNING,php.lang.security.taint-unsafe-echo-tag.taint-unsafe-echo-tag
../../CrossVul/CWE-79/php/good_1685_4,214,79,`Echo`ing user input risks cross-site scripting vulnerability. You should use `htmlentities()` when showing data to users.,ERROR,php.lang.security.injection.echoed-request.echoed-request
../../CrossVul/CWE-79/php/good_1685_4,214,79,"Found direct access to a PHP variable wihout HTML escaping inside an inline PHP statement setting data from `$_REQUEST[...]`. When untrusted input can be used to tamper with a web page rendering, it can lead to a Cross-site scripting (XSS) vulnerability. XSS vulnerabilities occur when untrusted input executes malicious JavaScript code, leading to issues such as account compromise and sensitive information leakage. To prevent this vulnerability, validate the user input, perform contextual output encoding or sanitize the input. In PHP you can encode or sanitize user input with `htmlspecialchars` or use automatic context-aware escaping with a template engine such as Latte.",WARNING,php.lang.security.taint-unsafe-echo-tag.taint-unsafe-echo-tag
../../CrossVul/CWE-79/php/good_1685_4,218,10,`Echo`ing user input risks cross-site scripting vulnerability. You should use `htmlentities()` when showing data to users.,ERROR,php.lang.security.injection.echoed-request.echoed-request
../../CrossVul/CWE-79/php/good_1685_4,218,10,"Found direct access to a PHP variable wihout HTML escaping inside an inline PHP statement setting data from `$_REQUEST[...]`. When untrusted input can be used to tamper with a web page rendering, it can lead to a Cross-site scripting (XSS) vulnerability. XSS vulnerabilities occur when untrusted input executes malicious JavaScript code, leading to issues such as account compromise and sensitive information leakage. To prevent this vulnerability, validate the user input, perform contextual output encoding or sanitize the input. In PHP you can encode or sanitize user input with `htmlspecialchars` or use automatic context-aware escaping with a template engine such as Latte.",WARNING,php.lang.security.taint-unsafe-echo-tag.taint-unsafe-echo-tag
../../CrossVul/CWE-79/php/good_1685_4,221,18,`Echo`ing user input risks cross-site scripting vulnerability. You should use `htmlentities()` when showing data to users.,ERROR,php.lang.security.injection.echoed-request.echoed-request
../../CrossVul/CWE-79/php/good_1685_4,221,18,"Found direct access to a PHP variable wihout HTML escaping inside an inline PHP statement setting data from `$_REQUEST[...]`. When untrusted input can be used to tamper with a web page rendering, it can lead to a Cross-site scripting (XSS) vulnerability. XSS vulnerabilities occur when untrusted input executes malicious JavaScript code, leading to issues such as account compromise and sensitive information leakage. To prevent this vulnerability, validate the user input, perform contextual output encoding or sanitize the input. In PHP you can encode or sanitize user input with `htmlspecialchars` or use automatic context-aware escaping with a template engine such as Latte.",WARNING,php.lang.security.taint-unsafe-echo-tag.taint-unsafe-echo-tag
../../CrossVul/CWE-79/php/good_1685_4,224,16,`Echo`ing user input risks cross-site scripting vulnerability. You should use `htmlentities()` when showing data to users.,ERROR,php.lang.security.injection.echoed-request.echoed-request
../../CrossVul/CWE-79/php/good_1685_4,224,16,"Found direct access to a PHP variable wihout HTML escaping inside an inline PHP statement setting data from `$_REQUEST[...]`. When untrusted input can be used to tamper with a web page rendering, it can lead to a Cross-site scripting (XSS) vulnerability. XSS vulnerabilities occur when untrusted input executes malicious JavaScript code, leading to issues such as account compromise and sensitive information leakage. To prevent this vulnerability, validate the user input, perform contextual output encoding or sanitize the input. In PHP you can encode or sanitize user input with `htmlspecialchars` or use automatic context-aware escaping with a template engine such as Latte.",WARNING,php.lang.security.taint-unsafe-echo-tag.taint-unsafe-echo-tag
../../CrossVul/CWE-79/php/good_1685_4,228,16,`Echo`ing user input risks cross-site scripting vulnerability. You should use `htmlentities()` when showing data to users.,ERROR,php.lang.security.injection.echoed-request.echoed-request
../../CrossVul/CWE-79/php/good_1685_4,228,16,"Found direct access to a PHP variable wihout HTML escaping inside an inline PHP statement setting data from `$_REQUEST[...]`. When untrusted input can be used to tamper with a web page rendering, it can lead to a Cross-site scripting (XSS) vulnerability. XSS vulnerabilities occur when untrusted input executes malicious JavaScript code, leading to issues such as account compromise and sensitive information leakage. To prevent this vulnerability, validate the user input, perform contextual output encoding or sanitize the input. In PHP you can encode or sanitize user input with `htmlspecialchars` or use automatic context-aware escaping with a template engine such as Latte.",WARNING,php.lang.security.taint-unsafe-echo-tag.taint-unsafe-echo-tag
../../CrossVul/CWE-79/php/good_1685_4,228,103,`Echo`ing user input risks cross-site scripting vulnerability. You should use `htmlentities()` when showing data to users.,ERROR,php.lang.security.injection.echoed-request.echoed-request
../../CrossVul/CWE-79/php/good_1685_4,228,103,"Found direct access to a PHP variable wihout HTML escaping inside an inline PHP statement setting data from `$_REQUEST[...]`. When untrusted input can be used to tamper with a web page rendering, it can lead to a Cross-site scripting (XSS) vulnerability. XSS vulnerabilities occur when untrusted input executes malicious JavaScript code, leading to issues such as account compromise and sensitive information leakage. To prevent this vulnerability, validate the user input, perform contextual output encoding or sanitize the input. In PHP you can encode or sanitize user input with `htmlspecialchars` or use automatic context-aware escaping with a template engine such as Latte.",WARNING,php.lang.security.taint-unsafe-echo-tag.taint-unsafe-echo-tag
../../CrossVul/CWE-79/php/good_1685_4,228,174,`Echo`ing user input risks cross-site scripting vulnerability. You should use `htmlentities()` when showing data to users.,ERROR,php.lang.security.injection.echoed-request.echoed-request
../../CrossVul/CWE-79/php/good_1685_4,228,174,"Found direct access to a PHP variable wihout HTML escaping inside an inline PHP statement setting data from `$_REQUEST[...]`. When untrusted input can be used to tamper with a web page rendering, it can lead to a Cross-site scripting (XSS) vulnerability. XSS vulnerabilities occur when untrusted input executes malicious JavaScript code, leading to issues such as account compromise and sensitive information leakage. To prevent this vulnerability, validate the user input, perform contextual output encoding or sanitize the input. In PHP you can encode or sanitize user input with `htmlspecialchars` or use automatic context-aware escaping with a template engine such as Latte.",WARNING,php.lang.security.taint-unsafe-echo-tag.taint-unsafe-echo-tag
../../CrossVul/CWE-79/php/good_1685_4,234,18,`Echo`ing user input risks cross-site scripting vulnerability. You should use `htmlentities()` when showing data to users.,ERROR,php.lang.security.injection.echoed-request.echoed-request
../../CrossVul/CWE-79/php/good_1685_4,234,18,"Found direct access to a PHP variable wihout HTML escaping inside an inline PHP statement setting data from `$_REQUEST[...]`. When untrusted input can be used to tamper with a web page rendering, it can lead to a Cross-site scripting (XSS) vulnerability. XSS vulnerabilities occur when untrusted input executes malicious JavaScript code, leading to issues such as account compromise and sensitive information leakage. To prevent this vulnerability, validate the user input, perform contextual output encoding or sanitize the input. In PHP you can encode or sanitize user input with `htmlspecialchars` or use automatic context-aware escaping with a template engine such as Latte.",WARNING,php.lang.security.taint-unsafe-echo-tag.taint-unsafe-echo-tag
../../CrossVul/CWE-79/php/good_1685_4,238,11,`Echo`ing user input risks cross-site scripting vulnerability. You should use `htmlentities()` when showing data to users.,ERROR,php.lang.security.injection.echoed-request.echoed-request
../../CrossVul/CWE-79/php/good_1685_4,238,11,"Found direct access to a PHP variable wihout HTML escaping inside an inline PHP statement setting data from `$_REQUEST[...]`. When untrusted input can be used to tamper with a web page rendering, it can lead to a Cross-site scripting (XSS) vulnerability. XSS vulnerabilities occur when untrusted input executes malicious JavaScript code, leading to issues such as account compromise and sensitive information leakage. To prevent this vulnerability, validate the user input, perform contextual output encoding or sanitize the input. In PHP you can encode or sanitize user input with `htmlspecialchars` or use automatic context-aware escaping with a template engine such as Latte.",WARNING,php.lang.security.taint-unsafe-echo-tag.taint-unsafe-echo-tag
../../CrossVul/CWE-79/php/good_1685_4,240,11,`Echo`ing user input risks cross-site scripting vulnerability. You should use `htmlentities()` when showing data to users.,ERROR,php.lang.security.injection.echoed-request.echoed-request
../../CrossVul/CWE-79/php/good_1685_4,240,11,"Found direct access to a PHP variable wihout HTML escaping inside an inline PHP statement setting data from `$_REQUEST[...]`. When untrusted input can be used to tamper with a web page rendering, it can lead to a Cross-site scripting (XSS) vulnerability. XSS vulnerabilities occur when untrusted input executes malicious JavaScript code, leading to issues such as account compromise and sensitive information leakage. To prevent this vulnerability, validate the user input, perform contextual output encoding or sanitize the input. In PHP you can encode or sanitize user input with `htmlspecialchars` or use automatic context-aware escaping with a template engine such as Latte.",WARNING,php.lang.security.taint-unsafe-echo-tag.taint-unsafe-echo-tag
../../CrossVul/CWE-79/php/good_1685_4,261,2,`Echo`ing user input risks cross-site scripting vulnerability. You should use `htmlentities()` when showing data to users.,ERROR,php.lang.security.injection.echoed-request.echoed-request
../../CrossVul/CWE-79/php/good_1685_4,261,2,"Found direct access to a PHP variable wihout HTML escaping inside an inline PHP statement setting data from `$_REQUEST[...]`. When untrusted input can be used to tamper with a web page rendering, it can lead to a Cross-site scripting (XSS) vulnerability. XSS vulnerabilities occur when untrusted input executes malicious JavaScript code, leading to issues such as account compromise and sensitive information leakage. To prevent this vulnerability, validate the user input, perform contextual output encoding or sanitize the input. In PHP you can encode or sanitize user input with `htmlspecialchars` or use automatic context-aware escaping with a template engine such as Latte.",WARNING,php.lang.security.taint-unsafe-echo-tag.taint-unsafe-echo-tag
../../CrossVul/CWE-79/php/good_1759_0,71,5,`Echo`ing user input risks cross-site scripting vulnerability. You should use `htmlentities()` when showing data to users.,ERROR,php.lang.security.injection.echoed-request.echoed-request
../../CrossVul/CWE-79/php/good_1759_0,71,5,"Found direct access to a PHP variable wihout HTML escaping inside an inline PHP statement setting data from `$_REQUEST[...]`. When untrusted input can be used to tamper with a web page rendering, it can lead to a Cross-site scripting (XSS) vulnerability. XSS vulnerabilities occur when untrusted input executes malicious JavaScript code, leading to issues such as account compromise and sensitive information leakage. To prevent this vulnerability, validate the user input, perform contextual output encoding or sanitize the input. In PHP you can encode or sanitize user input with `htmlspecialchars` or use automatic context-aware escaping with a template engine such as Latte.",WARNING,php.lang.security.taint-unsafe-echo-tag.taint-unsafe-echo-tag
../../CrossVul/CWE-79/php/good_1759_0,72,5,`Echo`ing user input risks cross-site scripting vulnerability. You should use `htmlentities()` when showing data to users.,ERROR,php.lang.security.injection.echoed-request.echoed-request
../../CrossVul/CWE-79/php/good_1759_0,72,5,"Found direct access to a PHP variable wihout HTML escaping inside an inline PHP statement setting data from `$_REQUEST[...]`. When untrusted input can be used to tamper with a web page rendering, it can lead to a Cross-site scripting (XSS) vulnerability. XSS vulnerabilities occur when untrusted input executes malicious JavaScript code, leading to issues such as account compromise and sensitive information leakage. To prevent this vulnerability, validate the user input, perform contextual output encoding or sanitize the input. In PHP you can encode or sanitize user input with `htmlspecialchars` or use automatic context-aware escaping with a template engine such as Latte.",WARNING,php.lang.security.taint-unsafe-echo-tag.taint-unsafe-echo-tag
../../CrossVul/CWE-79/php/good_1759_0,75,29,`Echo`ing user input risks cross-site scripting vulnerability. You should use `htmlentities()` when showing data to users.,ERROR,php.lang.security.injection.echoed-request.echoed-request
../../CrossVul/CWE-79/php/good_1759_0,75,29,"Found direct access to a PHP variable wihout HTML escaping inside an inline PHP statement setting data from `$_REQUEST[...]`. When untrusted input can be used to tamper with a web page rendering, it can lead to a Cross-site scripting (XSS) vulnerability. XSS vulnerabilities occur when untrusted input executes malicious JavaScript code, leading to issues such as account compromise and sensitive information leakage. To prevent this vulnerability, validate the user input, perform contextual output encoding or sanitize the input. In PHP you can encode or sanitize user input with `htmlspecialchars` or use automatic context-aware escaping with a template engine such as Latte.",WARNING,php.lang.security.taint-unsafe-echo-tag.taint-unsafe-echo-tag
../../CrossVul/CWE-79/php/good_1759_0,76,111,`Echo`ing user input risks cross-site scripting vulnerability. You should use `htmlentities()` when showing data to users.,ERROR,php.lang.security.injection.echoed-request.echoed-request
../../CrossVul/CWE-79/php/good_1759_0,76,111,"Found direct access to a PHP variable wihout HTML escaping inside an inline PHP statement setting data from `$_REQUEST[...]`. When untrusted input can be used to tamper with a web page rendering, it can lead to a Cross-site scripting (XSS) vulnerability. XSS vulnerabilities occur when untrusted input executes malicious JavaScript code, leading to issues such as account compromise and sensitive information leakage. To prevent this vulnerability, validate the user input, perform contextual output encoding or sanitize the input. In PHP you can encode or sanitize user input with `htmlspecialchars` or use automatic context-aware escaping with a template engine such as Latte.",WARNING,php.lang.security.taint-unsafe-echo-tag.taint-unsafe-echo-tag
../../CrossVul/CWE-79/php/good_1879_1,24,4,`Echo`ing user input risks cross-site scripting vulnerability. You should use `htmlentities()` when showing data to users.,ERROR,php.lang.security.injection.echoed-request.echoed-request
../../CrossVul/CWE-79/php/good_1879_1,24,4,"Found direct access to a PHP variable wihout HTML escaping inside an inline PHP statement setting data from `$_REQUEST[...]`. When untrusted input can be used to tamper with a web page rendering, it can lead to a Cross-site scripting (XSS) vulnerability. XSS vulnerabilities occur when untrusted input executes malicious JavaScript code, leading to issues such as account compromise and sensitive information leakage. To prevent this vulnerability, validate the user input, perform contextual output encoding or sanitize the input. In PHP you can encode or sanitize user input with `htmlspecialchars` or use automatic context-aware escaping with a template engine such as Latte.",WARNING,php.lang.security.taint-unsafe-echo-tag.taint-unsafe-echo-tag
../../CrossVul/CWE-79/php/good_1879_1,48,42,`Echo`ing user input risks cross-site scripting vulnerability. You should use `htmlentities()` when showing data to users.,ERROR,php.lang.security.injection.echoed-request.echoed-request
../../CrossVul/CWE-79/php/good_1879_1,48,42,"Found direct access to a PHP variable wihout HTML escaping inside an inline PHP statement setting data from `$_REQUEST[...]`. When untrusted input can be used to tamper with a web page rendering, it can lead to a Cross-site scripting (XSS) vulnerability. XSS vulnerabilities occur when untrusted input executes malicious JavaScript code, leading to issues such as account compromise and sensitive information leakage. To prevent this vulnerability, validate the user input, perform contextual output encoding or sanitize the input. In PHP you can encode or sanitize user input with `htmlspecialchars` or use automatic context-aware escaping with a template engine such as Latte.",WARNING,php.lang.security.taint-unsafe-echo-tag.taint-unsafe-echo-tag
../../CrossVul/CWE-79/php/good_1879_1,578,23,`Echo`ing user input risks cross-site scripting vulnerability. You should use `htmlentities()` when showing data to users.,ERROR,php.lang.security.injection.echoed-request.echoed-request
../../CrossVul/CWE-79/php/good_1879_1,578,23,"Found direct access to a PHP variable wihout HTML escaping inside an inline PHP statement setting data from `$_REQUEST[...]`. When untrusted input can be used to tamper with a web page rendering, it can lead to a Cross-site scripting (XSS) vulnerability. XSS vulnerabilities occur when untrusted input executes malicious JavaScript code, leading to issues such as account compromise and sensitive information leakage. To prevent this vulnerability, validate the user input, perform contextual output encoding or sanitize the input. In PHP you can encode or sanitize user input with `htmlspecialchars` or use automatic context-aware escaping with a template engine such as Latte.",WARNING,php.lang.security.taint-unsafe-echo-tag.taint-unsafe-echo-tag
../../CrossVul/CWE-79/php/good_1879_1,579,23,`Echo`ing user input risks cross-site scripting vulnerability. You should use `htmlentities()` when showing data to users.,ERROR,php.lang.security.injection.echoed-request.echoed-request
../../CrossVul/CWE-79/php/good_1879_1,579,23,"Found direct access to a PHP variable wihout HTML escaping inside an inline PHP statement setting data from `$_REQUEST[...]`. When untrusted input can be used to tamper with a web page rendering, it can lead to a Cross-site scripting (XSS) vulnerability. XSS vulnerabilities occur when untrusted input executes malicious JavaScript code, leading to issues such as account compromise and sensitive information leakage. To prevent this vulnerability, validate the user input, perform contextual output encoding or sanitize the input. In PHP you can encode or sanitize user input with `htmlspecialchars` or use automatic context-aware escaping with a template engine such as Latte.",WARNING,php.lang.security.taint-unsafe-echo-tag.taint-unsafe-echo-tag
../../CrossVul/CWE-79/php/good_1879_1,580,23,`Echo`ing user input risks cross-site scripting vulnerability. You should use `htmlentities()` when showing data to users.,ERROR,php.lang.security.injection.echoed-request.echoed-request
../../CrossVul/CWE-79/php/good_1879_1,580,23,"Found direct access to a PHP variable wihout HTML escaping inside an inline PHP statement setting data from `$_REQUEST[...]`. When untrusted input can be used to tamper with a web page rendering, it can lead to a Cross-site scripting (XSS) vulnerability. XSS vulnerabilities occur when untrusted input executes malicious JavaScript code, leading to issues such as account compromise and sensitive information leakage. To prevent this vulnerability, validate the user input, perform contextual output encoding or sanitize the input. In PHP you can encode or sanitize user input with `htmlspecialchars` or use automatic context-aware escaping with a template engine such as Latte.",WARNING,php.lang.security.taint-unsafe-echo-tag.taint-unsafe-echo-tag
../../CrossVul/CWE-79/php/good_1879_1,581,124,`Echo`ing user input risks cross-site scripting vulnerability. You should use `htmlentities()` when showing data to users.,ERROR,php.lang.security.injection.echoed-request.echoed-request
../../CrossVul/CWE-79/php/good_1879_1,581,124,"Found direct access to a PHP variable wihout HTML escaping inside an inline PHP statement setting data from `$_REQUEST[...]`. When untrusted input can be used to tamper with a web page rendering, it can lead to a Cross-site scripting (XSS) vulnerability. XSS vulnerabilities occur when untrusted input executes malicious JavaScript code, leading to issues such as account compromise and sensitive information leakage. To prevent this vulnerability, validate the user input, perform contextual output encoding or sanitize the input. In PHP you can encode or sanitize user input with `htmlspecialchars` or use automatic context-aware escaping with a template engine such as Latte.",WARNING,php.lang.security.taint-unsafe-echo-tag.taint-unsafe-echo-tag
../../CrossVul/CWE-79/php/good_1904_0,172,4,`Echo`ing user input risks cross-site scripting vulnerability. You should use `htmlentities()` when showing data to users.,ERROR,php.lang.security.injection.echoed-request.echoed-request
../../CrossVul/CWE-79/php/good_1904_0,172,4,"Found direct access to a PHP variable wihout HTML escaping inside an inline PHP statement setting data from `$_REQUEST[...]`. When untrusted input can be used to tamper with a web page rendering, it can lead to a Cross-site scripting (XSS) vulnerability. XSS vulnerabilities occur when untrusted input executes malicious JavaScript code, leading to issues such as account compromise and sensitive information leakage. To prevent this vulnerability, validate the user input, perform contextual output encoding or sanitize the input. In PHP you can encode or sanitize user input with `htmlspecialchars` or use automatic context-aware escaping with a template engine such as Latte.",WARNING,php.lang.security.taint-unsafe-echo-tag.taint-unsafe-echo-tag
../../CrossVul/CWE-79/php/good_1904_0,181,7,`Echo`ing user input risks cross-site scripting vulnerability. You should use `htmlentities()` when showing data to users.,ERROR,php.lang.security.injection.echoed-request.echoed-request
../../CrossVul/CWE-79/php/good_1904_0,181,7,"Found direct access to a PHP variable wihout HTML escaping inside an inline PHP statement setting data from `$_REQUEST[...]`. When untrusted input can be used to tamper with a web page rendering, it can lead to a Cross-site scripting (XSS) vulnerability. XSS vulnerabilities occur when untrusted input executes malicious JavaScript code, leading to issues such as account compromise and sensitive information leakage. To prevent this vulnerability, validate the user input, perform contextual output encoding or sanitize the input. In PHP you can encode or sanitize user input with `htmlspecialchars` or use automatic context-aware escaping with a template engine such as Latte.",WARNING,php.lang.security.taint-unsafe-echo-tag.taint-unsafe-echo-tag
../../CrossVul/CWE-79/php/good_1904_0,192,4,`Echo`ing user input risks cross-site scripting vulnerability. You should use `htmlentities()` when showing data to users.,ERROR,php.lang.security.injection.echoed-request.echoed-request
../../CrossVul/CWE-79/php/good_1904_0,192,4,"Found direct access to a PHP variable wihout HTML escaping inside an inline PHP statement setting data from `$_REQUEST[...]`. When untrusted input can be used to tamper with a web page rendering, it can lead to a Cross-site scripting (XSS) vulnerability. XSS vulnerabilities occur when untrusted input executes malicious JavaScript code, leading to issues such as account compromise and sensitive information leakage. To prevent this vulnerability, validate the user input, perform contextual output encoding or sanitize the input. In PHP you can encode or sanitize user input with `htmlspecialchars` or use automatic context-aware escaping with a template engine such as Latte.",WARNING,php.lang.security.taint-unsafe-echo-tag.taint-unsafe-echo-tag
../../CrossVul/CWE-79/php/good_1904_0,209,4,`Echo`ing user input risks cross-site scripting vulnerability. You should use `htmlentities()` when showing data to users.,ERROR,php.lang.security.injection.echoed-request.echoed-request
../../CrossVul/CWE-79/php/good_1904_0,209,4,"Found direct access to a PHP variable wihout HTML escaping inside an inline PHP statement setting data from `$_REQUEST[...]`. When untrusted input can be used to tamper with a web page rendering, it can lead to a Cross-site scripting (XSS) vulnerability. XSS vulnerabilities occur when untrusted input executes malicious JavaScript code, leading to issues such as account compromise and sensitive information leakage. To prevent this vulnerability, validate the user input, perform contextual output encoding or sanitize the input. In PHP you can encode or sanitize user input with `htmlspecialchars` or use automatic context-aware escaping with a template engine such as Latte.",WARNING,php.lang.security.taint-unsafe-echo-tag.taint-unsafe-echo-tag
../../CrossVul/CWE-79/php/good_1904_0,220,4,`Echo`ing user input risks cross-site scripting vulnerability. You should use `htmlentities()` when showing data to users.,ERROR,php.lang.security.injection.echoed-request.echoed-request
../../CrossVul/CWE-79/php/good_1904_0,220,4,"Found direct access to a PHP variable wihout HTML escaping inside an inline PHP statement setting data from `$_REQUEST[...]`. When untrusted input can be used to tamper with a web page rendering, it can lead to a Cross-site scripting (XSS) vulnerability. XSS vulnerabilities occur when untrusted input executes malicious JavaScript code, leading to issues such as account compromise and sensitive information leakage. To prevent this vulnerability, validate the user input, perform contextual output encoding or sanitize the input. In PHP you can encode or sanitize user input with `htmlspecialchars` or use automatic context-aware escaping with a template engine such as Latte.",WARNING,php.lang.security.taint-unsafe-echo-tag.taint-unsafe-echo-tag
../../CrossVul/CWE-79/php/good_1904_0,224,4,`Echo`ing user input risks cross-site scripting vulnerability. You should use `htmlentities()` when showing data to users.,ERROR,php.lang.security.injection.echoed-request.echoed-request
../../CrossVul/CWE-79/php/good_1904_0,224,4,"Found direct access to a PHP variable wihout HTML escaping inside an inline PHP statement setting data from `$_REQUEST[...]`. When untrusted input can be used to tamper with a web page rendering, it can lead to a Cross-site scripting (XSS) vulnerability. XSS vulnerabilities occur when untrusted input executes malicious JavaScript code, leading to issues such as account compromise and sensitive information leakage. To prevent this vulnerability, validate the user input, perform contextual output encoding or sanitize the input. In PHP you can encode or sanitize user input with `htmlspecialchars` or use automatic context-aware escaping with a template engine such as Latte.",WARNING,php.lang.security.taint-unsafe-echo-tag.taint-unsafe-echo-tag
../../CrossVul/CWE-79/php/good_1904_0,229,4,`Echo`ing user input risks cross-site scripting vulnerability. You should use `htmlentities()` when showing data to users.,ERROR,php.lang.security.injection.echoed-request.echoed-request
../../CrossVul/CWE-79/php/good_1904_0,229,4,"Found direct access to a PHP variable wihout HTML escaping inside an inline PHP statement setting data from `$_REQUEST[...]`. When untrusted input can be used to tamper with a web page rendering, it can lead to a Cross-site scripting (XSS) vulnerability. XSS vulnerabilities occur when untrusted input executes malicious JavaScript code, leading to issues such as account compromise and sensitive information leakage. To prevent this vulnerability, validate the user input, perform contextual output encoding or sanitize the input. In PHP you can encode or sanitize user input with `htmlspecialchars` or use automatic context-aware escaping with a template engine such as Latte.",WARNING,php.lang.security.taint-unsafe-echo-tag.taint-unsafe-echo-tag
../../CrossVul/CWE-79/php/good_2113_0,65,66,`Echo`ing user input risks cross-site scripting vulnerability. You should use `htmlentities()` when showing data to users.,ERROR,php.lang.security.injection.echoed-request.echoed-request
../../CrossVul/CWE-79/php/good_2113_0,65,66,"Found direct access to a PHP variable wihout HTML escaping inside an inline PHP statement setting data from `$_REQUEST[...]`. When untrusted input can be used to tamper with a web page rendering, it can lead to a Cross-site scripting (XSS) vulnerability. XSS vulnerabilities occur when untrusted input executes malicious JavaScript code, leading to issues such as account compromise and sensitive information leakage. To prevent this vulnerability, validate the user input, perform contextual output encoding or sanitize the input. In PHP you can encode or sanitize user input with `htmlspecialchars` or use automatic context-aware escaping with a template engine such as Latte.",WARNING,php.lang.security.taint-unsafe-echo-tag.taint-unsafe-echo-tag
../../CrossVul/CWE-79/php/good_2334_1,43,23,"User data flows into this manually-constructed SQL string. User data can be safely inserted into SQL strings using prepared statements or an object-relational mapper (ORM). Manually-constructed SQL strings is a possible indicator of SQL injection, which could let an attacker steal or manipulate data from the database. Instead, use prepared statements (`$mysqli->prepare(""INSERT INTO test(id, label) VALUES (?, ?)"");`) or a safe library.",ERROR,php.lang.security.injection.tainted-sql-string.tainted-sql-string
../../CrossVul/CWE-79/php/good_2358_1,29,5,`Echo`ing user input risks cross-site scripting vulnerability. You should use `htmlentities()` when showing data to users.,ERROR,php.lang.security.injection.echoed-request.echoed-request
../../CrossVul/CWE-79/php/good_2358_1,29,5,"Found direct access to a PHP variable wihout HTML escaping inside an inline PHP statement setting data from `$_REQUEST[...]`. When untrusted input can be used to tamper with a web page rendering, it can lead to a Cross-site scripting (XSS) vulnerability. XSS vulnerabilities occur when untrusted input executes malicious JavaScript code, leading to issues such as account compromise and sensitive information leakage. To prevent this vulnerability, validate the user input, perform contextual output encoding or sanitize the input. In PHP you can encode or sanitize user input with `htmlspecialchars` or use automatic context-aware escaping with a template engine such as Latte.",WARNING,php.lang.security.taint-unsafe-echo-tag.taint-unsafe-echo-tag
../../CrossVul/CWE-79/php/good_2516_3,197,31,"Untrusted input could be used to tamper with a web page rendering, which can lead to a Cross-site scripting (XSS) vulnerability. XSS vulnerabilities occur when untrusted input executes malicious JavaScript code, leading to issues such as account compromise and sensitive information leakage. To prevent this vulnerability, validate the user input, perform contextual output encoding or sanitize the input. In PHP you can encode or sanitize user input with `htmlspecialchars` or use automatic context-aware escaping with a template engine such as Latte.",ERROR,php.lang.security.tainted-user-input-in-php-script.tainted-user-input-in-php-script
../../CrossVul/CWE-79/php/good_2516_3,207,34,"Untrusted input could be used to tamper with a web page rendering, which can lead to a Cross-site scripting (XSS) vulnerability. XSS vulnerabilities occur when untrusted input executes malicious JavaScript code, leading to issues such as account compromise and sensitive information leakage. To prevent this vulnerability, validate the user input, perform contextual output encoding or sanitize the input. In PHP you can encode or sanitize user input with `htmlspecialchars` or use automatic context-aware escaping with a template engine such as Latte.",ERROR,php.lang.security.tainted-user-input-in-php-script.tainted-user-input-in-php-script
../../CrossVul/CWE-79/php/good_2516_3,210,48,"User data flows into this manually-constructed SQL string. User data can be safely inserted into SQL strings using prepared statements or an object-relational mapper (ORM). Manually-constructed SQL strings is a possible indicator of SQL injection, which could let an attacker steal or manipulate data from the database. Instead, use prepared statements (`$mysqli->prepare(""INSERT INTO test(id, label) VALUES (?, ?)"");`) or a safe library.",ERROR,php.lang.security.injection.tainted-sql-string.tainted-sql-string
../../CrossVul/CWE-79/php/good_2516_3,210,48,"Untrusted input might be used to build a database query, which can lead to a SQL injection vulnerability. An attacker can execute malicious SQL statements and gain unauthorized access to sensitive data, modify, delete data, or execute arbitrary system commands. To prevent this vulnerability, use prepared statements that do not concatenate user-controllable strings and use parameterized queries where SQL commands and user data are strictly separated. Also, consider using an object-relational (ORM) framework to operate with safer abstractions. To build SQL queries safely in PHP, it is possible to adopt prepared statements by using `PDO` with bind variables using `bindParam()`.",CRITICAL,php.laravel.security.laravel-native-sql-injection.laravel-native-sql-injection
../../CrossVul/CWE-79/php/good_2516_3,211,36,"Untrusted input could be used to tamper with a web page rendering, which can lead to a Cross-site scripting (XSS) vulnerability. XSS vulnerabilities occur when untrusted input executes malicious JavaScript code, leading to issues such as account compromise and sensitive information leakage. To prevent this vulnerability, validate the user input, perform contextual output encoding or sanitize the input. In PHP you can encode or sanitize user input with `htmlspecialchars` or use automatic context-aware escaping with a template engine such as Latte.",ERROR,php.lang.security.tainted-user-input-in-php-script.tainted-user-input-in-php-script
../../CrossVul/CWE-79/php/good_2516_3,214,30,"User data flows into this manually-constructed SQL string. User data can be safely inserted into SQL strings using prepared statements or an object-relational mapper (ORM). Manually-constructed SQL strings is a possible indicator of SQL injection, which could let an attacker steal or manipulate data from the database. Instead, use prepared statements (`$mysqli->prepare(""INSERT INTO test(id, label) VALUES (?, ?)"");`) or a safe library.",ERROR,php.lang.security.injection.tainted-sql-string.tainted-sql-string
../../CrossVul/CWE-79/php/good_2827_0,47,19,File name based on user input risks server-side request forgery.,WARNING,php.lang.security.injection.tainted-filename.tainted-filename
../../CrossVul/CWE-79/php/good_2827_0,53,11,File name based on user input risks server-side request forgery.,WARNING,php.lang.security.injection.tainted-filename.tainted-filename
../../CrossVul/CWE-79/php/good_2827_0,71,18,File name based on user input risks server-side request forgery.,WARNING,php.lang.security.injection.tainted-filename.tainted-filename
../../CrossVul/CWE-79/php/good_2827_0,72,38,File name based on user input risks server-side request forgery.,WARNING,php.lang.security.injection.tainted-filename.tainted-filename
../../CrossVul/CWE-79/php/good_2962_0,1977,31,"User data flows into this manually-constructed SQL string. User data can be safely inserted into SQL strings using prepared statements or an object-relational mapper (ORM). Manually-constructed SQL strings is a possible indicator of SQL injection, which could let an attacker steal or manipulate data from the database. Instead, use prepared statements (`$mysqli->prepare(""INSERT INTO test(id, label) VALUES (?, ?)"");`) or a safe library.",ERROR,php.lang.security.injection.tainted-sql-string.tainted-sql-string
../../CrossVul/CWE-79/php/good_2962_0,1994,29,"User data flows into this manually-constructed SQL string. User data can be safely inserted into SQL strings using prepared statements or an object-relational mapper (ORM). Manually-constructed SQL strings is a possible indicator of SQL injection, which could let an attacker steal or manipulate data from the database. Instead, use prepared statements (`$mysqli->prepare(""INSERT INTO test(id, label) VALUES (?, ?)"");`) or a safe library.",ERROR,php.lang.security.injection.tainted-sql-string.tainted-sql-string
../../CrossVul/CWE-79/php/good_2962_0,2000,25,"User data flows into this manually-constructed SQL string. User data can be safely inserted into SQL strings using prepared statements or an object-relational mapper (ORM). Manually-constructed SQL strings is a possible indicator of SQL injection, which could let an attacker steal or manipulate data from the database. Instead, use prepared statements (`$mysqli->prepare(""INSERT INTO test(id, label) VALUES (?, ?)"");`) or a safe library.",ERROR,php.lang.security.injection.tainted-sql-string.tainted-sql-string
../../CrossVul/CWE-79/php/good_2962_0,2065,38,"User data flows into this manually-constructed SQL string. User data can be safely inserted into SQL strings using prepared statements or an object-relational mapper (ORM). Manually-constructed SQL strings is a possible indicator of SQL injection, which could let an attacker steal or manipulate data from the database. Instead, use prepared statements (`$mysqli->prepare(""INSERT INTO test(id, label) VALUES (?, ?)"");`) or a safe library.",ERROR,php.lang.security.injection.tainted-sql-string.tainted-sql-string
../../CrossVul/CWE-79/php/good_2962_0,2136,3,`Echo`ing user input risks cross-site scripting vulnerability. You should use `htmlentities()` when showing data to users.,ERROR,php.lang.security.injection.echoed-request.echoed-request
../../CrossVul/CWE-79/php/good_2962_0,2136,3,"Found direct access to a PHP variable wihout HTML escaping inside an inline PHP statement setting data from `$_REQUEST[...]`. When untrusted input can be used to tamper with a web page rendering, it can lead to a Cross-site scripting (XSS) vulnerability. XSS vulnerabilities occur when untrusted input executes malicious JavaScript code, leading to issues such as account compromise and sensitive information leakage. To prevent this vulnerability, validate the user input, perform contextual output encoding or sanitize the input. In PHP you can encode or sanitize user input with `htmlspecialchars` or use automatic context-aware escaping with a template engine such as Latte.",WARNING,php.lang.security.taint-unsafe-echo-tag.taint-unsafe-echo-tag
../../CrossVul/CWE-79/php/good_300_1,51,12,"User data flows into this manually-constructed SQL string. User data can be safely inserted into SQL strings using prepared statements or an object-relational mapper (ORM). Manually-constructed SQL strings is a possible indicator of SQL injection, which could let an attacker steal or manipulate data from the database. Instead, use prepared statements (`$mysqli->prepare(""INSERT INTO test(id, label) VALUES (?, ?)"");`) or a safe library.",ERROR,php.lang.security.injection.tainted-sql-string.tainted-sql-string
../../CrossVul/CWE-79/php/good_300_1,56,12,"User data flows into this manually-constructed SQL string. User data can be safely inserted into SQL strings using prepared statements or an object-relational mapper (ORM). Manually-constructed SQL strings is a possible indicator of SQL injection, which could let an attacker steal or manipulate data from the database. Instead, use prepared statements (`$mysqli->prepare(""INSERT INTO test(id, label) VALUES (?, ?)"");`) or a safe library.",ERROR,php.lang.security.injection.tainted-sql-string.tainted-sql-string
../../CrossVul/CWE-79/php/good_300_1,63,12,"User data flows into this manually-constructed SQL string. User data can be safely inserted into SQL strings using prepared statements or an object-relational mapper (ORM). Manually-constructed SQL strings is a possible indicator of SQL injection, which could let an attacker steal or manipulate data from the database. Instead, use prepared statements (`$mysqli->prepare(""INSERT INTO test(id, label) VALUES (?, ?)"");`) or a safe library.",ERROR,php.lang.security.injection.tainted-sql-string.tainted-sql-string
../../CrossVul/CWE-79/php/good_300_2,25,16,"User data flows into this manually-constructed SQL string. User data can be safely inserted into SQL strings using prepared statements or an object-relational mapper (ORM). Manually-constructed SQL strings is a possible indicator of SQL injection, which could let an attacker steal or manipulate data from the database. Instead, use prepared statements (`$mysqli->prepare(""INSERT INTO test(id, label) VALUES (?, ?)"");`) or a safe library.",ERROR,php.lang.security.injection.tainted-sql-string.tainted-sql-string
../../CrossVul/CWE-79/php/good_300_2,36,26,"User data flows into this manually-constructed SQL string. User data can be safely inserted into SQL strings using prepared statements or an object-relational mapper (ORM). Manually-constructed SQL strings is a possible indicator of SQL injection, which could let an attacker steal or manipulate data from the database. Instead, use prepared statements (`$mysqli->prepare(""INSERT INTO test(id, label) VALUES (?, ?)"");`) or a safe library.",ERROR,php.lang.security.injection.tainted-sql-string.tainted-sql-string
../../CrossVul/CWE-79/php/good_300_2,41,19,"User data flows into this manually-constructed SQL string. User data can be safely inserted into SQL strings using prepared statements or an object-relational mapper (ORM). Manually-constructed SQL strings is a possible indicator of SQL injection, which could let an attacker steal or manipulate data from the database. Instead, use prepared statements (`$mysqli->prepare(""INSERT INTO test(id, label) VALUES (?, ?)"");`) or a safe library.",ERROR,php.lang.security.injection.tainted-sql-string.tainted-sql-string
../../CrossVul/CWE-79/php/good_300_2,44,19,"User data flows into this manually-constructed SQL string. User data can be safely inserted into SQL strings using prepared statements or an object-relational mapper (ORM). Manually-constructed SQL strings is a possible indicator of SQL injection, which could let an attacker steal or manipulate data from the database. Instead, use prepared statements (`$mysqli->prepare(""INSERT INTO test(id, label) VALUES (?, ?)"");`) or a safe library.",ERROR,php.lang.security.injection.tainted-sql-string.tainted-sql-string
../../CrossVul/CWE-79/php/good_300_8,31,12,"User data flows into this manually-constructed SQL string. User data can be safely inserted into SQL strings using prepared statements or an object-relational mapper (ORM). Manually-constructed SQL strings is a possible indicator of SQL injection, which could let an attacker steal or manipulate data from the database. Instead, use prepared statements (`$mysqli->prepare(""INSERT INTO test(id, label) VALUES (?, ?)"");`) or a safe library.",ERROR,php.lang.security.injection.tainted-sql-string.tainted-sql-string
../../CrossVul/CWE-79/php/good_300_8,38,12,"User data flows into this manually-constructed SQL string. User data can be safely inserted into SQL strings using prepared statements or an object-relational mapper (ORM). Manually-constructed SQL strings is a possible indicator of SQL injection, which could let an attacker steal or manipulate data from the database. Instead, use prepared statements (`$mysqli->prepare(""INSERT INTO test(id, label) VALUES (?, ?)"");`) or a safe library.",ERROR,php.lang.security.injection.tainted-sql-string.tainted-sql-string
../../CrossVul/CWE-79/php/good_301_1,51,12,"User data flows into this manually-constructed SQL string. User data can be safely inserted into SQL strings using prepared statements or an object-relational mapper (ORM). Manually-constructed SQL strings is a possible indicator of SQL injection, which could let an attacker steal or manipulate data from the database. Instead, use prepared statements (`$mysqli->prepare(""INSERT INTO test(id, label) VALUES (?, ?)"");`) or a safe library.",ERROR,php.lang.security.injection.tainted-sql-string.tainted-sql-string
../../CrossVul/CWE-79/php/good_301_1,56,12,"User data flows into this manually-constructed SQL string. User data can be safely inserted into SQL strings using prepared statements or an object-relational mapper (ORM). Manually-constructed SQL strings is a possible indicator of SQL injection, which could let an attacker steal or manipulate data from the database. Instead, use prepared statements (`$mysqli->prepare(""INSERT INTO test(id, label) VALUES (?, ?)"");`) or a safe library.",ERROR,php.lang.security.injection.tainted-sql-string.tainted-sql-string
../../CrossVul/CWE-79/php/good_301_1,63,12,"User data flows into this manually-constructed SQL string. User data can be safely inserted into SQL strings using prepared statements or an object-relational mapper (ORM). Manually-constructed SQL strings is a possible indicator of SQL injection, which could let an attacker steal or manipulate data from the database. Instead, use prepared statements (`$mysqli->prepare(""INSERT INTO test(id, label) VALUES (?, ?)"");`) or a safe library.",ERROR,php.lang.security.injection.tainted-sql-string.tainted-sql-string
../../CrossVul/CWE-79/php/good_301_2,25,16,"User data flows into this manually-constructed SQL string. User data can be safely inserted into SQL strings using prepared statements or an object-relational mapper (ORM). Manually-constructed SQL strings is a possible indicator of SQL injection, which could let an attacker steal or manipulate data from the database. Instead, use prepared statements (`$mysqli->prepare(""INSERT INTO test(id, label) VALUES (?, ?)"");`) or a safe library.",ERROR,php.lang.security.injection.tainted-sql-string.tainted-sql-string
../../CrossVul/CWE-79/php/good_301_2,36,26,"User data flows into this manually-constructed SQL string. User data can be safely inserted into SQL strings using prepared statements or an object-relational mapper (ORM). Manually-constructed SQL strings is a possible indicator of SQL injection, which could let an attacker steal or manipulate data from the database. Instead, use prepared statements (`$mysqli->prepare(""INSERT INTO test(id, label) VALUES (?, ?)"");`) or a safe library.",ERROR,php.lang.security.injection.tainted-sql-string.tainted-sql-string
../../CrossVul/CWE-79/php/good_301_2,41,19,"User data flows into this manually-constructed SQL string. User data can be safely inserted into SQL strings using prepared statements or an object-relational mapper (ORM). Manually-constructed SQL strings is a possible indicator of SQL injection, which could let an attacker steal or manipulate data from the database. Instead, use prepared statements (`$mysqli->prepare(""INSERT INTO test(id, label) VALUES (?, ?)"");`) or a safe library.",ERROR,php.lang.security.injection.tainted-sql-string.tainted-sql-string
../../CrossVul/CWE-79/php/good_301_2,44,19,"User data flows into this manually-constructed SQL string. User data can be safely inserted into SQL strings using prepared statements or an object-relational mapper (ORM). Manually-constructed SQL strings is a possible indicator of SQL injection, which could let an attacker steal or manipulate data from the database. Instead, use prepared statements (`$mysqli->prepare(""INSERT INTO test(id, label) VALUES (?, ?)"");`) or a safe library.",ERROR,php.lang.security.injection.tainted-sql-string.tainted-sql-string
../../CrossVul/CWE-79/php/good_301_8,31,12,"User data flows into this manually-constructed SQL string. User data can be safely inserted into SQL strings using prepared statements or an object-relational mapper (ORM). Manually-constructed SQL strings is a possible indicator of SQL injection, which could let an attacker steal or manipulate data from the database. Instead, use prepared statements (`$mysqli->prepare(""INSERT INTO test(id, label) VALUES (?, ?)"");`) or a safe library.",ERROR,php.lang.security.injection.tainted-sql-string.tainted-sql-string
../../CrossVul/CWE-79/php/good_301_8,38,12,"User data flows into this manually-constructed SQL string. User data can be safely inserted into SQL strings using prepared statements or an object-relational mapper (ORM). Manually-constructed SQL strings is a possible indicator of SQL injection, which could let an attacker steal or manipulate data from the database. Instead, use prepared statements (`$mysqli->prepare(""INSERT INTO test(id, label) VALUES (?, ?)"");`) or a safe library.",ERROR,php.lang.security.injection.tainted-sql-string.tainted-sql-string
../../CrossVul/CWE-79/php/good_302_1,51,12,"User data flows into this manually-constructed SQL string. User data can be safely inserted into SQL strings using prepared statements or an object-relational mapper (ORM). Manually-constructed SQL strings is a possible indicator of SQL injection, which could let an attacker steal or manipulate data from the database. Instead, use prepared statements (`$mysqli->prepare(""INSERT INTO test(id, label) VALUES (?, ?)"");`) or a safe library.",ERROR,php.lang.security.injection.tainted-sql-string.tainted-sql-string
../../CrossVul/CWE-79/php/good_302_1,56,12,"User data flows into this manually-constructed SQL string. User data can be safely inserted into SQL strings using prepared statements or an object-relational mapper (ORM). Manually-constructed SQL strings is a possible indicator of SQL injection, which could let an attacker steal or manipulate data from the database. Instead, use prepared statements (`$mysqli->prepare(""INSERT INTO test(id, label) VALUES (?, ?)"");`) or a safe library.",ERROR,php.lang.security.injection.tainted-sql-string.tainted-sql-string
../../CrossVul/CWE-79/php/good_302_1,63,12,"User data flows into this manually-constructed SQL string. User data can be safely inserted into SQL strings using prepared statements or an object-relational mapper (ORM). Manually-constructed SQL strings is a possible indicator of SQL injection, which could let an attacker steal or manipulate data from the database. Instead, use prepared statements (`$mysqli->prepare(""INSERT INTO test(id, label) VALUES (?, ?)"");`) or a safe library.",ERROR,php.lang.security.injection.tainted-sql-string.tainted-sql-string
../../CrossVul/CWE-79/php/good_302_2,25,16,"User data flows into this manually-constructed SQL string. User data can be safely inserted into SQL strings using prepared statements or an object-relational mapper (ORM). Manually-constructed SQL strings is a possible indicator of SQL injection, which could let an attacker steal or manipulate data from the database. Instead, use prepared statements (`$mysqli->prepare(""INSERT INTO test(id, label) VALUES (?, ?)"");`) or a safe library.",ERROR,php.lang.security.injection.tainted-sql-string.tainted-sql-string
../../CrossVul/CWE-79/php/good_302_2,36,26,"User data flows into this manually-constructed SQL string. User data can be safely inserted into SQL strings using prepared statements or an object-relational mapper (ORM). Manually-constructed SQL strings is a possible indicator of SQL injection, which could let an attacker steal or manipulate data from the database. Instead, use prepared statements (`$mysqli->prepare(""INSERT INTO test(id, label) VALUES (?, ?)"");`) or a safe library.",ERROR,php.lang.security.injection.tainted-sql-string.tainted-sql-string
../../CrossVul/CWE-79/php/good_302_2,41,19,"User data flows into this manually-constructed SQL string. User data can be safely inserted into SQL strings using prepared statements or an object-relational mapper (ORM). Manually-constructed SQL strings is a possible indicator of SQL injection, which could let an attacker steal or manipulate data from the database. Instead, use prepared statements (`$mysqli->prepare(""INSERT INTO test(id, label) VALUES (?, ?)"");`) or a safe library.",ERROR,php.lang.security.injection.tainted-sql-string.tainted-sql-string
../../CrossVul/CWE-79/php/good_302_2,44,19,"User data flows into this manually-constructed SQL string. User data can be safely inserted into SQL strings using prepared statements or an object-relational mapper (ORM). Manually-constructed SQL strings is a possible indicator of SQL injection, which could let an attacker steal or manipulate data from the database. Instead, use prepared statements (`$mysqli->prepare(""INSERT INTO test(id, label) VALUES (?, ?)"");`) or a safe library.",ERROR,php.lang.security.injection.tainted-sql-string.tainted-sql-string
../../CrossVul/CWE-79/php/good_302_8,31,12,"User data flows into this manually-constructed SQL string. User data can be safely inserted into SQL strings using prepared statements or an object-relational mapper (ORM). Manually-constructed SQL strings is a possible indicator of SQL injection, which could let an attacker steal or manipulate data from the database. Instead, use prepared statements (`$mysqli->prepare(""INSERT INTO test(id, label) VALUES (?, ?)"");`) or a safe library.",ERROR,php.lang.security.injection.tainted-sql-string.tainted-sql-string
../../CrossVul/CWE-79/php/good_302_8,38,12,"User data flows into this manually-constructed SQL string. User data can be safely inserted into SQL strings using prepared statements or an object-relational mapper (ORM). Manually-constructed SQL strings is a possible indicator of SQL injection, which could let an attacker steal or manipulate data from the database. Instead, use prepared statements (`$mysqli->prepare(""INSERT INTO test(id, label) VALUES (?, ?)"");`) or a safe library.",ERROR,php.lang.security.injection.tainted-sql-string.tainted-sql-string
../../CrossVul/CWE-79/php/good_303_1,51,12,"User data flows into this manually-constructed SQL string. User data can be safely inserted into SQL strings using prepared statements or an object-relational mapper (ORM). Manually-constructed SQL strings is a possible indicator of SQL injection, which could let an attacker steal or manipulate data from the database. Instead, use prepared statements (`$mysqli->prepare(""INSERT INTO test(id, label) VALUES (?, ?)"");`) or a safe library.",ERROR,php.lang.security.injection.tainted-sql-string.tainted-sql-string
../../CrossVul/CWE-79/php/good_303_1,56,12,"User data flows into this manually-constructed SQL string. User data can be safely inserted into SQL strings using prepared statements or an object-relational mapper (ORM). Manually-constructed SQL strings is a possible indicator of SQL injection, which could let an attacker steal or manipulate data from the database. Instead, use prepared statements (`$mysqli->prepare(""INSERT INTO test(id, label) VALUES (?, ?)"");`) or a safe library.",ERROR,php.lang.security.injection.tainted-sql-string.tainted-sql-string
../../CrossVul/CWE-79/php/good_303_1,63,12,"User data flows into this manually-constructed SQL string. User data can be safely inserted into SQL strings using prepared statements or an object-relational mapper (ORM). Manually-constructed SQL strings is a possible indicator of SQL injection, which could let an attacker steal or manipulate data from the database. Instead, use prepared statements (`$mysqli->prepare(""INSERT INTO test(id, label) VALUES (?, ?)"");`) or a safe library.",ERROR,php.lang.security.injection.tainted-sql-string.tainted-sql-string
../../CrossVul/CWE-79/php/good_303_2,25,16,"User data flows into this manually-constructed SQL string. User data can be safely inserted into SQL strings using prepared statements or an object-relational mapper (ORM). Manually-constructed SQL strings is a possible indicator of SQL injection, which could let an attacker steal or manipulate data from the database. Instead, use prepared statements (`$mysqli->prepare(""INSERT INTO test(id, label) VALUES (?, ?)"");`) or a safe library.",ERROR,php.lang.security.injection.tainted-sql-string.tainted-sql-string
../../CrossVul/CWE-79/php/good_303_2,36,26,"User data flows into this manually-constructed SQL string. User data can be safely inserted into SQL strings using prepared statements or an object-relational mapper (ORM). Manually-constructed SQL strings is a possible indicator of SQL injection, which could let an attacker steal or manipulate data from the database. Instead, use prepared statements (`$mysqli->prepare(""INSERT INTO test(id, label) VALUES (?, ?)"");`) or a safe library.",ERROR,php.lang.security.injection.tainted-sql-string.tainted-sql-string
../../CrossVul/CWE-79/php/good_303_2,41,19,"User data flows into this manually-constructed SQL string. User data can be safely inserted into SQL strings using prepared statements or an object-relational mapper (ORM). Manually-constructed SQL strings is a possible indicator of SQL injection, which could let an attacker steal or manipulate data from the database. Instead, use prepared statements (`$mysqli->prepare(""INSERT INTO test(id, label) VALUES (?, ?)"");`) or a safe library.",ERROR,php.lang.security.injection.tainted-sql-string.tainted-sql-string
../../CrossVul/CWE-79/php/good_303_2,44,19,"User data flows into this manually-constructed SQL string. User data can be safely inserted into SQL strings using prepared statements or an object-relational mapper (ORM). Manually-constructed SQL strings is a possible indicator of SQL injection, which could let an attacker steal or manipulate data from the database. Instead, use prepared statements (`$mysqli->prepare(""INSERT INTO test(id, label) VALUES (?, ?)"");`) or a safe library.",ERROR,php.lang.security.injection.tainted-sql-string.tainted-sql-string
../../CrossVul/CWE-79/php/good_303_8,31,12,"User data flows into this manually-constructed SQL string. User data can be safely inserted into SQL strings using prepared statements or an object-relational mapper (ORM). Manually-constructed SQL strings is a possible indicator of SQL injection, which could let an attacker steal or manipulate data from the database. Instead, use prepared statements (`$mysqli->prepare(""INSERT INTO test(id, label) VALUES (?, ?)"");`) or a safe library.",ERROR,php.lang.security.injection.tainted-sql-string.tainted-sql-string
../../CrossVul/CWE-79/php/good_303_8,38,12,"User data flows into this manually-constructed SQL string. User data can be safely inserted into SQL strings using prepared statements or an object-relational mapper (ORM). Manually-constructed SQL strings is a possible indicator of SQL injection, which could let an attacker steal or manipulate data from the database. Instead, use prepared statements (`$mysqli->prepare(""INSERT INTO test(id, label) VALUES (?, ?)"");`) or a safe library.",ERROR,php.lang.security.injection.tainted-sql-string.tainted-sql-string
../../CrossVul/CWE-79/php/good_304_1,51,12,"User data flows into this manually-constructed SQL string. User data can be safely inserted into SQL strings using prepared statements or an object-relational mapper (ORM). Manually-constructed SQL strings is a possible indicator of SQL injection, which could let an attacker steal or manipulate data from the database. Instead, use prepared statements (`$mysqli->prepare(""INSERT INTO test(id, label) VALUES (?, ?)"");`) or a safe library.",ERROR,php.lang.security.injection.tainted-sql-string.tainted-sql-string
../../CrossVul/CWE-79/php/good_304_1,56,12,"User data flows into this manually-constructed SQL string. User data can be safely inserted into SQL strings using prepared statements or an object-relational mapper (ORM). Manually-constructed SQL strings is a possible indicator of SQL injection, which could let an attacker steal or manipulate data from the database. Instead, use prepared statements (`$mysqli->prepare(""INSERT INTO test(id, label) VALUES (?, ?)"");`) or a safe library.",ERROR,php.lang.security.injection.tainted-sql-string.tainted-sql-string
../../CrossVul/CWE-79/php/good_304_1,63,12,"User data flows into this manually-constructed SQL string. User data can be safely inserted into SQL strings using prepared statements or an object-relational mapper (ORM). Manually-constructed SQL strings is a possible indicator of SQL injection, which could let an attacker steal or manipulate data from the database. Instead, use prepared statements (`$mysqli->prepare(""INSERT INTO test(id, label) VALUES (?, ?)"");`) or a safe library.",ERROR,php.lang.security.injection.tainted-sql-string.tainted-sql-string
../../CrossVul/CWE-79/php/good_304_2,25,16,"User data flows into this manually-constructed SQL string. User data can be safely inserted into SQL strings using prepared statements or an object-relational mapper (ORM). Manually-constructed SQL strings is a possible indicator of SQL injection, which could let an attacker steal or manipulate data from the database. Instead, use prepared statements (`$mysqli->prepare(""INSERT INTO test(id, label) VALUES (?, ?)"");`) or a safe library.",ERROR,php.lang.security.injection.tainted-sql-string.tainted-sql-string
../../CrossVul/CWE-79/php/good_304_2,36,26,"User data flows into this manually-constructed SQL string. User data can be safely inserted into SQL strings using prepared statements or an object-relational mapper (ORM). Manually-constructed SQL strings is a possible indicator of SQL injection, which could let an attacker steal or manipulate data from the database. Instead, use prepared statements (`$mysqli->prepare(""INSERT INTO test(id, label) VALUES (?, ?)"");`) or a safe library.",ERROR,php.lang.security.injection.tainted-sql-string.tainted-sql-string
../../CrossVul/CWE-79/php/good_304_2,41,19,"User data flows into this manually-constructed SQL string. User data can be safely inserted into SQL strings using prepared statements or an object-relational mapper (ORM). Manually-constructed SQL strings is a possible indicator of SQL injection, which could let an attacker steal or manipulate data from the database. Instead, use prepared statements (`$mysqli->prepare(""INSERT INTO test(id, label) VALUES (?, ?)"");`) or a safe library.",ERROR,php.lang.security.injection.tainted-sql-string.tainted-sql-string
../../CrossVul/CWE-79/php/good_304_2,44,19,"User data flows into this manually-constructed SQL string. User data can be safely inserted into SQL strings using prepared statements or an object-relational mapper (ORM). Manually-constructed SQL strings is a possible indicator of SQL injection, which could let an attacker steal or manipulate data from the database. Instead, use prepared statements (`$mysqli->prepare(""INSERT INTO test(id, label) VALUES (?, ?)"");`) or a safe library.",ERROR,php.lang.security.injection.tainted-sql-string.tainted-sql-string
../../CrossVul/CWE-79/php/good_304_8,31,12,"User data flows into this manually-constructed SQL string. User data can be safely inserted into SQL strings using prepared statements or an object-relational mapper (ORM). Manually-constructed SQL strings is a possible indicator of SQL injection, which could let an attacker steal or manipulate data from the database. Instead, use prepared statements (`$mysqli->prepare(""INSERT INTO test(id, label) VALUES (?, ?)"");`) or a safe library.",ERROR,php.lang.security.injection.tainted-sql-string.tainted-sql-string
../../CrossVul/CWE-79/php/good_304_8,38,12,"User data flows into this manually-constructed SQL string. User data can be safely inserted into SQL strings using prepared statements or an object-relational mapper (ORM). Manually-constructed SQL strings is a possible indicator of SQL injection, which could let an attacker steal or manipulate data from the database. Instead, use prepared statements (`$mysqli->prepare(""INSERT INTO test(id, label) VALUES (?, ?)"");`) or a safe library.",ERROR,php.lang.security.injection.tainted-sql-string.tainted-sql-string
../../CrossVul/CWE-79/php/good_305_1,51,12,"User data flows into this manually-constructed SQL string. User data can be safely inserted into SQL strings using prepared statements or an object-relational mapper (ORM). Manually-constructed SQL strings is a possible indicator of SQL injection, which could let an attacker steal or manipulate data from the database. Instead, use prepared statements (`$mysqli->prepare(""INSERT INTO test(id, label) VALUES (?, ?)"");`) or a safe library.",ERROR,php.lang.security.injection.tainted-sql-string.tainted-sql-string
../../CrossVul/CWE-79/php/good_305_1,56,12,"User data flows into this manually-constructed SQL string. User data can be safely inserted into SQL strings using prepared statements or an object-relational mapper (ORM). Manually-constructed SQL strings is a possible indicator of SQL injection, which could let an attacker steal or manipulate data from the database. Instead, use prepared statements (`$mysqli->prepare(""INSERT INTO test(id, label) VALUES (?, ?)"");`) or a safe library.",ERROR,php.lang.security.injection.tainted-sql-string.tainted-sql-string
../../CrossVul/CWE-79/php/good_305_1,63,12,"User data flows into this manually-constructed SQL string. User data can be safely inserted into SQL strings using prepared statements or an object-relational mapper (ORM). Manually-constructed SQL strings is a possible indicator of SQL injection, which could let an attacker steal or manipulate data from the database. Instead, use prepared statements (`$mysqli->prepare(""INSERT INTO test(id, label) VALUES (?, ?)"");`) or a safe library.",ERROR,php.lang.security.injection.tainted-sql-string.tainted-sql-string
../../CrossVul/CWE-79/php/good_305_2,25,16,"User data flows into this manually-constructed SQL string. User data can be safely inserted into SQL strings using prepared statements or an object-relational mapper (ORM). Manually-constructed SQL strings is a possible indicator of SQL injection, which could let an attacker steal or manipulate data from the database. Instead, use prepared statements (`$mysqli->prepare(""INSERT INTO test(id, label) VALUES (?, ?)"");`) or a safe library.",ERROR,php.lang.security.injection.tainted-sql-string.tainted-sql-string
../../CrossVul/CWE-79/php/good_305_2,36,26,"User data flows into this manually-constructed SQL string. User data can be safely inserted into SQL strings using prepared statements or an object-relational mapper (ORM). Manually-constructed SQL strings is a possible indicator of SQL injection, which could let an attacker steal or manipulate data from the database. Instead, use prepared statements (`$mysqli->prepare(""INSERT INTO test(id, label) VALUES (?, ?)"");`) or a safe library.",ERROR,php.lang.security.injection.tainted-sql-string.tainted-sql-string
../../CrossVul/CWE-79/php/good_305_2,41,19,"User data flows into this manually-constructed SQL string. User data can be safely inserted into SQL strings using prepared statements or an object-relational mapper (ORM). Manually-constructed SQL strings is a possible indicator of SQL injection, which could let an attacker steal or manipulate data from the database. Instead, use prepared statements (`$mysqli->prepare(""INSERT INTO test(id, label) VALUES (?, ?)"");`) or a safe library.",ERROR,php.lang.security.injection.tainted-sql-string.tainted-sql-string
../../CrossVul/CWE-79/php/good_305_2,44,19,"User data flows into this manually-constructed SQL string. User data can be safely inserted into SQL strings using prepared statements or an object-relational mapper (ORM). Manually-constructed SQL strings is a possible indicator of SQL injection, which could let an attacker steal or manipulate data from the database. Instead, use prepared statements (`$mysqli->prepare(""INSERT INTO test(id, label) VALUES (?, ?)"");`) or a safe library.",ERROR,php.lang.security.injection.tainted-sql-string.tainted-sql-string
../../CrossVul/CWE-79/php/good_305_8,31,12,"User data flows into this manually-constructed SQL string. User data can be safely inserted into SQL strings using prepared statements or an object-relational mapper (ORM). Manually-constructed SQL strings is a possible indicator of SQL injection, which could let an attacker steal or manipulate data from the database. Instead, use prepared statements (`$mysqli->prepare(""INSERT INTO test(id, label) VALUES (?, ?)"");`) or a safe library.",ERROR,php.lang.security.injection.tainted-sql-string.tainted-sql-string
../../CrossVul/CWE-79/php/good_305_8,38,12,"User data flows into this manually-constructed SQL string. User data can be safely inserted into SQL strings using prepared statements or an object-relational mapper (ORM). Manually-constructed SQL strings is a possible indicator of SQL injection, which could let an attacker steal or manipulate data from the database. Instead, use prepared statements (`$mysqli->prepare(""INSERT INTO test(id, label) VALUES (?, ?)"");`) or a safe library.",ERROR,php.lang.security.injection.tainted-sql-string.tainted-sql-string
../../CrossVul/CWE-79/php/good_306_1,51,12,"User data flows into this manually-constructed SQL string. User data can be safely inserted into SQL strings using prepared statements or an object-relational mapper (ORM). Manually-constructed SQL strings is a possible indicator of SQL injection, which could let an attacker steal or manipulate data from the database. Instead, use prepared statements (`$mysqli->prepare(""INSERT INTO test(id, label) VALUES (?, ?)"");`) or a safe library.",ERROR,php.lang.security.injection.tainted-sql-string.tainted-sql-string
../../CrossVul/CWE-79/php/good_306_1,56,12,"User data flows into this manually-constructed SQL string. User data can be safely inserted into SQL strings using prepared statements or an object-relational mapper (ORM). Manually-constructed SQL strings is a possible indicator of SQL injection, which could let an attacker steal or manipulate data from the database. Instead, use prepared statements (`$mysqli->prepare(""INSERT INTO test(id, label) VALUES (?, ?)"");`) or a safe library.",ERROR,php.lang.security.injection.tainted-sql-string.tainted-sql-string
../../CrossVul/CWE-79/php/good_306_1,63,12,"User data flows into this manually-constructed SQL string. User data can be safely inserted into SQL strings using prepared statements or an object-relational mapper (ORM). Manually-constructed SQL strings is a possible indicator of SQL injection, which could let an attacker steal or manipulate data from the database. Instead, use prepared statements (`$mysqli->prepare(""INSERT INTO test(id, label) VALUES (?, ?)"");`) or a safe library.",ERROR,php.lang.security.injection.tainted-sql-string.tainted-sql-string
../../CrossVul/CWE-79/php/good_306_2,25,16,"User data flows into this manually-constructed SQL string. User data can be safely inserted into SQL strings using prepared statements or an object-relational mapper (ORM). Manually-constructed SQL strings is a possible indicator of SQL injection, which could let an attacker steal or manipulate data from the database. Instead, use prepared statements (`$mysqli->prepare(""INSERT INTO test(id, label) VALUES (?, ?)"");`) or a safe library.",ERROR,php.lang.security.injection.tainted-sql-string.tainted-sql-string
../../CrossVul/CWE-79/php/good_306_2,36,26,"User data flows into this manually-constructed SQL string. User data can be safely inserted into SQL strings using prepared statements or an object-relational mapper (ORM). Manually-constructed SQL strings is a possible indicator of SQL injection, which could let an attacker steal or manipulate data from the database. Instead, use prepared statements (`$mysqli->prepare(""INSERT INTO test(id, label) VALUES (?, ?)"");`) or a safe library.",ERROR,php.lang.security.injection.tainted-sql-string.tainted-sql-string
../../CrossVul/CWE-79/php/good_306_2,41,19,"User data flows into this manually-constructed SQL string. User data can be safely inserted into SQL strings using prepared statements or an object-relational mapper (ORM). Manually-constructed SQL strings is a possible indicator of SQL injection, which could let an attacker steal or manipulate data from the database. Instead, use prepared statements (`$mysqli->prepare(""INSERT INTO test(id, label) VALUES (?, ?)"");`) or a safe library.",ERROR,php.lang.security.injection.tainted-sql-string.tainted-sql-string
../../CrossVul/CWE-79/php/good_306_2,44,19,"User data flows into this manually-constructed SQL string. User data can be safely inserted into SQL strings using prepared statements or an object-relational mapper (ORM). Manually-constructed SQL strings is a possible indicator of SQL injection, which could let an attacker steal or manipulate data from the database. Instead, use prepared statements (`$mysqli->prepare(""INSERT INTO test(id, label) VALUES (?, ?)"");`) or a safe library.",ERROR,php.lang.security.injection.tainted-sql-string.tainted-sql-string
../../CrossVul/CWE-79/php/good_306_8,31,12,"User data flows into this manually-constructed SQL string. User data can be safely inserted into SQL strings using prepared statements or an object-relational mapper (ORM). Manually-constructed SQL strings is a possible indicator of SQL injection, which could let an attacker steal or manipulate data from the database. Instead, use prepared statements (`$mysqli->prepare(""INSERT INTO test(id, label) VALUES (?, ?)"");`) or a safe library.",ERROR,php.lang.security.injection.tainted-sql-string.tainted-sql-string
../../CrossVul/CWE-79/php/good_306_8,38,12,"User data flows into this manually-constructed SQL string. User data can be safely inserted into SQL strings using prepared statements or an object-relational mapper (ORM). Manually-constructed SQL strings is a possible indicator of SQL injection, which could let an attacker steal or manipulate data from the database. Instead, use prepared statements (`$mysqli->prepare(""INSERT INTO test(id, label) VALUES (?, ?)"");`) or a safe library.",ERROR,php.lang.security.injection.tainted-sql-string.tainted-sql-string
../../CrossVul/CWE-79/php/good_307_1,51,12,"User data flows into this manually-constructed SQL string. User data can be safely inserted into SQL strings using prepared statements or an object-relational mapper (ORM). Manually-constructed SQL strings is a possible indicator of SQL injection, which could let an attacker steal or manipulate data from the database. Instead, use prepared statements (`$mysqli->prepare(""INSERT INTO test(id, label) VALUES (?, ?)"");`) or a safe library.",ERROR,php.lang.security.injection.tainted-sql-string.tainted-sql-string
../../CrossVul/CWE-79/php/good_307_1,56,12,"User data flows into this manually-constructed SQL string. User data can be safely inserted into SQL strings using prepared statements or an object-relational mapper (ORM). Manually-constructed SQL strings is a possible indicator of SQL injection, which could let an attacker steal or manipulate data from the database. Instead, use prepared statements (`$mysqli->prepare(""INSERT INTO test(id, label) VALUES (?, ?)"");`) or a safe library.",ERROR,php.lang.security.injection.tainted-sql-string.tainted-sql-string
../../CrossVul/CWE-79/php/good_307_1,63,12,"User data flows into this manually-constructed SQL string. User data can be safely inserted into SQL strings using prepared statements or an object-relational mapper (ORM). Manually-constructed SQL strings is a possible indicator of SQL injection, which could let an attacker steal or manipulate data from the database. Instead, use prepared statements (`$mysqli->prepare(""INSERT INTO test(id, label) VALUES (?, ?)"");`) or a safe library.",ERROR,php.lang.security.injection.tainted-sql-string.tainted-sql-string
../../CrossVul/CWE-79/php/good_307_2,25,16,"User data flows into this manually-constructed SQL string. User data can be safely inserted into SQL strings using prepared statements or an object-relational mapper (ORM). Manually-constructed SQL strings is a possible indicator of SQL injection, which could let an attacker steal or manipulate data from the database. Instead, use prepared statements (`$mysqli->prepare(""INSERT INTO test(id, label) VALUES (?, ?)"");`) or a safe library.",ERROR,php.lang.security.injection.tainted-sql-string.tainted-sql-string
../../CrossVul/CWE-79/php/good_307_2,36,26,"User data flows into this manually-constructed SQL string. User data can be safely inserted into SQL strings using prepared statements or an object-relational mapper (ORM). Manually-constructed SQL strings is a possible indicator of SQL injection, which could let an attacker steal or manipulate data from the database. Instead, use prepared statements (`$mysqli->prepare(""INSERT INTO test(id, label) VALUES (?, ?)"");`) or a safe library.",ERROR,php.lang.security.injection.tainted-sql-string.tainted-sql-string
../../CrossVul/CWE-79/php/good_307_2,41,19,"User data flows into this manually-constructed SQL string. User data can be safely inserted into SQL strings using prepared statements or an object-relational mapper (ORM). Manually-constructed SQL strings is a possible indicator of SQL injection, which could let an attacker steal or manipulate data from the database. Instead, use prepared statements (`$mysqli->prepare(""INSERT INTO test(id, label) VALUES (?, ?)"");`) or a safe library.",ERROR,php.lang.security.injection.tainted-sql-string.tainted-sql-string
../../CrossVul/CWE-79/php/good_307_2,44,19,"User data flows into this manually-constructed SQL string. User data can be safely inserted into SQL strings using prepared statements or an object-relational mapper (ORM). Manually-constructed SQL strings is a possible indicator of SQL injection, which could let an attacker steal or manipulate data from the database. Instead, use prepared statements (`$mysqli->prepare(""INSERT INTO test(id, label) VALUES (?, ?)"");`) or a safe library.",ERROR,php.lang.security.injection.tainted-sql-string.tainted-sql-string
../../CrossVul/CWE-79/php/good_307_8,31,12,"User data flows into this manually-constructed SQL string. User data can be safely inserted into SQL strings using prepared statements or an object-relational mapper (ORM). Manually-constructed SQL strings is a possible indicator of SQL injection, which could let an attacker steal or manipulate data from the database. Instead, use prepared statements (`$mysqli->prepare(""INSERT INTO test(id, label) VALUES (?, ?)"");`) or a safe library.",ERROR,php.lang.security.injection.tainted-sql-string.tainted-sql-string
../../CrossVul/CWE-79/php/good_307_8,38,12,"User data flows into this manually-constructed SQL string. User data can be safely inserted into SQL strings using prepared statements or an object-relational mapper (ORM). Manually-constructed SQL strings is a possible indicator of SQL injection, which could let an attacker steal or manipulate data from the database. Instead, use prepared statements (`$mysqli->prepare(""INSERT INTO test(id, label) VALUES (?, ?)"");`) or a safe library.",ERROR,php.lang.security.injection.tainted-sql-string.tainted-sql-string
../../CrossVul/CWE-79/php/good_3096_0,678,9,"User data flows into this manually-constructed SQL string. User data can be safely inserted into SQL strings using prepared statements or an object-relational mapper (ORM). Manually-constructed SQL strings is a possible indicator of SQL injection, which could let an attacker steal or manipulate data from the database. Instead, use prepared statements (`$mysqli->prepare(""INSERT INTO test(id, label) VALUES (?, ?)"");`) or a safe library.",ERROR,php.lang.security.injection.tainted-sql-string.tainted-sql-string
../../CrossVul/CWE-79/php/good_3096_0,686,2,`Echo`ing user input risks cross-site scripting vulnerability. You should use `htmlentities()` when showing data to users.,ERROR,php.lang.security.injection.echoed-request.echoed-request
../../CrossVul/CWE-79/php/good_3096_0,686,2,"Found direct access to a PHP variable wihout HTML escaping inside an inline PHP statement setting data from `$_REQUEST[...]`. When untrusted input can be used to tamper with a web page rendering, it can lead to a Cross-site scripting (XSS) vulnerability. XSS vulnerabilities occur when untrusted input executes malicious JavaScript code, leading to issues such as account compromise and sensitive information leakage. To prevent this vulnerability, validate the user input, perform contextual output encoding or sanitize the input. In PHP you can encode or sanitize user input with `htmlspecialchars` or use automatic context-aware escaping with a template engine such as Latte.",WARNING,php.lang.security.taint-unsafe-echo-tag.taint-unsafe-echo-tag
../../CrossVul/CWE-79/php/good_3096_0,711,9,"User data flows into this manually-constructed SQL string. User data can be safely inserted into SQL strings using prepared statements or an object-relational mapper (ORM). Manually-constructed SQL strings is a possible indicator of SQL injection, which could let an attacker steal or manipulate data from the database. Instead, use prepared statements (`$mysqli->prepare(""INSERT INTO test(id, label) VALUES (?, ?)"");`) or a safe library.",ERROR,php.lang.security.injection.tainted-sql-string.tainted-sql-string
../../CrossVul/CWE-79/php/good_3096_0,720,22,`Echo`ing user input risks cross-site scripting vulnerability. You should use `htmlentities()` when showing data to users.,ERROR,php.lang.security.injection.echoed-request.echoed-request
../../CrossVul/CWE-79/php/good_3096_0,720,22,"Found direct access to a PHP variable wihout HTML escaping inside an inline PHP statement setting data from `$_REQUEST[...]`. When untrusted input can be used to tamper with a web page rendering, it can lead to a Cross-site scripting (XSS) vulnerability. XSS vulnerabilities occur when untrusted input executes malicious JavaScript code, leading to issues such as account compromise and sensitive information leakage. To prevent this vulnerability, validate the user input, perform contextual output encoding or sanitize the input. In PHP you can encode or sanitize user input with `htmlspecialchars` or use automatic context-aware escaping with a template engine such as Latte.",WARNING,php.lang.security.taint-unsafe-echo-tag.taint-unsafe-echo-tag
../../CrossVul/CWE-79/php/good_3096_0,764,13,"User data flows into this manually-constructed SQL string. User data can be safely inserted into SQL strings using prepared statements or an object-relational mapper (ORM). Manually-constructed SQL strings is a possible indicator of SQL injection, which could let an attacker steal or manipulate data from the database. Instead, use prepared statements (`$mysqli->prepare(""INSERT INTO test(id, label) VALUES (?, ?)"");`) or a safe library.",ERROR,php.lang.security.injection.tainted-sql-string.tainted-sql-string
../../CrossVul/CWE-79/php/good_312_1,496,21,"User data flows into this manually-constructed SQL string. User data can be safely inserted into SQL strings using prepared statements or an object-relational mapper (ORM). Manually-constructed SQL strings is a possible indicator of SQL injection, which could let an attacker steal or manipulate data from the database. Instead, use prepared statements (`$mysqli->prepare(""INSERT INTO test(id, label) VALUES (?, ?)"");`) or a safe library.",ERROR,php.lang.security.injection.tainted-sql-string.tainted-sql-string
../../CrossVul/CWE-79/php/good_3135_0,180,22,File name based on user input risks server-side request forgery.,WARNING,php.lang.security.injection.tainted-filename.tainted-filename
../../CrossVul/CWE-79/php/good_3135_0,184,50,File name based on user input risks server-side request forgery.,WARNING,php.lang.security.injection.tainted-filename.tainted-filename
../../CrossVul/CWE-79/php/good_3135_0,187,32,File name based on user input risks server-side request forgery.,WARNING,php.lang.security.injection.tainted-filename.tainted-filename
../../CrossVul/CWE-79/php/good_3135_0,190,51,File name based on user input risks server-side request forgery.,WARNING,php.lang.security.injection.tainted-filename.tainted-filename
../../CrossVul/CWE-79/php/good_3135_0,239,11,File name based on user input risks server-side request forgery.,WARNING,php.lang.security.injection.tainted-filename.tainted-filename
../../CrossVul/CWE-79/php/good_3157_3,24,23,`Echo`ing user input risks cross-site scripting vulnerability. You should use `htmlentities()` when showing data to users.,ERROR,php.lang.security.injection.echoed-request.echoed-request
../../CrossVul/CWE-79/php/good_3157_3,24,23,"Found direct access to a PHP variable wihout HTML escaping inside an inline PHP statement setting data from `$_REQUEST[...]`. When untrusted input can be used to tamper with a web page rendering, it can lead to a Cross-site scripting (XSS) vulnerability. XSS vulnerabilities occur when untrusted input executes malicious JavaScript code, leading to issues such as account compromise and sensitive information leakage. To prevent this vulnerability, validate the user input, perform contextual output encoding or sanitize the input. In PHP you can encode or sanitize user input with `htmlspecialchars` or use automatic context-aware escaping with a template engine such as Latte.",WARNING,php.lang.security.taint-unsafe-echo-tag.taint-unsafe-echo-tag
../../CrossVul/CWE-79/php/good_3183_4,30,60,"Found direct access to a PHP variable wihout HTML escaping inside an inline PHP statement setting data from `$_REQUEST[...]`. When untrusted input can be used to tamper with a web page rendering, it can lead to a Cross-site scripting (XSS) vulnerability. XSS vulnerabilities occur when untrusted input executes malicious JavaScript code, leading to issues such as account compromise and sensitive information leakage. To prevent this vulnerability, validate the user input, perform contextual output encoding or sanitize the input. In PHP you can encode or sanitize user input with `htmlspecialchars` or use automatic context-aware escaping with a template engine such as Latte.",WARNING,php.lang.security.taint-unsafe-echo-tag.taint-unsafe-echo-tag
../../CrossVul/CWE-79/php/good_3183_4,33,25,"Found direct access to a PHP variable wihout HTML escaping inside an inline PHP statement setting data from `$_REQUEST[...]`. When untrusted input can be used to tamper with a web page rendering, it can lead to a Cross-site scripting (XSS) vulnerability. XSS vulnerabilities occur when untrusted input executes malicious JavaScript code, leading to issues such as account compromise and sensitive information leakage. To prevent this vulnerability, validate the user input, perform contextual output encoding or sanitize the input. In PHP you can encode or sanitize user input with `htmlspecialchars` or use automatic context-aware escaping with a template engine such as Latte.",WARNING,php.lang.security.taint-unsafe-echo-tag.taint-unsafe-echo-tag
../../CrossVul/CWE-79/php/good_3183_4,213,55,"Found direct access to a PHP variable wihout HTML escaping inside an inline PHP statement setting data from `$_REQUEST[...]`. When untrusted input can be used to tamper with a web page rendering, it can lead to a Cross-site scripting (XSS) vulnerability. XSS vulnerabilities occur when untrusted input executes malicious JavaScript code, leading to issues such as account compromise and sensitive information leakage. To prevent this vulnerability, validate the user input, perform contextual output encoding or sanitize the input. In PHP you can encode or sanitize user input with `htmlspecialchars` or use automatic context-aware escaping with a template engine such as Latte.",WARNING,php.lang.security.taint-unsafe-echo-tag.taint-unsafe-echo-tag
../../CrossVul/CWE-79/php/good_3183_4,217,56,"Found direct access to a PHP variable wihout HTML escaping inside an inline PHP statement setting data from `$_REQUEST[...]`. When untrusted input can be used to tamper with a web page rendering, it can lead to a Cross-site scripting (XSS) vulnerability. XSS vulnerabilities occur when untrusted input executes malicious JavaScript code, leading to issues such as account compromise and sensitive information leakage. To prevent this vulnerability, validate the user input, perform contextual output encoding or sanitize the input. In PHP you can encode or sanitize user input with `htmlspecialchars` or use automatic context-aware escaping with a template engine such as Latte.",WARNING,php.lang.security.taint-unsafe-echo-tag.taint-unsafe-echo-tag
../../CrossVul/CWE-79/php/good_3183_4,221,71,"Found direct access to a PHP variable wihout HTML escaping inside an inline PHP statement setting data from `$_REQUEST[...]`. When untrusted input can be used to tamper with a web page rendering, it can lead to a Cross-site scripting (XSS) vulnerability. XSS vulnerabilities occur when untrusted input executes malicious JavaScript code, leading to issues such as account compromise and sensitive information leakage. To prevent this vulnerability, validate the user input, perform contextual output encoding or sanitize the input. In PHP you can encode or sanitize user input with `htmlspecialchars` or use automatic context-aware escaping with a template engine such as Latte.",WARNING,php.lang.security.taint-unsafe-echo-tag.taint-unsafe-echo-tag
../../CrossVul/CWE-79/php/good_3183_4,225,66,"Found direct access to a PHP variable wihout HTML escaping inside an inline PHP statement setting data from `$_REQUEST[...]`. When untrusted input can be used to tamper with a web page rendering, it can lead to a Cross-site scripting (XSS) vulnerability. XSS vulnerabilities occur when untrusted input executes malicious JavaScript code, leading to issues such as account compromise and sensitive information leakage. To prevent this vulnerability, validate the user input, perform contextual output encoding or sanitize the input. In PHP you can encode or sanitize user input with `htmlspecialchars` or use automatic context-aware escaping with a template engine such as Latte.",WARNING,php.lang.security.taint-unsafe-echo-tag.taint-unsafe-echo-tag
../../CrossVul/CWE-79/php/good_3183_3,30,60,"Found direct access to a PHP variable wihout HTML escaping inside an inline PHP statement setting data from `$_REQUEST[...]`. When untrusted input can be used to tamper with a web page rendering, it can lead to a Cross-site scripting (XSS) vulnerability. XSS vulnerabilities occur when untrusted input executes malicious JavaScript code, leading to issues such as account compromise and sensitive information leakage. To prevent this vulnerability, validate the user input, perform contextual output encoding or sanitize the input. In PHP you can encode or sanitize user input with `htmlspecialchars` or use automatic context-aware escaping with a template engine such as Latte.",WARNING,php.lang.security.taint-unsafe-echo-tag.taint-unsafe-echo-tag
../../CrossVul/CWE-79/php/good_3183_3,33,25,"Found direct access to a PHP variable wihout HTML escaping inside an inline PHP statement setting data from `$_REQUEST[...]`. When untrusted input can be used to tamper with a web page rendering, it can lead to a Cross-site scripting (XSS) vulnerability. XSS vulnerabilities occur when untrusted input executes malicious JavaScript code, leading to issues such as account compromise and sensitive information leakage. To prevent this vulnerability, validate the user input, perform contextual output encoding or sanitize the input. In PHP you can encode or sanitize user input with `htmlspecialchars` or use automatic context-aware escaping with a template engine such as Latte.",WARNING,php.lang.security.taint-unsafe-echo-tag.taint-unsafe-echo-tag
../../CrossVul/CWE-79/php/good_3183_3,308,55,"Found direct access to a PHP variable wihout HTML escaping inside an inline PHP statement setting data from `$_REQUEST[...]`. When untrusted input can be used to tamper with a web page rendering, it can lead to a Cross-site scripting (XSS) vulnerability. XSS vulnerabilities occur when untrusted input executes malicious JavaScript code, leading to issues such as account compromise and sensitive information leakage. To prevent this vulnerability, validate the user input, perform contextual output encoding or sanitize the input. In PHP you can encode or sanitize user input with `htmlspecialchars` or use automatic context-aware escaping with a template engine such as Latte.",WARNING,php.lang.security.taint-unsafe-echo-tag.taint-unsafe-echo-tag
../../CrossVul/CWE-79/php/good_3183_3,312,56,"Found direct access to a PHP variable wihout HTML escaping inside an inline PHP statement setting data from `$_REQUEST[...]`. When untrusted input can be used to tamper with a web page rendering, it can lead to a Cross-site scripting (XSS) vulnerability. XSS vulnerabilities occur when untrusted input executes malicious JavaScript code, leading to issues such as account compromise and sensitive information leakage. To prevent this vulnerability, validate the user input, perform contextual output encoding or sanitize the input. In PHP you can encode or sanitize user input with `htmlspecialchars` or use automatic context-aware escaping with a template engine such as Latte.",WARNING,php.lang.security.taint-unsafe-echo-tag.taint-unsafe-echo-tag
../../CrossVul/CWE-79/php/good_3183_3,316,66,"Found direct access to a PHP variable wihout HTML escaping inside an inline PHP statement setting data from `$_REQUEST[...]`. When untrusted input can be used to tamper with a web page rendering, it can lead to a Cross-site scripting (XSS) vulnerability. XSS vulnerabilities occur when untrusted input executes malicious JavaScript code, leading to issues such as account compromise and sensitive information leakage. To prevent this vulnerability, validate the user input, perform contextual output encoding or sanitize the input. In PHP you can encode or sanitize user input with `htmlspecialchars` or use automatic context-aware escaping with a template engine such as Latte.",WARNING,php.lang.security.taint-unsafe-echo-tag.taint-unsafe-echo-tag
../../CrossVul/CWE-79/php/good_3210_0,771,11,"User data flows into the host portion of this manually-constructed URL. This could allow an attacker to send data to their own server, potentially exposing sensitive data such as cookies or authorization information sent with this request. They could also probe internal servers or other resources that the server running this code can access. (This is called server-side request forgery, or SSRF.) Do not allow arbitrary hosts. Instead, create an allowlist for approved hosts, or hardcode the correct host.",WARNING,php.lang.security.injection.tainted-url-host.tainted-url-host
../../CrossVul/CWE-79/php/good_3210_0,1780,2,`Echo`ing user input risks cross-site scripting vulnerability. You should use `htmlentities()` when showing data to users.,ERROR,php.lang.security.injection.echoed-request.echoed-request
../../CrossVul/CWE-79/php/good_3210_0,1780,2,"Found direct access to a PHP variable wihout HTML escaping inside an inline PHP statement setting data from `$_REQUEST[...]`. When untrusted input can be used to tamper with a web page rendering, it can lead to a Cross-site scripting (XSS) vulnerability. XSS vulnerabilities occur when untrusted input executes malicious JavaScript code, leading to issues such as account compromise and sensitive information leakage. To prevent this vulnerability, validate the user input, perform contextual output encoding or sanitize the input. In PHP you can encode or sanitize user input with `htmlspecialchars` or use automatic context-aware escaping with a template engine such as Latte.",WARNING,php.lang.security.taint-unsafe-echo-tag.taint-unsafe-echo-tag
../../CrossVul/CWE-79/php/good_3210_0,1912,24,`Echo`ing user input risks cross-site scripting vulnerability. You should use `htmlentities()` when showing data to users.,ERROR,php.lang.security.injection.echoed-request.echoed-request
../../CrossVul/CWE-79/php/good_3210_0,1912,24,"Found direct access to a PHP variable wihout HTML escaping inside an inline PHP statement setting data from `$_REQUEST[...]`. When untrusted input can be used to tamper with a web page rendering, it can lead to a Cross-site scripting (XSS) vulnerability. XSS vulnerabilities occur when untrusted input executes malicious JavaScript code, leading to issues such as account compromise and sensitive information leakage. To prevent this vulnerability, validate the user input, perform contextual output encoding or sanitize the input. In PHP you can encode or sanitize user input with `htmlspecialchars` or use automatic context-aware escaping with a template engine such as Latte.",WARNING,php.lang.security.taint-unsafe-echo-tag.taint-unsafe-echo-tag
../../CrossVul/CWE-79/php/good_3210_0,2012,65,`Echo`ing user input risks cross-site scripting vulnerability. You should use `htmlentities()` when showing data to users.,ERROR,php.lang.security.injection.echoed-request.echoed-request
../../CrossVul/CWE-79/php/good_3210_0,2012,65,"Found direct access to a PHP variable wihout HTML escaping inside an inline PHP statement setting data from `$_REQUEST[...]`. When untrusted input can be used to tamper with a web page rendering, it can lead to a Cross-site scripting (XSS) vulnerability. XSS vulnerabilities occur when untrusted input executes malicious JavaScript code, leading to issues such as account compromise and sensitive information leakage. To prevent this vulnerability, validate the user input, perform contextual output encoding or sanitize the input. In PHP you can encode or sanitize user input with `htmlspecialchars` or use automatic context-aware escaping with a template engine such as Latte.",WARNING,php.lang.security.taint-unsafe-echo-tag.taint-unsafe-echo-tag
../../CrossVul/CWE-79/php/good_3210_0,2014,63,`Echo`ing user input risks cross-site scripting vulnerability. You should use `htmlentities()` when showing data to users.,ERROR,php.lang.security.injection.echoed-request.echoed-request
../../CrossVul/CWE-79/php/good_3210_0,2014,63,"Found direct access to a PHP variable wihout HTML escaping inside an inline PHP statement setting data from `$_REQUEST[...]`. When untrusted input can be used to tamper with a web page rendering, it can lead to a Cross-site scripting (XSS) vulnerability. XSS vulnerabilities occur when untrusted input executes malicious JavaScript code, leading to issues such as account compromise and sensitive information leakage. To prevent this vulnerability, validate the user input, perform contextual output encoding or sanitize the input. In PHP you can encode or sanitize user input with `htmlspecialchars` or use automatic context-aware escaping with a template engine such as Latte.",WARNING,php.lang.security.taint-unsafe-echo-tag.taint-unsafe-echo-tag
../../CrossVul/CWE-79/php/good_3210_0,2076,65,`Echo`ing user input risks cross-site scripting vulnerability. You should use `htmlentities()` when showing data to users.,ERROR,php.lang.security.injection.echoed-request.echoed-request
../../CrossVul/CWE-79/php/good_3210_0,2076,65,"Found direct access to a PHP variable wihout HTML escaping inside an inline PHP statement setting data from `$_REQUEST[...]`. When untrusted input can be used to tamper with a web page rendering, it can lead to a Cross-site scripting (XSS) vulnerability. XSS vulnerabilities occur when untrusted input executes malicious JavaScript code, leading to issues such as account compromise and sensitive information leakage. To prevent this vulnerability, validate the user input, perform contextual output encoding or sanitize the input. In PHP you can encode or sanitize user input with `htmlspecialchars` or use automatic context-aware escaping with a template engine such as Latte.",WARNING,php.lang.security.taint-unsafe-echo-tag.taint-unsafe-echo-tag
../../CrossVul/CWE-79/php/good_3210_0,2077,63,`Echo`ing user input risks cross-site scripting vulnerability. You should use `htmlentities()` when showing data to users.,ERROR,php.lang.security.injection.echoed-request.echoed-request
../../CrossVul/CWE-79/php/good_3210_0,2077,63,"Found direct access to a PHP variable wihout HTML escaping inside an inline PHP statement setting data from `$_REQUEST[...]`. When untrusted input can be used to tamper with a web page rendering, it can lead to a Cross-site scripting (XSS) vulnerability. XSS vulnerabilities occur when untrusted input executes malicious JavaScript code, leading to issues such as account compromise and sensitive information leakage. To prevent this vulnerability, validate the user input, perform contextual output encoding or sanitize the input. In PHP you can encode or sanitize user input with `htmlspecialchars` or use automatic context-aware escaping with a template engine such as Latte.",WARNING,php.lang.security.taint-unsafe-echo-tag.taint-unsafe-echo-tag
../../CrossVul/CWE-79/php/good_3210_0,2239,65,`Echo`ing user input risks cross-site scripting vulnerability. You should use `htmlentities()` when showing data to users.,ERROR,php.lang.security.injection.echoed-request.echoed-request
../../CrossVul/CWE-79/php/good_3210_0,2239,65,"Found direct access to a PHP variable wihout HTML escaping inside an inline PHP statement setting data from `$_REQUEST[...]`. When untrusted input can be used to tamper with a web page rendering, it can lead to a Cross-site scripting (XSS) vulnerability. XSS vulnerabilities occur when untrusted input executes malicious JavaScript code, leading to issues such as account compromise and sensitive information leakage. To prevent this vulnerability, validate the user input, perform contextual output encoding or sanitize the input. In PHP you can encode or sanitize user input with `htmlspecialchars` or use automatic context-aware escaping with a template engine such as Latte.",WARNING,php.lang.security.taint-unsafe-echo-tag.taint-unsafe-echo-tag
../../CrossVul/CWE-79/php/good_3210_0,2251,7,`Echo`ing user input risks cross-site scripting vulnerability. You should use `htmlentities()` when showing data to users.,ERROR,php.lang.security.injection.echoed-request.echoed-request
../../CrossVul/CWE-79/php/good_3210_0,2251,7,"Found direct access to a PHP variable wihout HTML escaping inside an inline PHP statement setting data from `$_REQUEST[...]`. When untrusted input can be used to tamper with a web page rendering, it can lead to a Cross-site scripting (XSS) vulnerability. XSS vulnerabilities occur when untrusted input executes malicious JavaScript code, leading to issues such as account compromise and sensitive information leakage. To prevent this vulnerability, validate the user input, perform contextual output encoding or sanitize the input. In PHP you can encode or sanitize user input with `htmlspecialchars` or use automatic context-aware escaping with a template engine such as Latte.",WARNING,php.lang.security.taint-unsafe-echo-tag.taint-unsafe-echo-tag
../../CrossVul/CWE-79/php/good_3210_0,2256,63,`Echo`ing user input risks cross-site scripting vulnerability. You should use `htmlentities()` when showing data to users.,ERROR,php.lang.security.injection.echoed-request.echoed-request
../../CrossVul/CWE-79/php/good_3210_0,2256,63,"Found direct access to a PHP variable wihout HTML escaping inside an inline PHP statement setting data from `$_REQUEST[...]`. When untrusted input can be used to tamper with a web page rendering, it can lead to a Cross-site scripting (XSS) vulnerability. XSS vulnerabilities occur when untrusted input executes malicious JavaScript code, leading to issues such as account compromise and sensitive information leakage. To prevent this vulnerability, validate the user input, perform contextual output encoding or sanitize the input. In PHP you can encode or sanitize user input with `htmlspecialchars` or use automatic context-aware escaping with a template engine such as Latte.",WARNING,php.lang.security.taint-unsafe-echo-tag.taint-unsafe-echo-tag
../../CrossVul/CWE-79/php/good_3210_0,2388,50,`Echo`ing user input risks cross-site scripting vulnerability. You should use `htmlentities()` when showing data to users.,ERROR,php.lang.security.injection.echoed-request.echoed-request
../../CrossVul/CWE-79/php/good_3210_0,2388,50,"Found direct access to a PHP variable wihout HTML escaping inside an inline PHP statement setting data from `$_REQUEST[...]`. When untrusted input can be used to tamper with a web page rendering, it can lead to a Cross-site scripting (XSS) vulnerability. XSS vulnerabilities occur when untrusted input executes malicious JavaScript code, leading to issues such as account compromise and sensitive information leakage. To prevent this vulnerability, validate the user input, perform contextual output encoding or sanitize the input. In PHP you can encode or sanitize user input with `htmlspecialchars` or use automatic context-aware escaping with a template engine such as Latte.",WARNING,php.lang.security.taint-unsafe-echo-tag.taint-unsafe-echo-tag
../../CrossVul/CWE-79/php/good_3210_0,2500,65,`Echo`ing user input risks cross-site scripting vulnerability. You should use `htmlentities()` when showing data to users.,ERROR,php.lang.security.injection.echoed-request.echoed-request
../../CrossVul/CWE-79/php/good_3210_0,2500,65,"Found direct access to a PHP variable wihout HTML escaping inside an inline PHP statement setting data from `$_REQUEST[...]`. When untrusted input can be used to tamper with a web page rendering, it can lead to a Cross-site scripting (XSS) vulnerability. XSS vulnerabilities occur when untrusted input executes malicious JavaScript code, leading to issues such as account compromise and sensitive information leakage. To prevent this vulnerability, validate the user input, perform contextual output encoding or sanitize the input. In PHP you can encode or sanitize user input with `htmlspecialchars` or use automatic context-aware escaping with a template engine such as Latte.",WARNING,php.lang.security.taint-unsafe-echo-tag.taint-unsafe-echo-tag
../../CrossVul/CWE-79/php/good_3210_0,2523,63,`Echo`ing user input risks cross-site scripting vulnerability. You should use `htmlentities()` when showing data to users.,ERROR,php.lang.security.injection.echoed-request.echoed-request
../../CrossVul/CWE-79/php/good_3210_0,2523,63,"Found direct access to a PHP variable wihout HTML escaping inside an inline PHP statement setting data from `$_REQUEST[...]`. When untrusted input can be used to tamper with a web page rendering, it can lead to a Cross-site scripting (XSS) vulnerability. XSS vulnerabilities occur when untrusted input executes malicious JavaScript code, leading to issues such as account compromise and sensitive information leakage. To prevent this vulnerability, validate the user input, perform contextual output encoding or sanitize the input. In PHP you can encode or sanitize user input with `htmlspecialchars` or use automatic context-aware escaping with a template engine such as Latte.",WARNING,php.lang.security.taint-unsafe-echo-tag.taint-unsafe-echo-tag
../../CrossVul/CWE-79/php/good_3340_0,56,14,`Echo`ing user input risks cross-site scripting vulnerability. You should use `htmlentities()` when showing data to users.,ERROR,php.lang.security.injection.echoed-request.echoed-request
../../CrossVul/CWE-79/php/good_3340_0,56,14,"Found direct access to a PHP variable wihout HTML escaping inside an inline PHP statement setting data from `$_REQUEST[...]`. When untrusted input can be used to tamper with a web page rendering, it can lead to a Cross-site scripting (XSS) vulnerability. XSS vulnerabilities occur when untrusted input executes malicious JavaScript code, leading to issues such as account compromise and sensitive information leakage. To prevent this vulnerability, validate the user input, perform contextual output encoding or sanitize the input. In PHP you can encode or sanitize user input with `htmlspecialchars` or use automatic context-aware escaping with a template engine such as Latte.",WARNING,php.lang.security.taint-unsafe-echo-tag.taint-unsafe-echo-tag
../../CrossVul/CWE-79/php/good_3340_0,99,19,`Echo`ing user input risks cross-site scripting vulnerability. You should use `htmlentities()` when showing data to users.,ERROR,php.lang.security.injection.echoed-request.echoed-request
../../CrossVul/CWE-79/php/good_3340_0,99,19,"Found direct access to a PHP variable wihout HTML escaping inside an inline PHP statement setting data from `$_REQUEST[...]`. When untrusted input can be used to tamper with a web page rendering, it can lead to a Cross-site scripting (XSS) vulnerability. XSS vulnerabilities occur when untrusted input executes malicious JavaScript code, leading to issues such as account compromise and sensitive information leakage. To prevent this vulnerability, validate the user input, perform contextual output encoding or sanitize the input. In PHP you can encode or sanitize user input with `htmlspecialchars` or use automatic context-aware escaping with a template engine such as Latte.",WARNING,php.lang.security.taint-unsafe-echo-tag.taint-unsafe-echo-tag
../../CrossVul/CWE-79/php/good_3340_0,101,30,`Echo`ing user input risks cross-site scripting vulnerability. You should use `htmlentities()` when showing data to users.,ERROR,php.lang.security.injection.echoed-request.echoed-request
../../CrossVul/CWE-79/php/good_3340_0,101,30,"Found direct access to a PHP variable wihout HTML escaping inside an inline PHP statement setting data from `$_REQUEST[...]`. When untrusted input can be used to tamper with a web page rendering, it can lead to a Cross-site scripting (XSS) vulnerability. XSS vulnerabilities occur when untrusted input executes malicious JavaScript code, leading to issues such as account compromise and sensitive information leakage. To prevent this vulnerability, validate the user input, perform contextual output encoding or sanitize the input. In PHP you can encode or sanitize user input with `htmlspecialchars` or use automatic context-aware escaping with a template engine such as Latte.",WARNING,php.lang.security.taint-unsafe-echo-tag.taint-unsafe-echo-tag
../../CrossVul/CWE-79/php/good_3340_0,103,33,`Echo`ing user input risks cross-site scripting vulnerability. You should use `htmlentities()` when showing data to users.,ERROR,php.lang.security.injection.echoed-request.echoed-request
../../CrossVul/CWE-79/php/good_3340_0,103,33,"Found direct access to a PHP variable wihout HTML escaping inside an inline PHP statement setting data from `$_REQUEST[...]`. When untrusted input can be used to tamper with a web page rendering, it can lead to a Cross-site scripting (XSS) vulnerability. XSS vulnerabilities occur when untrusted input executes malicious JavaScript code, leading to issues such as account compromise and sensitive information leakage. To prevent this vulnerability, validate the user input, perform contextual output encoding or sanitize the input. In PHP you can encode or sanitize user input with `htmlspecialchars` or use automatic context-aware escaping with a template engine such as Latte.",WARNING,php.lang.security.taint-unsafe-echo-tag.taint-unsafe-echo-tag
../../CrossVul/CWE-79/php/good_3408_2,52,5,`Echo`ing user input risks cross-site scripting vulnerability. You should use `htmlentities()` when showing data to users.,ERROR,php.lang.security.injection.echoed-request.echoed-request
../../CrossVul/CWE-79/php/good_3408_3,80,116,`Echo`ing user input risks cross-site scripting vulnerability. You should use `htmlentities()` when showing data to users.,ERROR,php.lang.security.injection.echoed-request.echoed-request
../../CrossVul/CWE-79/php/good_3408_3,80,116,"Found direct access to a PHP variable wihout HTML escaping inside an inline PHP statement setting data from `$_REQUEST[...]`. When untrusted input can be used to tamper with a web page rendering, it can lead to a Cross-site scripting (XSS) vulnerability. XSS vulnerabilities occur when untrusted input executes malicious JavaScript code, leading to issues such as account compromise and sensitive information leakage. To prevent this vulnerability, validate the user input, perform contextual output encoding or sanitize the input. In PHP you can encode or sanitize user input with `htmlspecialchars` or use automatic context-aware escaping with a template engine such as Latte.",WARNING,php.lang.security.taint-unsafe-echo-tag.taint-unsafe-echo-tag
../../CrossVul/CWE-79/php/good_3408_3,89,30,`Echo`ing user input risks cross-site scripting vulnerability. You should use `htmlentities()` when showing data to users.,ERROR,php.lang.security.injection.echoed-request.echoed-request
../../CrossVul/CWE-79/php/good_3408_3,89,30,"Found direct access to a PHP variable wihout HTML escaping inside an inline PHP statement setting data from `$_REQUEST[...]`. When untrusted input can be used to tamper with a web page rendering, it can lead to a Cross-site scripting (XSS) vulnerability. XSS vulnerabilities occur when untrusted input executes malicious JavaScript code, leading to issues such as account compromise and sensitive information leakage. To prevent this vulnerability, validate the user input, perform contextual output encoding or sanitize the input. In PHP you can encode or sanitize user input with `htmlspecialchars` or use automatic context-aware escaping with a template engine such as Latte.",WARNING,php.lang.security.taint-unsafe-echo-tag.taint-unsafe-echo-tag
../../CrossVul/CWE-79/php/good_3408_4,98,70,`Echo`ing user input risks cross-site scripting vulnerability. You should use `htmlentities()` when showing data to users.,ERROR,php.lang.security.injection.echoed-request.echoed-request
../../CrossVul/CWE-79/php/good_3408_4,98,70,"Found direct access to a PHP variable wihout HTML escaping inside an inline PHP statement setting data from `$_REQUEST[...]`. When untrusted input can be used to tamper with a web page rendering, it can lead to a Cross-site scripting (XSS) vulnerability. XSS vulnerabilities occur when untrusted input executes malicious JavaScript code, leading to issues such as account compromise and sensitive information leakage. To prevent this vulnerability, validate the user input, perform contextual output encoding or sanitize the input. In PHP you can encode or sanitize user input with `htmlspecialchars` or use automatic context-aware escaping with a template engine such as Latte.",WARNING,php.lang.security.taint-unsafe-echo-tag.taint-unsafe-echo-tag
../../CrossVul/CWE-79/php/good_3408_4,110,116,`Echo`ing user input risks cross-site scripting vulnerability. You should use `htmlentities()` when showing data to users.,ERROR,php.lang.security.injection.echoed-request.echoed-request
../../CrossVul/CWE-79/php/good_3408_4,110,116,"Found direct access to a PHP variable wihout HTML escaping inside an inline PHP statement setting data from `$_REQUEST[...]`. When untrusted input can be used to tamper with a web page rendering, it can lead to a Cross-site scripting (XSS) vulnerability. XSS vulnerabilities occur when untrusted input executes malicious JavaScript code, leading to issues such as account compromise and sensitive information leakage. To prevent this vulnerability, validate the user input, perform contextual output encoding or sanitize the input. In PHP you can encode or sanitize user input with `htmlspecialchars` or use automatic context-aware escaping with a template engine such as Latte.",WARNING,php.lang.security.taint-unsafe-echo-tag.taint-unsafe-echo-tag
../../CrossVul/CWE-79/php/good_3408_4,119,30,`Echo`ing user input risks cross-site scripting vulnerability. You should use `htmlentities()` when showing data to users.,ERROR,php.lang.security.injection.echoed-request.echoed-request
../../CrossVul/CWE-79/php/good_3408_4,119,30,"Found direct access to a PHP variable wihout HTML escaping inside an inline PHP statement setting data from `$_REQUEST[...]`. When untrusted input can be used to tamper with a web page rendering, it can lead to a Cross-site scripting (XSS) vulnerability. XSS vulnerabilities occur when untrusted input executes malicious JavaScript code, leading to issues such as account compromise and sensitive information leakage. To prevent this vulnerability, validate the user input, perform contextual output encoding or sanitize the input. In PHP you can encode or sanitize user input with `htmlspecialchars` or use automatic context-aware escaping with a template engine such as Latte.",WARNING,php.lang.security.taint-unsafe-echo-tag.taint-unsafe-echo-tag
../../CrossVul/CWE-79/php/good_3510_0,2675,77,`Echo`ing user input risks cross-site scripting vulnerability. You should use `htmlentities()` when showing data to users.,ERROR,php.lang.security.injection.echoed-request.echoed-request
../../CrossVul/CWE-79/php/good_3510_0,2677,11,`Echo`ing user input risks cross-site scripting vulnerability. You should use `htmlentities()` when showing data to users.,ERROR,php.lang.security.injection.echoed-request.echoed-request
../../CrossVul/CWE-79/php/good_3513_1,495,7,`Echo`ing user input risks cross-site scripting vulnerability. You should use `htmlentities()` when showing data to users.,ERROR,php.lang.security.injection.echoed-request.echoed-request
../../CrossVul/CWE-79/php/good_3513_1,1509,4,"Found direct access to a PHP variable wihout HTML escaping inside an inline PHP statement setting data from `$_REQUEST[...]`. When untrusted input can be used to tamper with a web page rendering, it can lead to a Cross-site scripting (XSS) vulnerability. XSS vulnerabilities occur when untrusted input executes malicious JavaScript code, leading to issues such as account compromise and sensitive information leakage. To prevent this vulnerability, validate the user input, perform contextual output encoding or sanitize the input. In PHP you can encode or sanitize user input with `htmlspecialchars` or use automatic context-aware escaping with a template engine such as Latte.",WARNING,php.lang.security.taint-unsafe-echo-tag.taint-unsafe-echo-tag
../../CrossVul/CWE-79/php/good_3513_2,48,6,`Echo`ing user input risks cross-site scripting vulnerability. You should use `htmlentities()` when showing data to users.,ERROR,php.lang.security.injection.echoed-request.echoed-request
../../CrossVul/CWE-79/php/good_3513_2,48,6,"Found direct access to a PHP variable wihout HTML escaping inside an inline PHP statement setting data from `$_REQUEST[...]`. When untrusted input can be used to tamper with a web page rendering, it can lead to a Cross-site scripting (XSS) vulnerability. XSS vulnerabilities occur when untrusted input executes malicious JavaScript code, leading to issues such as account compromise and sensitive information leakage. To prevent this vulnerability, validate the user input, perform contextual output encoding or sanitize the input. In PHP you can encode or sanitize user input with `htmlspecialchars` or use automatic context-aware escaping with a template engine such as Latte.",WARNING,php.lang.security.taint-unsafe-echo-tag.taint-unsafe-echo-tag
../../CrossVul/CWE-79/php/good_3513_2,74,6,`Echo`ing user input risks cross-site scripting vulnerability. You should use `htmlentities()` when showing data to users.,ERROR,php.lang.security.injection.echoed-request.echoed-request
../../CrossVul/CWE-79/php/good_3513_2,74,6,"Found direct access to a PHP variable wihout HTML escaping inside an inline PHP statement setting data from `$_REQUEST[...]`. When untrusted input can be used to tamper with a web page rendering, it can lead to a Cross-site scripting (XSS) vulnerability. XSS vulnerabilities occur when untrusted input executes malicious JavaScript code, leading to issues such as account compromise and sensitive information leakage. To prevent this vulnerability, validate the user input, perform contextual output encoding or sanitize the input. In PHP you can encode or sanitize user input with `htmlspecialchars` or use automatic context-aware escaping with a template engine such as Latte.",WARNING,php.lang.security.taint-unsafe-echo-tag.taint-unsafe-echo-tag
../../CrossVul/CWE-79/php/good_3513_2,76,6,`Echo`ing user input risks cross-site scripting vulnerability. You should use `htmlentities()` when showing data to users.,ERROR,php.lang.security.injection.echoed-request.echoed-request
../../CrossVul/CWE-79/php/good_3513_2,76,6,"Found direct access to a PHP variable wihout HTML escaping inside an inline PHP statement setting data from `$_REQUEST[...]`. When untrusted input can be used to tamper with a web page rendering, it can lead to a Cross-site scripting (XSS) vulnerability. XSS vulnerabilities occur when untrusted input executes malicious JavaScript code, leading to issues such as account compromise and sensitive information leakage. To prevent this vulnerability, validate the user input, perform contextual output encoding or sanitize the input. In PHP you can encode or sanitize user input with `htmlspecialchars` or use automatic context-aware escaping with a template engine such as Latte.",WARNING,php.lang.security.taint-unsafe-echo-tag.taint-unsafe-echo-tag
../../CrossVul/CWE-79/php/good_3513_2,93,7,`Echo`ing user input risks cross-site scripting vulnerability. You should use `htmlentities()` when showing data to users.,ERROR,php.lang.security.injection.echoed-request.echoed-request
../../CrossVul/CWE-79/php/good_3513_2,93,7,"Found direct access to a PHP variable wihout HTML escaping inside an inline PHP statement setting data from `$_REQUEST[...]`. When untrusted input can be used to tamper with a web page rendering, it can lead to a Cross-site scripting (XSS) vulnerability. XSS vulnerabilities occur when untrusted input executes malicious JavaScript code, leading to issues such as account compromise and sensitive information leakage. To prevent this vulnerability, validate the user input, perform contextual output encoding or sanitize the input. In PHP you can encode or sanitize user input with `htmlspecialchars` or use automatic context-aware escaping with a template engine such as Latte.",WARNING,php.lang.security.taint-unsafe-echo-tag.taint-unsafe-echo-tag
../../CrossVul/CWE-79/php/good_3513_2,100,6,`Echo`ing user input risks cross-site scripting vulnerability. You should use `htmlentities()` when showing data to users.,ERROR,php.lang.security.injection.echoed-request.echoed-request
../../CrossVul/CWE-79/php/good_3513_2,100,6,"Found direct access to a PHP variable wihout HTML escaping inside an inline PHP statement setting data from `$_REQUEST[...]`. When untrusted input can be used to tamper with a web page rendering, it can lead to a Cross-site scripting (XSS) vulnerability. XSS vulnerabilities occur when untrusted input executes malicious JavaScript code, leading to issues such as account compromise and sensitive information leakage. To prevent this vulnerability, validate the user input, perform contextual output encoding or sanitize the input. In PHP you can encode or sanitize user input with `htmlspecialchars` or use automatic context-aware escaping with a template engine such as Latte.",WARNING,php.lang.security.taint-unsafe-echo-tag.taint-unsafe-echo-tag
../../CrossVul/CWE-79/php/good_3513_2,117,6,`Echo`ing user input risks cross-site scripting vulnerability. You should use `htmlentities()` when showing data to users.,ERROR,php.lang.security.injection.echoed-request.echoed-request
../../CrossVul/CWE-79/php/good_3513_2,117,6,"Found direct access to a PHP variable wihout HTML escaping inside an inline PHP statement setting data from `$_REQUEST[...]`. When untrusted input can be used to tamper with a web page rendering, it can lead to a Cross-site scripting (XSS) vulnerability. XSS vulnerabilities occur when untrusted input executes malicious JavaScript code, leading to issues such as account compromise and sensitive information leakage. To prevent this vulnerability, validate the user input, perform contextual output encoding or sanitize the input. In PHP you can encode or sanitize user input with `htmlspecialchars` or use automatic context-aware escaping with a template engine such as Latte.",WARNING,php.lang.security.taint-unsafe-echo-tag.taint-unsafe-echo-tag
../../CrossVul/CWE-79/php/good_3513_2,307,5,`Echo`ing user input risks cross-site scripting vulnerability. You should use `htmlentities()` when showing data to users.,ERROR,php.lang.security.injection.echoed-request.echoed-request
../../CrossVul/CWE-79/php/good_3513_2,307,5,"Found direct access to a PHP variable wihout HTML escaping inside an inline PHP statement setting data from `$_REQUEST[...]`. When untrusted input can be used to tamper with a web page rendering, it can lead to a Cross-site scripting (XSS) vulnerability. XSS vulnerabilities occur when untrusted input executes malicious JavaScript code, leading to issues such as account compromise and sensitive information leakage. To prevent this vulnerability, validate the user input, perform contextual output encoding or sanitize the input. In PHP you can encode or sanitize user input with `htmlspecialchars` or use automatic context-aware escaping with a template engine such as Latte.",WARNING,php.lang.security.taint-unsafe-echo-tag.taint-unsafe-echo-tag
../../CrossVul/CWE-79/php/good_3513_2,351,6,`Echo`ing user input risks cross-site scripting vulnerability. You should use `htmlentities()` when showing data to users.,ERROR,php.lang.security.injection.echoed-request.echoed-request
../../CrossVul/CWE-79/php/good_3513_2,351,6,"Found direct access to a PHP variable wihout HTML escaping inside an inline PHP statement setting data from `$_REQUEST[...]`. When untrusted input can be used to tamper with a web page rendering, it can lead to a Cross-site scripting (XSS) vulnerability. XSS vulnerabilities occur when untrusted input executes malicious JavaScript code, leading to issues such as account compromise and sensitive information leakage. To prevent this vulnerability, validate the user input, perform contextual output encoding or sanitize the input. In PHP you can encode or sanitize user input with `htmlspecialchars` or use automatic context-aware escaping with a template engine such as Latte.",WARNING,php.lang.security.taint-unsafe-echo-tag.taint-unsafe-echo-tag
../../CrossVul/CWE-79/php/good_3513_2,353,6,`Echo`ing user input risks cross-site scripting vulnerability. You should use `htmlentities()` when showing data to users.,ERROR,php.lang.security.injection.echoed-request.echoed-request
../../CrossVul/CWE-79/php/good_3513_2,353,6,"Found direct access to a PHP variable wihout HTML escaping inside an inline PHP statement setting data from `$_REQUEST[...]`. When untrusted input can be used to tamper with a web page rendering, it can lead to a Cross-site scripting (XSS) vulnerability. XSS vulnerabilities occur when untrusted input executes malicious JavaScript code, leading to issues such as account compromise and sensitive information leakage. To prevent this vulnerability, validate the user input, perform contextual output encoding or sanitize the input. In PHP you can encode or sanitize user input with `htmlspecialchars` or use automatic context-aware escaping with a template engine such as Latte.",WARNING,php.lang.security.taint-unsafe-echo-tag.taint-unsafe-echo-tag
../../CrossVul/CWE-79/php/good_3513_2,553,7,`Echo`ing user input risks cross-site scripting vulnerability. You should use `htmlentities()` when showing data to users.,ERROR,php.lang.security.injection.echoed-request.echoed-request
../../CrossVul/CWE-79/php/good_3513_2,553,7,"Found direct access to a PHP variable wihout HTML escaping inside an inline PHP statement setting data from `$_REQUEST[...]`. When untrusted input can be used to tamper with a web page rendering, it can lead to a Cross-site scripting (XSS) vulnerability. XSS vulnerabilities occur when untrusted input executes malicious JavaScript code, leading to issues such as account compromise and sensitive information leakage. To prevent this vulnerability, validate the user input, perform contextual output encoding or sanitize the input. In PHP you can encode or sanitize user input with `htmlspecialchars` or use automatic context-aware escaping with a template engine such as Latte.",WARNING,php.lang.security.taint-unsafe-echo-tag.taint-unsafe-echo-tag
../../CrossVul/CWE-79/php/good_3513_2,556,7,`Echo`ing user input risks cross-site scripting vulnerability. You should use `htmlentities()` when showing data to users.,ERROR,php.lang.security.injection.echoed-request.echoed-request
../../CrossVul/CWE-79/php/good_3513_2,556,7,"Found direct access to a PHP variable wihout HTML escaping inside an inline PHP statement setting data from `$_REQUEST[...]`. When untrusted input can be used to tamper with a web page rendering, it can lead to a Cross-site scripting (XSS) vulnerability. XSS vulnerabilities occur when untrusted input executes malicious JavaScript code, leading to issues such as account compromise and sensitive information leakage. To prevent this vulnerability, validate the user input, perform contextual output encoding or sanitize the input. In PHP you can encode or sanitize user input with `htmlspecialchars` or use automatic context-aware escaping with a template engine such as Latte.",WARNING,php.lang.security.taint-unsafe-echo-tag.taint-unsafe-echo-tag
../../CrossVul/CWE-79/php/good_3513_2,562,5,`Printing user input risks cross-site scripting vulnerability. You should use `htmlentities()` when showing data to users.,ERROR,php.lang.security.injection.printed-request.printed-request
../../CrossVul/CWE-79/php/good_3513_2,570,4,`Echo`ing user input risks cross-site scripting vulnerability. You should use `htmlentities()` when showing data to users.,ERROR,php.lang.security.injection.echoed-request.echoed-request
../../CrossVul/CWE-79/php/good_3513_2,570,4,"Found direct access to a PHP variable wihout HTML escaping inside an inline PHP statement setting data from `$_REQUEST[...]`. When untrusted input can be used to tamper with a web page rendering, it can lead to a Cross-site scripting (XSS) vulnerability. XSS vulnerabilities occur when untrusted input executes malicious JavaScript code, leading to issues such as account compromise and sensitive information leakage. To prevent this vulnerability, validate the user input, perform contextual output encoding or sanitize the input. In PHP you can encode or sanitize user input with `htmlspecialchars` or use automatic context-aware escaping with a template engine such as Latte.",WARNING,php.lang.security.taint-unsafe-echo-tag.taint-unsafe-echo-tag
../../CrossVul/CWE-79/php/good_3513_2,585,4,`Echo`ing user input risks cross-site scripting vulnerability. You should use `htmlentities()` when showing data to users.,ERROR,php.lang.security.injection.echoed-request.echoed-request
../../CrossVul/CWE-79/php/good_3513_2,585,4,"Found direct access to a PHP variable wihout HTML escaping inside an inline PHP statement setting data from `$_REQUEST[...]`. When untrusted input can be used to tamper with a web page rendering, it can lead to a Cross-site scripting (XSS) vulnerability. XSS vulnerabilities occur when untrusted input executes malicious JavaScript code, leading to issues such as account compromise and sensitive information leakage. To prevent this vulnerability, validate the user input, perform contextual output encoding or sanitize the input. In PHP you can encode or sanitize user input with `htmlspecialchars` or use automatic context-aware escaping with a template engine such as Latte.",WARNING,php.lang.security.taint-unsafe-echo-tag.taint-unsafe-echo-tag
../../CrossVul/CWE-79/php/good_3513_2,590,4,`Echo`ing user input risks cross-site scripting vulnerability. You should use `htmlentities()` when showing data to users.,ERROR,php.lang.security.injection.echoed-request.echoed-request
../../CrossVul/CWE-79/php/good_3513_2,590,4,"Found direct access to a PHP variable wihout HTML escaping inside an inline PHP statement setting data from `$_REQUEST[...]`. When untrusted input can be used to tamper with a web page rendering, it can lead to a Cross-site scripting (XSS) vulnerability. XSS vulnerabilities occur when untrusted input executes malicious JavaScript code, leading to issues such as account compromise and sensitive information leakage. To prevent this vulnerability, validate the user input, perform contextual output encoding or sanitize the input. In PHP you can encode or sanitize user input with `htmlspecialchars` or use automatic context-aware escaping with a template engine such as Latte.",WARNING,php.lang.security.taint-unsafe-echo-tag.taint-unsafe-echo-tag
../../CrossVul/CWE-79/php/good_3513_2,593,4,`Echo`ing user input risks cross-site scripting vulnerability. You should use `htmlentities()` when showing data to users.,ERROR,php.lang.security.injection.echoed-request.echoed-request
../../CrossVul/CWE-79/php/good_3513_2,593,4,"Found direct access to a PHP variable wihout HTML escaping inside an inline PHP statement setting data from `$_REQUEST[...]`. When untrusted input can be used to tamper with a web page rendering, it can lead to a Cross-site scripting (XSS) vulnerability. XSS vulnerabilities occur when untrusted input executes malicious JavaScript code, leading to issues such as account compromise and sensitive information leakage. To prevent this vulnerability, validate the user input, perform contextual output encoding or sanitize the input. In PHP you can encode or sanitize user input with `htmlspecialchars` or use automatic context-aware escaping with a template engine such as Latte.",WARNING,php.lang.security.taint-unsafe-echo-tag.taint-unsafe-echo-tag
../../CrossVul/CWE-79/php/good_3513_2,598,4,`Echo`ing user input risks cross-site scripting vulnerability. You should use `htmlentities()` when showing data to users.,ERROR,php.lang.security.injection.echoed-request.echoed-request
../../CrossVul/CWE-79/php/good_3513_2,598,4,"Found direct access to a PHP variable wihout HTML escaping inside an inline PHP statement setting data from `$_REQUEST[...]`. When untrusted input can be used to tamper with a web page rendering, it can lead to a Cross-site scripting (XSS) vulnerability. XSS vulnerabilities occur when untrusted input executes malicious JavaScript code, leading to issues such as account compromise and sensitive information leakage. To prevent this vulnerability, validate the user input, perform contextual output encoding or sanitize the input. In PHP you can encode or sanitize user input with `htmlspecialchars` or use automatic context-aware escaping with a template engine such as Latte.",WARNING,php.lang.security.taint-unsafe-echo-tag.taint-unsafe-echo-tag
../../CrossVul/CWE-79/php/good_3513_2,605,5,`Echo`ing user input risks cross-site scripting vulnerability. You should use `htmlentities()` when showing data to users.,ERROR,php.lang.security.injection.echoed-request.echoed-request
../../CrossVul/CWE-79/php/good_3513_2,605,5,"Found direct access to a PHP variable wihout HTML escaping inside an inline PHP statement setting data from `$_REQUEST[...]`. When untrusted input can be used to tamper with a web page rendering, it can lead to a Cross-site scripting (XSS) vulnerability. XSS vulnerabilities occur when untrusted input executes malicious JavaScript code, leading to issues such as account compromise and sensitive information leakage. To prevent this vulnerability, validate the user input, perform contextual output encoding or sanitize the input. In PHP you can encode or sanitize user input with `htmlspecialchars` or use automatic context-aware escaping with a template engine such as Latte.",WARNING,php.lang.security.taint-unsafe-echo-tag.taint-unsafe-echo-tag
../../CrossVul/CWE-79/php/good_3513_2,607,4,`Echo`ing user input risks cross-site scripting vulnerability. You should use `htmlentities()` when showing data to users.,ERROR,php.lang.security.injection.echoed-request.echoed-request
../../CrossVul/CWE-79/php/good_3513_2,607,4,"Found direct access to a PHP variable wihout HTML escaping inside an inline PHP statement setting data from `$_REQUEST[...]`. When untrusted input can be used to tamper with a web page rendering, it can lead to a Cross-site scripting (XSS) vulnerability. XSS vulnerabilities occur when untrusted input executes malicious JavaScript code, leading to issues such as account compromise and sensitive information leakage. To prevent this vulnerability, validate the user input, perform contextual output encoding or sanitize the input. In PHP you can encode or sanitize user input with `htmlspecialchars` or use automatic context-aware escaping with a template engine such as Latte.",WARNING,php.lang.security.taint-unsafe-echo-tag.taint-unsafe-echo-tag
../../CrossVul/CWE-79/php/good_3513_2,609,5,`Echo`ing user input risks cross-site scripting vulnerability. You should use `htmlentities()` when showing data to users.,ERROR,php.lang.security.injection.echoed-request.echoed-request
../../CrossVul/CWE-79/php/good_3513_2,609,5,"Found direct access to a PHP variable wihout HTML escaping inside an inline PHP statement setting data from `$_REQUEST[...]`. When untrusted input can be used to tamper with a web page rendering, it can lead to a Cross-site scripting (XSS) vulnerability. XSS vulnerabilities occur when untrusted input executes malicious JavaScript code, leading to issues such as account compromise and sensitive information leakage. To prevent this vulnerability, validate the user input, perform contextual output encoding or sanitize the input. In PHP you can encode or sanitize user input with `htmlspecialchars` or use automatic context-aware escaping with a template engine such as Latte.",WARNING,php.lang.security.taint-unsafe-echo-tag.taint-unsafe-echo-tag
../../CrossVul/CWE-79/php/good_3513_2,615,4,`Echo`ing user input risks cross-site scripting vulnerability. You should use `htmlentities()` when showing data to users.,ERROR,php.lang.security.injection.echoed-request.echoed-request
../../CrossVul/CWE-79/php/good_3513_2,615,4,"Found direct access to a PHP variable wihout HTML escaping inside an inline PHP statement setting data from `$_REQUEST[...]`. When untrusted input can be used to tamper with a web page rendering, it can lead to a Cross-site scripting (XSS) vulnerability. XSS vulnerabilities occur when untrusted input executes malicious JavaScript code, leading to issues such as account compromise and sensitive information leakage. To prevent this vulnerability, validate the user input, perform contextual output encoding or sanitize the input. In PHP you can encode or sanitize user input with `htmlspecialchars` or use automatic context-aware escaping with a template engine such as Latte.",WARNING,php.lang.security.taint-unsafe-echo-tag.taint-unsafe-echo-tag
../../CrossVul/CWE-79/php/good_3513_2,619,3,`Echo`ing user input risks cross-site scripting vulnerability. You should use `htmlentities()` when showing data to users.,ERROR,php.lang.security.injection.echoed-request.echoed-request
../../CrossVul/CWE-79/php/good_3513_2,619,3,"Found direct access to a PHP variable wihout HTML escaping inside an inline PHP statement setting data from `$_REQUEST[...]`. When untrusted input can be used to tamper with a web page rendering, it can lead to a Cross-site scripting (XSS) vulnerability. XSS vulnerabilities occur when untrusted input executes malicious JavaScript code, leading to issues such as account compromise and sensitive information leakage. To prevent this vulnerability, validate the user input, perform contextual output encoding or sanitize the input. In PHP you can encode or sanitize user input with `htmlspecialchars` or use automatic context-aware escaping with a template engine such as Latte.",WARNING,php.lang.security.taint-unsafe-echo-tag.taint-unsafe-echo-tag
../../CrossVul/CWE-79/php/good_3587_0,89,13,`Echo`ing user input risks cross-site scripting vulnerability. You should use `htmlentities()` when showing data to users.,ERROR,php.lang.security.injection.echoed-request.echoed-request
../../CrossVul/CWE-79/php/good_3587_0,89,13,"Found direct access to a PHP variable wihout HTML escaping inside an inline PHP statement setting data from `$_REQUEST[...]`. When untrusted input can be used to tamper with a web page rendering, it can lead to a Cross-site scripting (XSS) vulnerability. XSS vulnerabilities occur when untrusted input executes malicious JavaScript code, leading to issues such as account compromise and sensitive information leakage. To prevent this vulnerability, validate the user input, perform contextual output encoding or sanitize the input. In PHP you can encode or sanitize user input with `htmlspecialchars` or use automatic context-aware escaping with a template engine such as Latte.",WARNING,php.lang.security.taint-unsafe-echo-tag.taint-unsafe-echo-tag
../../CrossVul/CWE-79/php/good_3587_0,102,17,`Echo`ing user input risks cross-site scripting vulnerability. You should use `htmlentities()` when showing data to users.,ERROR,php.lang.security.injection.echoed-request.echoed-request
../../CrossVul/CWE-79/php/good_3587_0,102,17,"Found direct access to a PHP variable wihout HTML escaping inside an inline PHP statement setting data from `$_REQUEST[...]`. When untrusted input can be used to tamper with a web page rendering, it can lead to a Cross-site scripting (XSS) vulnerability. XSS vulnerabilities occur when untrusted input executes malicious JavaScript code, leading to issues such as account compromise and sensitive information leakage. To prevent this vulnerability, validate the user input, perform contextual output encoding or sanitize the input. In PHP you can encode or sanitize user input with `htmlspecialchars` or use automatic context-aware escaping with a template engine such as Latte.",WARNING,php.lang.security.taint-unsafe-echo-tag.taint-unsafe-echo-tag
../../CrossVul/CWE-79/php/good_3587_0,131,29,File name based on user input risks server-side request forgery.,WARNING,php.lang.security.injection.tainted-filename.tainted-filename
../../CrossVul/CWE-79/php/good_3620_0,128,9,`Echo`ing user input risks cross-site scripting vulnerability. You should use `htmlentities()` when showing data to users.,ERROR,php.lang.security.injection.echoed-request.echoed-request
../../CrossVul/CWE-79/php/good_3620_0,128,9,"Found direct access to a PHP variable wihout HTML escaping inside an inline PHP statement setting data from `$_REQUEST[...]`. When untrusted input can be used to tamper with a web page rendering, it can lead to a Cross-site scripting (XSS) vulnerability. XSS vulnerabilities occur when untrusted input executes malicious JavaScript code, leading to issues such as account compromise and sensitive information leakage. To prevent this vulnerability, validate the user input, perform contextual output encoding or sanitize the input. In PHP you can encode or sanitize user input with `htmlspecialchars` or use automatic context-aware escaping with a template engine such as Latte.",WARNING,php.lang.security.taint-unsafe-echo-tag.taint-unsafe-echo-tag
../../CrossVul/CWE-79/php/good_3620_0,135,4,`Echo`ing user input risks cross-site scripting vulnerability. You should use `htmlentities()` when showing data to users.,ERROR,php.lang.security.injection.echoed-request.echoed-request
../../CrossVul/CWE-79/php/good_3620_0,135,4,"Found direct access to a PHP variable wihout HTML escaping inside an inline PHP statement setting data from `$_REQUEST[...]`. When untrusted input can be used to tamper with a web page rendering, it can lead to a Cross-site scripting (XSS) vulnerability. XSS vulnerabilities occur when untrusted input executes malicious JavaScript code, leading to issues such as account compromise and sensitive information leakage. To prevent this vulnerability, validate the user input, perform contextual output encoding or sanitize the input. In PHP you can encode or sanitize user input with `htmlspecialchars` or use automatic context-aware escaping with a template engine such as Latte.",WARNING,php.lang.security.taint-unsafe-echo-tag.taint-unsafe-echo-tag
../../CrossVul/CWE-79/php/good_3620_0,141,4,`Echo`ing user input risks cross-site scripting vulnerability. You should use `htmlentities()` when showing data to users.,ERROR,php.lang.security.injection.echoed-request.echoed-request
../../CrossVul/CWE-79/php/good_3620_0,141,4,"Found direct access to a PHP variable wihout HTML escaping inside an inline PHP statement setting data from `$_REQUEST[...]`. When untrusted input can be used to tamper with a web page rendering, it can lead to a Cross-site scripting (XSS) vulnerability. XSS vulnerabilities occur when untrusted input executes malicious JavaScript code, leading to issues such as account compromise and sensitive information leakage. To prevent this vulnerability, validate the user input, perform contextual output encoding or sanitize the input. In PHP you can encode or sanitize user input with `htmlspecialchars` or use automatic context-aware escaping with a template engine such as Latte.",WARNING,php.lang.security.taint-unsafe-echo-tag.taint-unsafe-echo-tag
../../CrossVul/CWE-79/php/good_3620_0,147,4,`Echo`ing user input risks cross-site scripting vulnerability. You should use `htmlentities()` when showing data to users.,ERROR,php.lang.security.injection.echoed-request.echoed-request
../../CrossVul/CWE-79/php/good_3620_0,147,4,"Found direct access to a PHP variable wihout HTML escaping inside an inline PHP statement setting data from `$_REQUEST[...]`. When untrusted input can be used to tamper with a web page rendering, it can lead to a Cross-site scripting (XSS) vulnerability. XSS vulnerabilities occur when untrusted input executes malicious JavaScript code, leading to issues such as account compromise and sensitive information leakage. To prevent this vulnerability, validate the user input, perform contextual output encoding or sanitize the input. In PHP you can encode or sanitize user input with `htmlspecialchars` or use automatic context-aware escaping with a template engine such as Latte.",WARNING,php.lang.security.taint-unsafe-echo-tag.taint-unsafe-echo-tag
../../CrossVul/CWE-79/php/good_3620_0,263,5,`Echo`ing user input risks cross-site scripting vulnerability. You should use `htmlentities()` when showing data to users.,ERROR,php.lang.security.injection.echoed-request.echoed-request
../../CrossVul/CWE-79/php/good_3620_0,263,5,"Found direct access to a PHP variable wihout HTML escaping inside an inline PHP statement setting data from `$_REQUEST[...]`. When untrusted input can be used to tamper with a web page rendering, it can lead to a Cross-site scripting (XSS) vulnerability. XSS vulnerabilities occur when untrusted input executes malicious JavaScript code, leading to issues such as account compromise and sensitive information leakage. To prevent this vulnerability, validate the user input, perform contextual output encoding or sanitize the input. In PHP you can encode or sanitize user input with `htmlspecialchars` or use automatic context-aware escaping with a template engine such as Latte.",WARNING,php.lang.security.taint-unsafe-echo-tag.taint-unsafe-echo-tag
../../CrossVul/CWE-79/php/good_3620_0,272,4,`Echo`ing user input risks cross-site scripting vulnerability. You should use `htmlentities()` when showing data to users.,ERROR,php.lang.security.injection.echoed-request.echoed-request
../../CrossVul/CWE-79/php/good_3620_0,272,4,"Found direct access to a PHP variable wihout HTML escaping inside an inline PHP statement setting data from `$_REQUEST[...]`. When untrusted input can be used to tamper with a web page rendering, it can lead to a Cross-site scripting (XSS) vulnerability. XSS vulnerabilities occur when untrusted input executes malicious JavaScript code, leading to issues such as account compromise and sensitive information leakage. To prevent this vulnerability, validate the user input, perform contextual output encoding or sanitize the input. In PHP you can encode or sanitize user input with `htmlspecialchars` or use automatic context-aware escaping with a template engine such as Latte.",WARNING,php.lang.security.taint-unsafe-echo-tag.taint-unsafe-echo-tag
../../CrossVul/CWE-79/php/good_3620_0,273,4,`Echo`ing user input risks cross-site scripting vulnerability. You should use `htmlentities()` when showing data to users.,ERROR,php.lang.security.injection.echoed-request.echoed-request
../../CrossVul/CWE-79/php/good_3620_0,273,4,"Found direct access to a PHP variable wihout HTML escaping inside an inline PHP statement setting data from `$_REQUEST[...]`. When untrusted input can be used to tamper with a web page rendering, it can lead to a Cross-site scripting (XSS) vulnerability. XSS vulnerabilities occur when untrusted input executes malicious JavaScript code, leading to issues such as account compromise and sensitive information leakage. To prevent this vulnerability, validate the user input, perform contextual output encoding or sanitize the input. In PHP you can encode or sanitize user input with `htmlspecialchars` or use automatic context-aware escaping with a template engine such as Latte.",WARNING,php.lang.security.taint-unsafe-echo-tag.taint-unsafe-echo-tag
../../CrossVul/CWE-79/php/good_3620_0,276,4,`Echo`ing user input risks cross-site scripting vulnerability. You should use `htmlentities()` when showing data to users.,ERROR,php.lang.security.injection.echoed-request.echoed-request
../../CrossVul/CWE-79/php/good_3620_0,276,4,"Found direct access to a PHP variable wihout HTML escaping inside an inline PHP statement setting data from `$_REQUEST[...]`. When untrusted input can be used to tamper with a web page rendering, it can lead to a Cross-site scripting (XSS) vulnerability. XSS vulnerabilities occur when untrusted input executes malicious JavaScript code, leading to issues such as account compromise and sensitive information leakage. To prevent this vulnerability, validate the user input, perform contextual output encoding or sanitize the input. In PHP you can encode or sanitize user input with `htmlspecialchars` or use automatic context-aware escaping with a template engine such as Latte.",WARNING,php.lang.security.taint-unsafe-echo-tag.taint-unsafe-echo-tag
../../CrossVul/CWE-79/php/good_3620_0,277,4,`Echo`ing user input risks cross-site scripting vulnerability. You should use `htmlentities()` when showing data to users.,ERROR,php.lang.security.injection.echoed-request.echoed-request
../../CrossVul/CWE-79/php/good_3620_0,277,4,"Found direct access to a PHP variable wihout HTML escaping inside an inline PHP statement setting data from `$_REQUEST[...]`. When untrusted input can be used to tamper with a web page rendering, it can lead to a Cross-site scripting (XSS) vulnerability. XSS vulnerabilities occur when untrusted input executes malicious JavaScript code, leading to issues such as account compromise and sensitive information leakage. To prevent this vulnerability, validate the user input, perform contextual output encoding or sanitize the input. In PHP you can encode or sanitize user input with `htmlspecialchars` or use automatic context-aware escaping with a template engine such as Latte.",WARNING,php.lang.security.taint-unsafe-echo-tag.taint-unsafe-echo-tag
../../CrossVul/CWE-79/php/good_3620_0,283,5,`Echo`ing user input risks cross-site scripting vulnerability. You should use `htmlentities()` when showing data to users.,ERROR,php.lang.security.injection.echoed-request.echoed-request
../../CrossVul/CWE-79/php/good_3620_0,283,5,"Found direct access to a PHP variable wihout HTML escaping inside an inline PHP statement setting data from `$_REQUEST[...]`. When untrusted input can be used to tamper with a web page rendering, it can lead to a Cross-site scripting (XSS) vulnerability. XSS vulnerabilities occur when untrusted input executes malicious JavaScript code, leading to issues such as account compromise and sensitive information leakage. To prevent this vulnerability, validate the user input, perform contextual output encoding or sanitize the input. In PHP you can encode or sanitize user input with `htmlspecialchars` or use automatic context-aware escaping with a template engine such as Latte.",WARNING,php.lang.security.taint-unsafe-echo-tag.taint-unsafe-echo-tag
../../CrossVul/CWE-79/php/good_3620_0,284,5,`Echo`ing user input risks cross-site scripting vulnerability. You should use `htmlentities()` when showing data to users.,ERROR,php.lang.security.injection.echoed-request.echoed-request
../../CrossVul/CWE-79/php/good_3620_0,284,5,"Found direct access to a PHP variable wihout HTML escaping inside an inline PHP statement setting data from `$_REQUEST[...]`. When untrusted input can be used to tamper with a web page rendering, it can lead to a Cross-site scripting (XSS) vulnerability. XSS vulnerabilities occur when untrusted input executes malicious JavaScript code, leading to issues such as account compromise and sensitive information leakage. To prevent this vulnerability, validate the user input, perform contextual output encoding or sanitize the input. In PHP you can encode or sanitize user input with `htmlspecialchars` or use automatic context-aware escaping with a template engine such as Latte.",WARNING,php.lang.security.taint-unsafe-echo-tag.taint-unsafe-echo-tag
../../CrossVul/CWE-79/php/good_3620_0,287,5,`Echo`ing user input risks cross-site scripting vulnerability. You should use `htmlentities()` when showing data to users.,ERROR,php.lang.security.injection.echoed-request.echoed-request
../../CrossVul/CWE-79/php/good_3620_0,287,5,"Found direct access to a PHP variable wihout HTML escaping inside an inline PHP statement setting data from `$_REQUEST[...]`. When untrusted input can be used to tamper with a web page rendering, it can lead to a Cross-site scripting (XSS) vulnerability. XSS vulnerabilities occur when untrusted input executes malicious JavaScript code, leading to issues such as account compromise and sensitive information leakage. To prevent this vulnerability, validate the user input, perform contextual output encoding or sanitize the input. In PHP you can encode or sanitize user input with `htmlspecialchars` or use automatic context-aware escaping with a template engine such as Latte.",WARNING,php.lang.security.taint-unsafe-echo-tag.taint-unsafe-echo-tag
../../CrossVul/CWE-79/php/good_3620_0,300,5,`Echo`ing user input risks cross-site scripting vulnerability. You should use `htmlentities()` when showing data to users.,ERROR,php.lang.security.injection.echoed-request.echoed-request
../../CrossVul/CWE-79/php/good_3620_0,300,5,"Found direct access to a PHP variable wihout HTML escaping inside an inline PHP statement setting data from `$_REQUEST[...]`. When untrusted input can be used to tamper with a web page rendering, it can lead to a Cross-site scripting (XSS) vulnerability. XSS vulnerabilities occur when untrusted input executes malicious JavaScript code, leading to issues such as account compromise and sensitive information leakage. To prevent this vulnerability, validate the user input, perform contextual output encoding or sanitize the input. In PHP you can encode or sanitize user input with `htmlspecialchars` or use automatic context-aware escaping with a template engine such as Latte.",WARNING,php.lang.security.taint-unsafe-echo-tag.taint-unsafe-echo-tag
../../CrossVul/CWE-79/php/good_3620_0,306,5,`Echo`ing user input risks cross-site scripting vulnerability. You should use `htmlentities()` when showing data to users.,ERROR,php.lang.security.injection.echoed-request.echoed-request
../../CrossVul/CWE-79/php/good_3620_0,306,5,"Found direct access to a PHP variable wihout HTML escaping inside an inline PHP statement setting data from `$_REQUEST[...]`. When untrusted input can be used to tamper with a web page rendering, it can lead to a Cross-site scripting (XSS) vulnerability. XSS vulnerabilities occur when untrusted input executes malicious JavaScript code, leading to issues such as account compromise and sensitive information leakage. To prevent this vulnerability, validate the user input, perform contextual output encoding or sanitize the input. In PHP you can encode or sanitize user input with `htmlspecialchars` or use automatic context-aware escaping with a template engine such as Latte.",WARNING,php.lang.security.taint-unsafe-echo-tag.taint-unsafe-echo-tag
../../CrossVul/CWE-79/php/good_3620_0,307,5,`Echo`ing user input risks cross-site scripting vulnerability. You should use `htmlentities()` when showing data to users.,ERROR,php.lang.security.injection.echoed-request.echoed-request
../../CrossVul/CWE-79/php/good_3620_0,307,5,"Found direct access to a PHP variable wihout HTML escaping inside an inline PHP statement setting data from `$_REQUEST[...]`. When untrusted input can be used to tamper with a web page rendering, it can lead to a Cross-site scripting (XSS) vulnerability. XSS vulnerabilities occur when untrusted input executes malicious JavaScript code, leading to issues such as account compromise and sensitive information leakage. To prevent this vulnerability, validate the user input, perform contextual output encoding or sanitize the input. In PHP you can encode or sanitize user input with `htmlspecialchars` or use automatic context-aware escaping with a template engine such as Latte.",WARNING,php.lang.security.taint-unsafe-echo-tag.taint-unsafe-echo-tag
../../CrossVul/CWE-79/php/good_3620_0,317,6,`Echo`ing user input risks cross-site scripting vulnerability. You should use `htmlentities()` when showing data to users.,ERROR,php.lang.security.injection.echoed-request.echoed-request
../../CrossVul/CWE-79/php/good_3620_0,317,6,"Found direct access to a PHP variable wihout HTML escaping inside an inline PHP statement setting data from `$_REQUEST[...]`. When untrusted input can be used to tamper with a web page rendering, it can lead to a Cross-site scripting (XSS) vulnerability. XSS vulnerabilities occur when untrusted input executes malicious JavaScript code, leading to issues such as account compromise and sensitive information leakage. To prevent this vulnerability, validate the user input, perform contextual output encoding or sanitize the input. In PHP you can encode or sanitize user input with `htmlspecialchars` or use automatic context-aware escaping with a template engine such as Latte.",WARNING,php.lang.security.taint-unsafe-echo-tag.taint-unsafe-echo-tag
../../CrossVul/CWE-79/php/good_3620_0,329,3,`Echo`ing user input risks cross-site scripting vulnerability. You should use `htmlentities()` when showing data to users.,ERROR,php.lang.security.injection.echoed-request.echoed-request
../../CrossVul/CWE-79/php/good_3620_0,329,3,"Found direct access to a PHP variable wihout HTML escaping inside an inline PHP statement setting data from `$_REQUEST[...]`. When untrusted input can be used to tamper with a web page rendering, it can lead to a Cross-site scripting (XSS) vulnerability. XSS vulnerabilities occur when untrusted input executes malicious JavaScript code, leading to issues such as account compromise and sensitive information leakage. To prevent this vulnerability, validate the user input, perform contextual output encoding or sanitize the input. In PHP you can encode or sanitize user input with `htmlspecialchars` or use automatic context-aware escaping with a template engine such as Latte.",WARNING,php.lang.security.taint-unsafe-echo-tag.taint-unsafe-echo-tag
../../CrossVul/CWE-79/php/good_3620_0,331,3,`Echo`ing user input risks cross-site scripting vulnerability. You should use `htmlentities()` when showing data to users.,ERROR,php.lang.security.injection.echoed-request.echoed-request
../../CrossVul/CWE-79/php/good_3620_0,331,3,"Found direct access to a PHP variable wihout HTML escaping inside an inline PHP statement setting data from `$_REQUEST[...]`. When untrusted input can be used to tamper with a web page rendering, it can lead to a Cross-site scripting (XSS) vulnerability. XSS vulnerabilities occur when untrusted input executes malicious JavaScript code, leading to issues such as account compromise and sensitive information leakage. To prevent this vulnerability, validate the user input, perform contextual output encoding or sanitize the input. In PHP you can encode or sanitize user input with `htmlspecialchars` or use automatic context-aware escaping with a template engine such as Latte.",WARNING,php.lang.security.taint-unsafe-echo-tag.taint-unsafe-echo-tag
../../CrossVul/CWE-79/php/good_3620_0,357,6,`Echo`ing user input risks cross-site scripting vulnerability. You should use `htmlentities()` when showing data to users.,ERROR,php.lang.security.injection.echoed-request.echoed-request
../../CrossVul/CWE-79/php/good_3620_0,357,6,"Found direct access to a PHP variable wihout HTML escaping inside an inline PHP statement setting data from `$_REQUEST[...]`. When untrusted input can be used to tamper with a web page rendering, it can lead to a Cross-site scripting (XSS) vulnerability. XSS vulnerabilities occur when untrusted input executes malicious JavaScript code, leading to issues such as account compromise and sensitive information leakage. To prevent this vulnerability, validate the user input, perform contextual output encoding or sanitize the input. In PHP you can encode or sanitize user input with `htmlspecialchars` or use automatic context-aware escaping with a template engine such as Latte.",WARNING,php.lang.security.taint-unsafe-echo-tag.taint-unsafe-echo-tag
../../CrossVul/CWE-79/php/good_3620_0,363,5,`Echo`ing user input risks cross-site scripting vulnerability. You should use `htmlentities()` when showing data to users.,ERROR,php.lang.security.injection.echoed-request.echoed-request
../../CrossVul/CWE-79/php/good_3620_0,363,5,"Found direct access to a PHP variable wihout HTML escaping inside an inline PHP statement setting data from `$_REQUEST[...]`. When untrusted input can be used to tamper with a web page rendering, it can lead to a Cross-site scripting (XSS) vulnerability. XSS vulnerabilities occur when untrusted input executes malicious JavaScript code, leading to issues such as account compromise and sensitive information leakage. To prevent this vulnerability, validate the user input, perform contextual output encoding or sanitize the input. In PHP you can encode or sanitize user input with `htmlspecialchars` or use automatic context-aware escaping with a template engine such as Latte.",WARNING,php.lang.security.taint-unsafe-echo-tag.taint-unsafe-echo-tag
../../CrossVul/CWE-79/php/good_3620_0,571,3,`Echo`ing user input risks cross-site scripting vulnerability. You should use `htmlentities()` when showing data to users.,ERROR,php.lang.security.injection.echoed-request.echoed-request
../../CrossVul/CWE-79/php/good_3620_0,571,3,"Found direct access to a PHP variable wihout HTML escaping inside an inline PHP statement setting data from `$_REQUEST[...]`. When untrusted input can be used to tamper with a web page rendering, it can lead to a Cross-site scripting (XSS) vulnerability. XSS vulnerabilities occur when untrusted input executes malicious JavaScript code, leading to issues such as account compromise and sensitive information leakage. To prevent this vulnerability, validate the user input, perform contextual output encoding or sanitize the input. In PHP you can encode or sanitize user input with `htmlspecialchars` or use automatic context-aware escaping with a template engine such as Latte.",WARNING,php.lang.security.taint-unsafe-echo-tag.taint-unsafe-echo-tag
../../CrossVul/CWE-79/php/good_3639_0,1172,47,"Untrusted input could be used to tamper with a web page rendering, which can lead to a Cross-site scripting (XSS) vulnerability. XSS vulnerabilities occur when untrusted input executes malicious JavaScript code, leading to issues such as account compromise and sensitive information leakage. To prevent this vulnerability, validate the user input, perform contextual output encoding or sanitize the input. In PHP you can encode or sanitize user input with `htmlspecialchars` or use automatic context-aware escaping with a template engine such as Latte.",ERROR,php.lang.security.tainted-user-input-in-php-script.tainted-user-input-in-php-script
../../CrossVul/CWE-79/php/good_3639_0,1177,35,`Echo`ing user input risks cross-site scripting vulnerability. You should use `htmlentities()` when showing data to users.,ERROR,php.lang.security.injection.echoed-request.echoed-request
../../CrossVul/CWE-79/php/good_3639_0,1177,35,"Found direct access to a PHP variable wihout HTML escaping inside an inline PHP statement setting data from `$_REQUEST[...]`. When untrusted input can be used to tamper with a web page rendering, it can lead to a Cross-site scripting (XSS) vulnerability. XSS vulnerabilities occur when untrusted input executes malicious JavaScript code, leading to issues such as account compromise and sensitive information leakage. To prevent this vulnerability, validate the user input, perform contextual output encoding or sanitize the input. In PHP you can encode or sanitize user input with `htmlspecialchars` or use automatic context-aware escaping with a template engine such as Latte.",WARNING,php.lang.security.taint-unsafe-echo-tag.taint-unsafe-echo-tag
../../CrossVul/CWE-79/php/good_3639_0,1179,27,`Echo`ing user input risks cross-site scripting vulnerability. You should use `htmlentities()` when showing data to users.,ERROR,php.lang.security.injection.echoed-request.echoed-request
../../CrossVul/CWE-79/php/good_3639_0,1179,27,"Found direct access to a PHP variable wihout HTML escaping inside an inline PHP statement setting data from `$_REQUEST[...]`. When untrusted input can be used to tamper with a web page rendering, it can lead to a Cross-site scripting (XSS) vulnerability. XSS vulnerabilities occur when untrusted input executes malicious JavaScript code, leading to issues such as account compromise and sensitive information leakage. To prevent this vulnerability, validate the user input, perform contextual output encoding or sanitize the input. In PHP you can encode or sanitize user input with `htmlspecialchars` or use automatic context-aware escaping with a template engine such as Latte.",WARNING,php.lang.security.taint-unsafe-echo-tag.taint-unsafe-echo-tag
../../CrossVul/CWE-79/php/good_3639_0,1180,11,`Echo`ing user input risks cross-site scripting vulnerability. You should use `htmlentities()` when showing data to users.,ERROR,php.lang.security.injection.echoed-request.echoed-request
../../CrossVul/CWE-79/php/good_3639_0,1180,11,"Found direct access to a PHP variable wihout HTML escaping inside an inline PHP statement setting data from `$_REQUEST[...]`. When untrusted input can be used to tamper with a web page rendering, it can lead to a Cross-site scripting (XSS) vulnerability. XSS vulnerabilities occur when untrusted input executes malicious JavaScript code, leading to issues such as account compromise and sensitive information leakage. To prevent this vulnerability, validate the user input, perform contextual output encoding or sanitize the input. In PHP you can encode or sanitize user input with `htmlspecialchars` or use automatic context-aware escaping with a template engine such as Latte.",WARNING,php.lang.security.taint-unsafe-echo-tag.taint-unsafe-echo-tag
../../CrossVul/CWE-79/php/good_3639_0,1182,27,`Echo`ing user input risks cross-site scripting vulnerability. You should use `htmlentities()` when showing data to users.,ERROR,php.lang.security.injection.echoed-request.echoed-request
../../CrossVul/CWE-79/php/good_3639_0,1182,27,"Found direct access to a PHP variable wihout HTML escaping inside an inline PHP statement setting data from `$_REQUEST[...]`. When untrusted input can be used to tamper with a web page rendering, it can lead to a Cross-site scripting (XSS) vulnerability. XSS vulnerabilities occur when untrusted input executes malicious JavaScript code, leading to issues such as account compromise and sensitive information leakage. To prevent this vulnerability, validate the user input, perform contextual output encoding or sanitize the input. In PHP you can encode or sanitize user input with `htmlspecialchars` or use automatic context-aware escaping with a template engine such as Latte.",WARNING,php.lang.security.taint-unsafe-echo-tag.taint-unsafe-echo-tag
../../CrossVul/CWE-79/php/good_3639_0,1183,11,`Echo`ing user input risks cross-site scripting vulnerability. You should use `htmlentities()` when showing data to users.,ERROR,php.lang.security.injection.echoed-request.echoed-request
../../CrossVul/CWE-79/php/good_3639_0,1183,11,"Found direct access to a PHP variable wihout HTML escaping inside an inline PHP statement setting data from `$_REQUEST[...]`. When untrusted input can be used to tamper with a web page rendering, it can lead to a Cross-site scripting (XSS) vulnerability. XSS vulnerabilities occur when untrusted input executes malicious JavaScript code, leading to issues such as account compromise and sensitive information leakage. To prevent this vulnerability, validate the user input, perform contextual output encoding or sanitize the input. In PHP you can encode or sanitize user input with `htmlspecialchars` or use automatic context-aware escaping with a template engine such as Latte.",WARNING,php.lang.security.taint-unsafe-echo-tag.taint-unsafe-echo-tag
../../CrossVul/CWE-79/php/good_3639_0,1186,11,"Found direct access to a PHP variable wihout HTML escaping inside an inline PHP statement setting data from `$_REQUEST[...]`. When untrusted input can be used to tamper with a web page rendering, it can lead to a Cross-site scripting (XSS) vulnerability. XSS vulnerabilities occur when untrusted input executes malicious JavaScript code, leading to issues such as account compromise and sensitive information leakage. To prevent this vulnerability, validate the user input, perform contextual output encoding or sanitize the input. In PHP you can encode or sanitize user input with `htmlspecialchars` or use automatic context-aware escaping with a template engine such as Latte.",WARNING,php.lang.security.taint-unsafe-echo-tag.taint-unsafe-echo-tag
../../CrossVul/CWE-79/php/good_3639_0,1380,9,`Echo`ing user input risks cross-site scripting vulnerability. You should use `htmlentities()` when showing data to users.,ERROR,php.lang.security.injection.echoed-request.echoed-request
../../CrossVul/CWE-79/php/good_3639_0,1380,9,"Found direct access to a PHP variable wihout HTML escaping inside an inline PHP statement setting data from `$_REQUEST[...]`. When untrusted input can be used to tamper with a web page rendering, it can lead to a Cross-site scripting (XSS) vulnerability. XSS vulnerabilities occur when untrusted input executes malicious JavaScript code, leading to issues such as account compromise and sensitive information leakage. To prevent this vulnerability, validate the user input, perform contextual output encoding or sanitize the input. In PHP you can encode or sanitize user input with `htmlspecialchars` or use automatic context-aware escaping with a template engine such as Latte.",WARNING,php.lang.security.taint-unsafe-echo-tag.taint-unsafe-echo-tag
../../CrossVul/CWE-79/php/good_3745_1,67,4,`Echo`ing user input risks cross-site scripting vulnerability. You should use `htmlentities()` when showing data to users.,ERROR,php.lang.security.injection.echoed-request.echoed-request
../../CrossVul/CWE-79/php/good_3745_1,67,4,"Found direct access to a PHP variable wihout HTML escaping inside an inline PHP statement setting data from `$_REQUEST[...]`. When untrusted input can be used to tamper with a web page rendering, it can lead to a Cross-site scripting (XSS) vulnerability. XSS vulnerabilities occur when untrusted input executes malicious JavaScript code, leading to issues such as account compromise and sensitive information leakage. To prevent this vulnerability, validate the user input, perform contextual output encoding or sanitize the input. In PHP you can encode or sanitize user input with `htmlspecialchars` or use automatic context-aware escaping with a template engine such as Latte.",WARNING,php.lang.security.taint-unsafe-echo-tag.taint-unsafe-echo-tag
../../CrossVul/CWE-79/php/good_3884_0,118,12,"Untrusted input might be injected into a command executed by the application, which can lead to a command injection vulnerability. An attacker can execute arbitrary commands, potentially gaining complete control of the system. To prevent this vulnerability, avoid executing OS commands with user input. If this is unavoidable, validate and sanitize the user input, and use safe methods for executing the commands. In PHP, it is possible to use `escapeshellcmd(...)` and `escapeshellarg(...)` to correctly sanitize input that is used respectively as system commands or command arguments.",CRITICAL,php.lang.security.tainted-command-injection.tainted-command-injection
../../CrossVul/CWE-79/php/good_3884_1,117,12,"Untrusted input might be injected into a command executed by the application, which can lead to a command injection vulnerability. An attacker can execute arbitrary commands, potentially gaining complete control of the system. To prevent this vulnerability, avoid executing OS commands with user input. If this is unavoidable, validate and sanitize the user input, and use safe methods for executing the commands. In PHP, it is possible to use `escapeshellcmd(...)` and `escapeshellarg(...)` to correctly sanitize input that is used respectively as system commands or command arguments.",CRITICAL,php.lang.security.tainted-command-injection.tainted-command-injection
../../CrossVul/CWE-79/php/good_3926_1,45,1,`Echo`ing user input risks cross-site scripting vulnerability. You should use `htmlentities()` when showing data to users.,ERROR,php.lang.security.injection.echoed-request.echoed-request
../../CrossVul/CWE-79/php/good_3926_2,44,1,`Echo`ing user input risks cross-site scripting vulnerability. You should use `htmlentities()` when showing data to users.,ERROR,php.lang.security.injection.echoed-request.echoed-request
../../CrossVul/CWE-79/php/good_3926_3,48,1,`Echo`ing user input risks cross-site scripting vulnerability. You should use `htmlentities()` when showing data to users.,ERROR,php.lang.security.injection.echoed-request.echoed-request
../../CrossVul/CWE-79/php/good_3926_4,47,1,`Echo`ing user input risks cross-site scripting vulnerability. You should use `htmlentities()` when showing data to users.,ERROR,php.lang.security.injection.echoed-request.echoed-request
../../CrossVul/CWE-79/php/good_3926_6,47,1,`Echo`ing user input risks cross-site scripting vulnerability. You should use `htmlentities()` when showing data to users.,ERROR,php.lang.security.injection.echoed-request.echoed-request
../../CrossVul/CWE-79/php/good_3926_5,48,1,`Echo`ing user input risks cross-site scripting vulnerability. You should use `htmlentities()` when showing data to users.,ERROR,php.lang.security.injection.echoed-request.echoed-request
../../CrossVul/CWE-79/php/good_3977_0,45,24,"User data flows into this manually-constructed SQL string. User data can be safely inserted into SQL strings using prepared statements or an object-relational mapper (ORM). Manually-constructed SQL strings is a possible indicator of SQL injection, which could let an attacker steal or manipulate data from the database. Instead, use prepared statements (`$mysqli->prepare(""INSERT INTO test(id, label) VALUES (?, ?)"");`) or a safe library.",ERROR,php.lang.security.injection.tainted-sql-string.tainted-sql-string
../../CrossVul/CWE-79/php/good_3977_0,134,40,"User data flows into this manually-constructed SQL string. User data can be safely inserted into SQL strings using prepared statements or an object-relational mapper (ORM). Manually-constructed SQL strings is a possible indicator of SQL injection, which could let an attacker steal or manipulate data from the database. Instead, use prepared statements (`$mysqli->prepare(""INSERT INTO test(id, label) VALUES (?, ?)"");`) or a safe library.",ERROR,php.lang.security.injection.tainted-sql-string.tainted-sql-string
../../CrossVul/CWE-79/php/good_3977_0,137,23,File name based on user input risks server-side request forgery.,WARNING,php.lang.security.injection.tainted-filename.tainted-filename
../../CrossVul/CWE-79/php/good_3977_0,139,22,File name based on user input risks server-side request forgery.,WARNING,php.lang.security.injection.tainted-filename.tainted-filename
../../CrossVul/CWE-79/php/good_3977_0,148,22,"User data flows into this manually-constructed SQL string. User data can be safely inserted into SQL strings using prepared statements or an object-relational mapper (ORM). Manually-constructed SQL strings is a possible indicator of SQL injection, which could let an attacker steal or manipulate data from the database. Instead, use prepared statements (`$mysqli->prepare(""INSERT INTO test(id, label) VALUES (?, ?)"");`) or a safe library.",ERROR,php.lang.security.injection.tainted-sql-string.tainted-sql-string
../../CrossVul/CWE-79/php/good_3977_0,192,36,"User data flows into this manually-constructed SQL string. User data can be safely inserted into SQL strings using prepared statements or an object-relational mapper (ORM). Manually-constructed SQL strings is a possible indicator of SQL injection, which could let an attacker steal or manipulate data from the database. Instead, use prepared statements (`$mysqli->prepare(""INSERT INTO test(id, label) VALUES (?, ?)"");`) or a safe library.",ERROR,php.lang.security.injection.tainted-sql-string.tainted-sql-string
../../CrossVul/CWE-79/php/good_3977_0,206,5,`Echo`ing user input risks cross-site scripting vulnerability. You should use `htmlentities()` when showing data to users.,ERROR,php.lang.security.injection.echoed-request.echoed-request
../../CrossVul/CWE-79/php/good_3977_0,206,5,"Found direct access to a PHP variable wihout HTML escaping inside an inline PHP statement setting data from `$_REQUEST[...]`. When untrusted input can be used to tamper with a web page rendering, it can lead to a Cross-site scripting (XSS) vulnerability. XSS vulnerabilities occur when untrusted input executes malicious JavaScript code, leading to issues such as account compromise and sensitive information leakage. To prevent this vulnerability, validate the user input, perform contextual output encoding or sanitize the input. In PHP you can encode or sanitize user input with `htmlspecialchars` or use automatic context-aware escaping with a template engine such as Latte.",WARNING,php.lang.security.taint-unsafe-echo-tag.taint-unsafe-echo-tag
../../CrossVul/CWE-79/php/good_3977_0,206,225,`Echo`ing user input risks cross-site scripting vulnerability. You should use `htmlentities()` when showing data to users.,ERROR,php.lang.security.injection.echoed-request.echoed-request
../../CrossVul/CWE-79/php/good_3977_0,206,225,"Found direct access to a PHP variable wihout HTML escaping inside an inline PHP statement setting data from `$_REQUEST[...]`. When untrusted input can be used to tamper with a web page rendering, it can lead to a Cross-site scripting (XSS) vulnerability. XSS vulnerabilities occur when untrusted input executes malicious JavaScript code, leading to issues such as account compromise and sensitive information leakage. To prevent this vulnerability, validate the user input, perform contextual output encoding or sanitize the input. In PHP you can encode or sanitize user input with `htmlspecialchars` or use automatic context-aware escaping with a template engine such as Latte.",WARNING,php.lang.security.taint-unsafe-echo-tag.taint-unsafe-echo-tag
../../CrossVul/CWE-79/php/good_3977_0,332,17,`Echo`ing user input risks cross-site scripting vulnerability. You should use `htmlentities()` when showing data to users.,ERROR,php.lang.security.injection.echoed-request.echoed-request
../../CrossVul/CWE-79/php/good_3977_0,332,17,"Found direct access to a PHP variable wihout HTML escaping inside an inline PHP statement setting data from `$_REQUEST[...]`. When untrusted input can be used to tamper with a web page rendering, it can lead to a Cross-site scripting (XSS) vulnerability. XSS vulnerabilities occur when untrusted input executes malicious JavaScript code, leading to issues such as account compromise and sensitive information leakage. To prevent this vulnerability, validate the user input, perform contextual output encoding or sanitize the input. In PHP you can encode or sanitize user input with `htmlspecialchars` or use automatic context-aware escaping with a template engine such as Latte.",WARNING,php.lang.security.taint-unsafe-echo-tag.taint-unsafe-echo-tag
../../CrossVul/CWE-79/php/good_3977_0,338,78,`Echo`ing user input risks cross-site scripting vulnerability. You should use `htmlentities()` when showing data to users.,ERROR,php.lang.security.injection.echoed-request.echoed-request
../../CrossVul/CWE-79/php/good_3977_0,338,78,"Found direct access to a PHP variable wihout HTML escaping inside an inline PHP statement setting data from `$_REQUEST[...]`. When untrusted input can be used to tamper with a web page rendering, it can lead to a Cross-site scripting (XSS) vulnerability. XSS vulnerabilities occur when untrusted input executes malicious JavaScript code, leading to issues such as account compromise and sensitive information leakage. To prevent this vulnerability, validate the user input, perform contextual output encoding or sanitize the input. In PHP you can encode or sanitize user input with `htmlspecialchars` or use automatic context-aware escaping with a template engine such as Latte.",WARNING,php.lang.security.taint-unsafe-echo-tag.taint-unsafe-echo-tag
../../CrossVul/CWE-79/php/good_3977_0,338,344,`Echo`ing user input risks cross-site scripting vulnerability. You should use `htmlentities()` when showing data to users.,ERROR,php.lang.security.injection.echoed-request.echoed-request
../../CrossVul/CWE-79/php/good_3977_0,338,344,"Found direct access to a PHP variable wihout HTML escaping inside an inline PHP statement setting data from `$_REQUEST[...]`. When untrusted input can be used to tamper with a web page rendering, it can lead to a Cross-site scripting (XSS) vulnerability. XSS vulnerabilities occur when untrusted input executes malicious JavaScript code, leading to issues such as account compromise and sensitive information leakage. To prevent this vulnerability, validate the user input, perform contextual output encoding or sanitize the input. In PHP you can encode or sanitize user input with `htmlspecialchars` or use automatic context-aware escaping with a template engine such as Latte.",WARNING,php.lang.security.taint-unsafe-echo-tag.taint-unsafe-echo-tag
../../CrossVul/CWE-79/php/good_3977_0,339,206,`Echo`ing user input risks cross-site scripting vulnerability. You should use `htmlentities()` when showing data to users.,ERROR,php.lang.security.injection.echoed-request.echoed-request
../../CrossVul/CWE-79/php/good_3977_0,339,206,"Found direct access to a PHP variable wihout HTML escaping inside an inline PHP statement setting data from `$_REQUEST[...]`. When untrusted input can be used to tamper with a web page rendering, it can lead to a Cross-site scripting (XSS) vulnerability. XSS vulnerabilities occur when untrusted input executes malicious JavaScript code, leading to issues such as account compromise and sensitive information leakage. To prevent this vulnerability, validate the user input, perform contextual output encoding or sanitize the input. In PHP you can encode or sanitize user input with `htmlspecialchars` or use automatic context-aware escaping with a template engine such as Latte.",WARNING,php.lang.security.taint-unsafe-echo-tag.taint-unsafe-echo-tag
../../CrossVul/CWE-79/php/good_3977_0,349,32,`Echo`ing user input risks cross-site scripting vulnerability. You should use `htmlentities()` when showing data to users.,ERROR,php.lang.security.injection.echoed-request.echoed-request
../../CrossVul/CWE-79/php/good_3977_0,349,32,"Found direct access to a PHP variable wihout HTML escaping inside an inline PHP statement setting data from `$_REQUEST[...]`. When untrusted input can be used to tamper with a web page rendering, it can lead to a Cross-site scripting (XSS) vulnerability. XSS vulnerabilities occur when untrusted input executes malicious JavaScript code, leading to issues such as account compromise and sensitive information leakage. To prevent this vulnerability, validate the user input, perform contextual output encoding or sanitize the input. In PHP you can encode or sanitize user input with `htmlspecialchars` or use automatic context-aware escaping with a template engine such as Latte.",WARNING,php.lang.security.taint-unsafe-echo-tag.taint-unsafe-echo-tag
../../CrossVul/CWE-79/php/good_3977_0,350,48,`Echo`ing user input risks cross-site scripting vulnerability. You should use `htmlentities()` when showing data to users.,ERROR,php.lang.security.injection.echoed-request.echoed-request
../../CrossVul/CWE-79/php/good_3977_0,350,48,"Found direct access to a PHP variable wihout HTML escaping inside an inline PHP statement setting data from `$_REQUEST[...]`. When untrusted input can be used to tamper with a web page rendering, it can lead to a Cross-site scripting (XSS) vulnerability. XSS vulnerabilities occur when untrusted input executes malicious JavaScript code, leading to issues such as account compromise and sensitive information leakage. To prevent this vulnerability, validate the user input, perform contextual output encoding or sanitize the input. In PHP you can encode or sanitize user input with `htmlspecialchars` or use automatic context-aware escaping with a template engine such as Latte.",WARNING,php.lang.security.taint-unsafe-echo-tag.taint-unsafe-echo-tag
../../CrossVul/CWE-79/php/good_3977_0,411,7,`Echo`ing user input risks cross-site scripting vulnerability. You should use `htmlentities()` when showing data to users.,ERROR,php.lang.security.injection.echoed-request.echoed-request
../../CrossVul/CWE-79/php/good_3977_0,411,7,"Found direct access to a PHP variable wihout HTML escaping inside an inline PHP statement setting data from `$_REQUEST[...]`. When untrusted input can be used to tamper with a web page rendering, it can lead to a Cross-site scripting (XSS) vulnerability. XSS vulnerabilities occur when untrusted input executes malicious JavaScript code, leading to issues such as account compromise and sensitive information leakage. To prevent this vulnerability, validate the user input, perform contextual output encoding or sanitize the input. In PHP you can encode or sanitize user input with `htmlspecialchars` or use automatic context-aware escaping with a template engine such as Latte.",WARNING,php.lang.security.taint-unsafe-echo-tag.taint-unsafe-echo-tag
../../CrossVul/CWE-79/php/good_3977_1,27,22,"User data flows into this manually-constructed SQL string. User data can be safely inserted into SQL strings using prepared statements or an object-relational mapper (ORM). Manually-constructed SQL strings is a possible indicator of SQL injection, which could let an attacker steal or manipulate data from the database. Instead, use prepared statements (`$mysqli->prepare(""INSERT INTO test(id, label) VALUES (?, ?)"");`) or a safe library.",ERROR,php.lang.security.injection.tainted-sql-string.tainted-sql-string
../../CrossVul/CWE-79/php/good_3977_1,40,22,"User data flows into this manually-constructed SQL string. User data can be safely inserted into SQL strings using prepared statements or an object-relational mapper (ORM). Manually-constructed SQL strings is a possible indicator of SQL injection, which could let an attacker steal or manipulate data from the database. Instead, use prepared statements (`$mysqli->prepare(""INSERT INTO test(id, label) VALUES (?, ?)"");`) or a safe library.",ERROR,php.lang.security.injection.tainted-sql-string.tainted-sql-string
../../CrossVul/CWE-79/php/good_3977_1,49,22,"User data flows into this manually-constructed SQL string. User data can be safely inserted into SQL strings using prepared statements or an object-relational mapper (ORM). Manually-constructed SQL strings is a possible indicator of SQL injection, which could let an attacker steal or manipulate data from the database. Instead, use prepared statements (`$mysqli->prepare(""INSERT INTO test(id, label) VALUES (?, ?)"");`) or a safe library.",ERROR,php.lang.security.injection.tainted-sql-string.tainted-sql-string
../../CrossVul/CWE-79/php/good_3977_1,101,17,`Echo`ing user input risks cross-site scripting vulnerability. You should use `htmlentities()` when showing data to users.,ERROR,php.lang.security.injection.echoed-request.echoed-request
../../CrossVul/CWE-79/php/good_3977_1,101,17,"Found direct access to a PHP variable wihout HTML escaping inside an inline PHP statement setting data from `$_REQUEST[...]`. When untrusted input can be used to tamper with a web page rendering, it can lead to a Cross-site scripting (XSS) vulnerability. XSS vulnerabilities occur when untrusted input executes malicious JavaScript code, leading to issues such as account compromise and sensitive information leakage. To prevent this vulnerability, validate the user input, perform contextual output encoding or sanitize the input. In PHP you can encode or sanitize user input with `htmlspecialchars` or use automatic context-aware escaping with a template engine such as Latte.",WARNING,php.lang.security.taint-unsafe-echo-tag.taint-unsafe-echo-tag
../../CrossVul/CWE-79/php/good_3977_1,103,17,`Echo`ing user input risks cross-site scripting vulnerability. You should use `htmlentities()` when showing data to users.,ERROR,php.lang.security.injection.echoed-request.echoed-request
../../CrossVul/CWE-79/php/good_3977_1,103,17,"Found direct access to a PHP variable wihout HTML escaping inside an inline PHP statement setting data from `$_REQUEST[...]`. When untrusted input can be used to tamper with a web page rendering, it can lead to a Cross-site scripting (XSS) vulnerability. XSS vulnerabilities occur when untrusted input executes malicious JavaScript code, leading to issues such as account compromise and sensitive information leakage. To prevent this vulnerability, validate the user input, perform contextual output encoding or sanitize the input. In PHP you can encode or sanitize user input with `htmlspecialchars` or use automatic context-aware escaping with a template engine such as Latte.",WARNING,php.lang.security.taint-unsafe-echo-tag.taint-unsafe-echo-tag
../../CrossVul/CWE-79/php/good_3977_1,109,216,`Echo`ing user input risks cross-site scripting vulnerability. You should use `htmlentities()` when showing data to users.,ERROR,php.lang.security.injection.echoed-request.echoed-request
../../CrossVul/CWE-79/php/good_3977_1,109,216,"Found direct access to a PHP variable wihout HTML escaping inside an inline PHP statement setting data from `$_REQUEST[...]`. When untrusted input can be used to tamper with a web page rendering, it can lead to a Cross-site scripting (XSS) vulnerability. XSS vulnerabilities occur when untrusted input executes malicious JavaScript code, leading to issues such as account compromise and sensitive information leakage. To prevent this vulnerability, validate the user input, perform contextual output encoding or sanitize the input. In PHP you can encode or sanitize user input with `htmlspecialchars` or use automatic context-aware escaping with a template engine such as Latte.",WARNING,php.lang.security.taint-unsafe-echo-tag.taint-unsafe-echo-tag
../../CrossVul/CWE-79/php/good_3977_1,119,32,`Echo`ing user input risks cross-site scripting vulnerability. You should use `htmlentities()` when showing data to users.,ERROR,php.lang.security.injection.echoed-request.echoed-request
../../CrossVul/CWE-79/php/good_3977_1,119,32,"Found direct access to a PHP variable wihout HTML escaping inside an inline PHP statement setting data from `$_REQUEST[...]`. When untrusted input can be used to tamper with a web page rendering, it can lead to a Cross-site scripting (XSS) vulnerability. XSS vulnerabilities occur when untrusted input executes malicious JavaScript code, leading to issues such as account compromise and sensitive information leakage. To prevent this vulnerability, validate the user input, perform contextual output encoding or sanitize the input. In PHP you can encode or sanitize user input with `htmlspecialchars` or use automatic context-aware escaping with a template engine such as Latte.",WARNING,php.lang.security.taint-unsafe-echo-tag.taint-unsafe-echo-tag
../../CrossVul/CWE-79/php/good_3977_1,120,48,`Echo`ing user input risks cross-site scripting vulnerability. You should use `htmlentities()` when showing data to users.,ERROR,php.lang.security.injection.echoed-request.echoed-request
../../CrossVul/CWE-79/php/good_3977_1,120,48,"Found direct access to a PHP variable wihout HTML escaping inside an inline PHP statement setting data from `$_REQUEST[...]`. When untrusted input can be used to tamper with a web page rendering, it can lead to a Cross-site scripting (XSS) vulnerability. XSS vulnerabilities occur when untrusted input executes malicious JavaScript code, leading to issues such as account compromise and sensitive information leakage. To prevent this vulnerability, validate the user input, perform contextual output encoding or sanitize the input. In PHP you can encode or sanitize user input with `htmlspecialchars` or use automatic context-aware escaping with a template engine such as Latte.",WARNING,php.lang.security.taint-unsafe-echo-tag.taint-unsafe-echo-tag
../../CrossVul/CWE-79/php/good_3977_1,175,7,`Echo`ing user input risks cross-site scripting vulnerability. You should use `htmlentities()` when showing data to users.,ERROR,php.lang.security.injection.echoed-request.echoed-request
../../CrossVul/CWE-79/php/good_3977_1,175,7,"Found direct access to a PHP variable wihout HTML escaping inside an inline PHP statement setting data from `$_REQUEST[...]`. When untrusted input can be used to tamper with a web page rendering, it can lead to a Cross-site scripting (XSS) vulnerability. XSS vulnerabilities occur when untrusted input executes malicious JavaScript code, leading to issues such as account compromise and sensitive information leakage. To prevent this vulnerability, validate the user input, perform contextual output encoding or sanitize the input. In PHP you can encode or sanitize user input with `htmlspecialchars` or use automatic context-aware escaping with a template engine such as Latte.",WARNING,php.lang.security.taint-unsafe-echo-tag.taint-unsafe-echo-tag
../../CrossVul/CWE-79/php/good_3977_2,58,24,"User data flows into this manually-constructed SQL string. User data can be safely inserted into SQL strings using prepared statements or an object-relational mapper (ORM). Manually-constructed SQL strings is a possible indicator of SQL injection, which could let an attacker steal or manipulate data from the database. Instead, use prepared statements (`$mysqli->prepare(""INSERT INTO test(id, label) VALUES (?, ?)"");`) or a safe library.",ERROR,php.lang.security.injection.tainted-sql-string.tainted-sql-string
../../CrossVul/CWE-79/php/good_3977_2,75,22,"User data flows into this manually-constructed SQL string. User data can be safely inserted into SQL strings using prepared statements or an object-relational mapper (ORM). Manually-constructed SQL strings is a possible indicator of SQL injection, which could let an attacker steal or manipulate data from the database. Instead, use prepared statements (`$mysqli->prepare(""INSERT INTO test(id, label) VALUES (?, ?)"");`) or a safe library.",ERROR,php.lang.security.injection.tainted-sql-string.tainted-sql-string
../../CrossVul/CWE-79/php/good_3977_2,96,40,"User data flows into this manually-constructed SQL string. User data can be safely inserted into SQL strings using prepared statements or an object-relational mapper (ORM). Manually-constructed SQL strings is a possible indicator of SQL injection, which could let an attacker steal or manipulate data from the database. Instead, use prepared statements (`$mysqli->prepare(""INSERT INTO test(id, label) VALUES (?, ?)"");`) or a safe library.",ERROR,php.lang.security.injection.tainted-sql-string.tainted-sql-string
../../CrossVul/CWE-79/php/good_3977_2,208,17,`Echo`ing user input risks cross-site scripting vulnerability. You should use `htmlentities()` when showing data to users.,ERROR,php.lang.security.injection.echoed-request.echoed-request
../../CrossVul/CWE-79/php/good_3977_2,208,17,"Found direct access to a PHP variable wihout HTML escaping inside an inline PHP statement setting data from `$_REQUEST[...]`. When untrusted input can be used to tamper with a web page rendering, it can lead to a Cross-site scripting (XSS) vulnerability. XSS vulnerabilities occur when untrusted input executes malicious JavaScript code, leading to issues such as account compromise and sensitive information leakage. To prevent this vulnerability, validate the user input, perform contextual output encoding or sanitize the input. In PHP you can encode or sanitize user input with `htmlspecialchars` or use automatic context-aware escaping with a template engine such as Latte.",WARNING,php.lang.security.taint-unsafe-echo-tag.taint-unsafe-echo-tag
../../CrossVul/CWE-79/php/good_3977_2,210,17,`Echo`ing user input risks cross-site scripting vulnerability. You should use `htmlentities()` when showing data to users.,ERROR,php.lang.security.injection.echoed-request.echoed-request
../../CrossVul/CWE-79/php/good_3977_2,210,17,"Found direct access to a PHP variable wihout HTML escaping inside an inline PHP statement setting data from `$_REQUEST[...]`. When untrusted input can be used to tamper with a web page rendering, it can lead to a Cross-site scripting (XSS) vulnerability. XSS vulnerabilities occur when untrusted input executes malicious JavaScript code, leading to issues such as account compromise and sensitive information leakage. To prevent this vulnerability, validate the user input, perform contextual output encoding or sanitize the input. In PHP you can encode or sanitize user input with `htmlspecialchars` or use automatic context-aware escaping with a template engine such as Latte.",WARNING,php.lang.security.taint-unsafe-echo-tag.taint-unsafe-echo-tag
../../CrossVul/CWE-79/php/good_3977_2,221,217,`Echo`ing user input risks cross-site scripting vulnerability. You should use `htmlentities()` when showing data to users.,ERROR,php.lang.security.injection.echoed-request.echoed-request
../../CrossVul/CWE-79/php/good_3977_2,221,217,"Found direct access to a PHP variable wihout HTML escaping inside an inline PHP statement setting data from `$_REQUEST[...]`. When untrusted input can be used to tamper with a web page rendering, it can lead to a Cross-site scripting (XSS) vulnerability. XSS vulnerabilities occur when untrusted input executes malicious JavaScript code, leading to issues such as account compromise and sensitive information leakage. To prevent this vulnerability, validate the user input, perform contextual output encoding or sanitize the input. In PHP you can encode or sanitize user input with `htmlspecialchars` or use automatic context-aware escaping with a template engine such as Latte.",WARNING,php.lang.security.taint-unsafe-echo-tag.taint-unsafe-echo-tag
../../CrossVul/CWE-79/php/good_3977_2,231,32,`Echo`ing user input risks cross-site scripting vulnerability. You should use `htmlentities()` when showing data to users.,ERROR,php.lang.security.injection.echoed-request.echoed-request
../../CrossVul/CWE-79/php/good_3977_2,231,32,"Found direct access to a PHP variable wihout HTML escaping inside an inline PHP statement setting data from `$_REQUEST[...]`. When untrusted input can be used to tamper with a web page rendering, it can lead to a Cross-site scripting (XSS) vulnerability. XSS vulnerabilities occur when untrusted input executes malicious JavaScript code, leading to issues such as account compromise and sensitive information leakage. To prevent this vulnerability, validate the user input, perform contextual output encoding or sanitize the input. In PHP you can encode or sanitize user input with `htmlspecialchars` or use automatic context-aware escaping with a template engine such as Latte.",WARNING,php.lang.security.taint-unsafe-echo-tag.taint-unsafe-echo-tag
../../CrossVul/CWE-79/php/good_3977_2,232,48,`Echo`ing user input risks cross-site scripting vulnerability. You should use `htmlentities()` when showing data to users.,ERROR,php.lang.security.injection.echoed-request.echoed-request
../../CrossVul/CWE-79/php/good_3977_2,232,48,"Found direct access to a PHP variable wihout HTML escaping inside an inline PHP statement setting data from `$_REQUEST[...]`. When untrusted input can be used to tamper with a web page rendering, it can lead to a Cross-site scripting (XSS) vulnerability. XSS vulnerabilities occur when untrusted input executes malicious JavaScript code, leading to issues such as account compromise and sensitive information leakage. To prevent this vulnerability, validate the user input, perform contextual output encoding or sanitize the input. In PHP you can encode or sanitize user input with `htmlspecialchars` or use automatic context-aware escaping with a template engine such as Latte.",WARNING,php.lang.security.taint-unsafe-echo-tag.taint-unsafe-echo-tag
../../CrossVul/CWE-79/php/good_3977_2,317,7,`Echo`ing user input risks cross-site scripting vulnerability. You should use `htmlentities()` when showing data to users.,ERROR,php.lang.security.injection.echoed-request.echoed-request
../../CrossVul/CWE-79/php/good_3977_2,317,7,"Found direct access to a PHP variable wihout HTML escaping inside an inline PHP statement setting data from `$_REQUEST[...]`. When untrusted input can be used to tamper with a web page rendering, it can lead to a Cross-site scripting (XSS) vulnerability. XSS vulnerabilities occur when untrusted input executes malicious JavaScript code, leading to issues such as account compromise and sensitive information leakage. To prevent this vulnerability, validate the user input, perform contextual output encoding or sanitize the input. In PHP you can encode or sanitize user input with `htmlspecialchars` or use automatic context-aware escaping with a template engine such as Latte.",WARNING,php.lang.security.taint-unsafe-echo-tag.taint-unsafe-echo-tag
../../CrossVul/CWE-79/php/good_4124_1,515,53,File name based on user input risks server-side request forgery.,WARNING,php.lang.security.injection.tainted-filename.tainted-filename
../../CrossVul/CWE-79/php/good_4124_1,557,18,File name based on user input risks server-side request forgery.,WARNING,php.lang.security.injection.tainted-filename.tainted-filename
../../CrossVul/CWE-79/php/good_4138_0,73,41,File name based on user input risks server-side request forgery.,WARNING,php.lang.security.injection.tainted-filename.tainted-filename
../../CrossVul/CWE-79/php/good_4241_0,256,9,`Echo`ing user input risks cross-site scripting vulnerability. You should use `htmlentities()` when showing data to users.,ERROR,php.lang.security.injection.echoed-request.echoed-request
../../CrossVul/CWE-79/php/good_424_3,31,8,"User data flows into this manually-constructed SQL string. User data can be safely inserted into SQL strings using prepared statements or an object-relational mapper (ORM). Manually-constructed SQL strings is a possible indicator of SQL injection, which could let an attacker steal or manipulate data from the database. Instead, use prepared statements (`$mysqli->prepare(""INSERT INTO test(id, label) VALUES (?, ?)"");`) or a safe library.",ERROR,php.lang.security.injection.tainted-sql-string.tainted-sql-string
../../CrossVul/CWE-79/php/good_424_5,58,12,"User data flows into this manually-constructed SQL string. User data can be safely inserted into SQL strings using prepared statements or an object-relational mapper (ORM). Manually-constructed SQL strings is a possible indicator of SQL injection, which could let an attacker steal or manipulate data from the database. Instead, use prepared statements (`$mysqli->prepare(""INSERT INTO test(id, label) VALUES (?, ?)"");`) or a safe library.",ERROR,php.lang.security.injection.tainted-sql-string.tainted-sql-string
../../CrossVul/CWE-79/php/good_425_5,58,12,"User data flows into this manually-constructed SQL string. User data can be safely inserted into SQL strings using prepared statements or an object-relational mapper (ORM). Manually-constructed SQL strings is a possible indicator of SQL injection, which could let an attacker steal or manipulate data from the database. Instead, use prepared statements (`$mysqli->prepare(""INSERT INTO test(id, label) VALUES (?, ?)"");`) or a safe library.",ERROR,php.lang.security.injection.tainted-sql-string.tainted-sql-string
../../CrossVul/CWE-79/php/good_425_3,31,8,"User data flows into this manually-constructed SQL string. User data can be safely inserted into SQL strings using prepared statements or an object-relational mapper (ORM). Manually-constructed SQL strings is a possible indicator of SQL injection, which could let an attacker steal or manipulate data from the database. Instead, use prepared statements (`$mysqli->prepare(""INSERT INTO test(id, label) VALUES (?, ?)"");`) or a safe library.",ERROR,php.lang.security.injection.tainted-sql-string.tainted-sql-string
../../CrossVul/CWE-79/php/good_426_3,31,8,"User data flows into this manually-constructed SQL string. User data can be safely inserted into SQL strings using prepared statements or an object-relational mapper (ORM). Manually-constructed SQL strings is a possible indicator of SQL injection, which could let an attacker steal or manipulate data from the database. Instead, use prepared statements (`$mysqli->prepare(""INSERT INTO test(id, label) VALUES (?, ?)"");`) or a safe library.",ERROR,php.lang.security.injection.tainted-sql-string.tainted-sql-string
../../CrossVul/CWE-79/php/good_426_5,58,12,"User data flows into this manually-constructed SQL string. User data can be safely inserted into SQL strings using prepared statements or an object-relational mapper (ORM). Manually-constructed SQL strings is a possible indicator of SQL injection, which could let an attacker steal or manipulate data from the database. Instead, use prepared statements (`$mysqli->prepare(""INSERT INTO test(id, label) VALUES (?, ?)"");`) or a safe library.",ERROR,php.lang.security.injection.tainted-sql-string.tainted-sql-string
../../CrossVul/CWE-79/php/good_4274_0,378,31,"User data flows into this manually-constructed SQL string. User data can be safely inserted into SQL strings using prepared statements or an object-relational mapper (ORM). Manually-constructed SQL strings is a possible indicator of SQL injection, which could let an attacker steal or manipulate data from the database. Instead, use prepared statements (`$mysqli->prepare(""INSERT INTO test(id, label) VALUES (?, ?)"");`) or a safe library.",ERROR,php.lang.security.injection.tainted-sql-string.tainted-sql-string
../../CrossVul/CWE-79/php/good_427_3,31,8,"User data flows into this manually-constructed SQL string. User data can be safely inserted into SQL strings using prepared statements or an object-relational mapper (ORM). Manually-constructed SQL strings is a possible indicator of SQL injection, which could let an attacker steal or manipulate data from the database. Instead, use prepared statements (`$mysqli->prepare(""INSERT INTO test(id, label) VALUES (?, ?)"");`) or a safe library.",ERROR,php.lang.security.injection.tainted-sql-string.tainted-sql-string
../../CrossVul/CWE-79/php/good_427_5,58,12,"User data flows into this manually-constructed SQL string. User data can be safely inserted into SQL strings using prepared statements or an object-relational mapper (ORM). Manually-constructed SQL strings is a possible indicator of SQL injection, which could let an attacker steal or manipulate data from the database. Instead, use prepared statements (`$mysqli->prepare(""INSERT INTO test(id, label) VALUES (?, ?)"");`) or a safe library.",ERROR,php.lang.security.injection.tainted-sql-string.tainted-sql-string
../../CrossVul/CWE-79/php/good_428_3,31,8,"User data flows into this manually-constructed SQL string. User data can be safely inserted into SQL strings using prepared statements or an object-relational mapper (ORM). Manually-constructed SQL strings is a possible indicator of SQL injection, which could let an attacker steal or manipulate data from the database. Instead, use prepared statements (`$mysqli->prepare(""INSERT INTO test(id, label) VALUES (?, ?)"");`) or a safe library.",ERROR,php.lang.security.injection.tainted-sql-string.tainted-sql-string
../../CrossVul/CWE-79/php/good_428_5,58,12,"User data flows into this manually-constructed SQL string. User data can be safely inserted into SQL strings using prepared statements or an object-relational mapper (ORM). Manually-constructed SQL strings is a possible indicator of SQL injection, which could let an attacker steal or manipulate data from the database. Instead, use prepared statements (`$mysqli->prepare(""INSERT INTO test(id, label) VALUES (?, ?)"");`) or a safe library.",ERROR,php.lang.security.injection.tainted-sql-string.tainted-sql-string
../../CrossVul/CWE-79/php/good_4292_5,17,45,"Found direct access to a PHP variable wihout HTML escaping inside an inline PHP statement setting data from `$_REQUEST[...]`. When untrusted input can be used to tamper with a web page rendering, it can lead to a Cross-site scripting (XSS) vulnerability. XSS vulnerabilities occur when untrusted input executes malicious JavaScript code, leading to issues such as account compromise and sensitive information leakage. To prevent this vulnerability, validate the user input, perform contextual output encoding or sanitize the input. In PHP you can encode or sanitize user input with `htmlspecialchars` or use automatic context-aware escaping with a template engine such as Latte.",WARNING,php.lang.security.taint-unsafe-echo-tag.taint-unsafe-echo-tag
../../CrossVul/CWE-79/php/good_4292_5,62,42,File name based on user input risks server-side request forgery.,WARNING,php.lang.security.injection.tainted-filename.tainted-filename
../../CrossVul/CWE-79/php/good_4292_5,113,108,"Found direct access to a PHP variable wihout HTML escaping inside an inline PHP statement setting data from `$_REQUEST[...]`. When untrusted input can be used to tamper with a web page rendering, it can lead to a Cross-site scripting (XSS) vulnerability. XSS vulnerabilities occur when untrusted input executes malicious JavaScript code, leading to issues such as account compromise and sensitive information leakage. To prevent this vulnerability, validate the user input, perform contextual output encoding or sanitize the input. In PHP you can encode or sanitize user input with `htmlspecialchars` or use automatic context-aware escaping with a template engine such as Latte.",WARNING,php.lang.security.taint-unsafe-echo-tag.taint-unsafe-echo-tag
../../CrossVul/CWE-79/php/good_4292_5,116,108,"Found direct access to a PHP variable wihout HTML escaping inside an inline PHP statement setting data from `$_REQUEST[...]`. When untrusted input can be used to tamper with a web page rendering, it can lead to a Cross-site scripting (XSS) vulnerability. XSS vulnerabilities occur when untrusted input executes malicious JavaScript code, leading to issues such as account compromise and sensitive information leakage. To prevent this vulnerability, validate the user input, perform contextual output encoding or sanitize the input. In PHP you can encode or sanitize user input with `htmlspecialchars` or use automatic context-aware escaping with a template engine such as Latte.",WARNING,php.lang.security.taint-unsafe-echo-tag.taint-unsafe-echo-tag
../../CrossVul/CWE-79/php/good_4292_5,133,49,"Found direct access to a PHP variable wihout HTML escaping inside an inline PHP statement setting data from `$_REQUEST[...]`. When untrusted input can be used to tamper with a web page rendering, it can lead to a Cross-site scripting (XSS) vulnerability. XSS vulnerabilities occur when untrusted input executes malicious JavaScript code, leading to issues such as account compromise and sensitive information leakage. To prevent this vulnerability, validate the user input, perform contextual output encoding or sanitize the input. In PHP you can encode or sanitize user input with `htmlspecialchars` or use automatic context-aware escaping with a template engine such as Latte.",WARNING,php.lang.security.taint-unsafe-echo-tag.taint-unsafe-echo-tag
../../CrossVul/CWE-79/php/good_4298_0,79,58,`Echo`ing user input risks cross-site scripting vulnerability. You should use `htmlentities()` when showing data to users.,ERROR,php.lang.security.injection.echoed-request.echoed-request
../../CrossVul/CWE-79/php/good_4298_0,79,58,"Found direct access to a PHP variable wihout HTML escaping inside an inline PHP statement setting data from `$_REQUEST[...]`. When untrusted input can be used to tamper with a web page rendering, it can lead to a Cross-site scripting (XSS) vulnerability. XSS vulnerabilities occur when untrusted input executes malicious JavaScript code, leading to issues such as account compromise and sensitive information leakage. To prevent this vulnerability, validate the user input, perform contextual output encoding or sanitize the input. In PHP you can encode or sanitize user input with `htmlspecialchars` or use automatic context-aware escaping with a template engine such as Latte.",WARNING,php.lang.security.taint-unsafe-echo-tag.taint-unsafe-echo-tag
../../CrossVul/CWE-79/php/good_4298_0,83,53,`Echo`ing user input risks cross-site scripting vulnerability. You should use `htmlentities()` when showing data to users.,ERROR,php.lang.security.injection.echoed-request.echoed-request
../../CrossVul/CWE-79/php/good_4298_0,83,53,"Found direct access to a PHP variable wihout HTML escaping inside an inline PHP statement setting data from `$_REQUEST[...]`. When untrusted input can be used to tamper with a web page rendering, it can lead to a Cross-site scripting (XSS) vulnerability. XSS vulnerabilities occur when untrusted input executes malicious JavaScript code, leading to issues such as account compromise and sensitive information leakage. To prevent this vulnerability, validate the user input, perform contextual output encoding or sanitize the input. In PHP you can encode or sanitize user input with `htmlspecialchars` or use automatic context-aware escaping with a template engine such as Latte.",WARNING,php.lang.security.taint-unsafe-echo-tag.taint-unsafe-echo-tag
../../CrossVul/CWE-79/php/good_4298_0,86,5,`Echo`ing user input risks cross-site scripting vulnerability. You should use `htmlentities()` when showing data to users.,ERROR,php.lang.security.injection.echoed-request.echoed-request
../../CrossVul/CWE-79/php/good_4298_0,86,5,"Found direct access to a PHP variable wihout HTML escaping inside an inline PHP statement setting data from `$_REQUEST[...]`. When untrusted input can be used to tamper with a web page rendering, it can lead to a Cross-site scripting (XSS) vulnerability. XSS vulnerabilities occur when untrusted input executes malicious JavaScript code, leading to issues such as account compromise and sensitive information leakage. To prevent this vulnerability, validate the user input, perform contextual output encoding or sanitize the input. In PHP you can encode or sanitize user input with `htmlspecialchars` or use automatic context-aware escaping with a template engine such as Latte.",WARNING,php.lang.security.taint-unsafe-echo-tag.taint-unsafe-echo-tag
../../CrossVul/CWE-79/php/good_4298_0,97,57,`Echo`ing user input risks cross-site scripting vulnerability. You should use `htmlentities()` when showing data to users.,ERROR,php.lang.security.injection.echoed-request.echoed-request
../../CrossVul/CWE-79/php/good_4298_0,97,57,"Found direct access to a PHP variable wihout HTML escaping inside an inline PHP statement setting data from `$_REQUEST[...]`. When untrusted input can be used to tamper with a web page rendering, it can lead to a Cross-site scripting (XSS) vulnerability. XSS vulnerabilities occur when untrusted input executes malicious JavaScript code, leading to issues such as account compromise and sensitive information leakage. To prevent this vulnerability, validate the user input, perform contextual output encoding or sanitize the input. In PHP you can encode or sanitize user input with `htmlspecialchars` or use automatic context-aware escaping with a template engine such as Latte.",WARNING,php.lang.security.taint-unsafe-echo-tag.taint-unsafe-echo-tag
../../CrossVul/CWE-79/php/good_4298_0,101,5,`Echo`ing user input risks cross-site scripting vulnerability. You should use `htmlentities()` when showing data to users.,ERROR,php.lang.security.injection.echoed-request.echoed-request
../../CrossVul/CWE-79/php/good_4298_0,101,5,"Found direct access to a PHP variable wihout HTML escaping inside an inline PHP statement setting data from `$_REQUEST[...]`. When untrusted input can be used to tamper with a web page rendering, it can lead to a Cross-site scripting (XSS) vulnerability. XSS vulnerabilities occur when untrusted input executes malicious JavaScript code, leading to issues such as account compromise and sensitive information leakage. To prevent this vulnerability, validate the user input, perform contextual output encoding or sanitize the input. In PHP you can encode or sanitize user input with `htmlspecialchars` or use automatic context-aware escaping with a template engine such as Latte.",WARNING,php.lang.security.taint-unsafe-echo-tag.taint-unsafe-echo-tag
../../CrossVul/CWE-79/php/good_4298_0,146,67,`Echo`ing user input risks cross-site scripting vulnerability. You should use `htmlentities()` when showing data to users.,ERROR,php.lang.security.injection.echoed-request.echoed-request
../../CrossVul/CWE-79/php/good_4298_0,146,67,"Found direct access to a PHP variable wihout HTML escaping inside an inline PHP statement setting data from `$_REQUEST[...]`. When untrusted input can be used to tamper with a web page rendering, it can lead to a Cross-site scripting (XSS) vulnerability. XSS vulnerabilities occur when untrusted input executes malicious JavaScript code, leading to issues such as account compromise and sensitive information leakage. To prevent this vulnerability, validate the user input, perform contextual output encoding or sanitize the input. In PHP you can encode or sanitize user input with `htmlspecialchars` or use automatic context-aware escaping with a template engine such as Latte.",WARNING,php.lang.security.taint-unsafe-echo-tag.taint-unsafe-echo-tag
../../CrossVul/CWE-79/php/good_4298_1,70,58,`Echo`ing user input risks cross-site scripting vulnerability. You should use `htmlentities()` when showing data to users.,ERROR,php.lang.security.injection.echoed-request.echoed-request
../../CrossVul/CWE-79/php/good_4298_1,70,58,"Found direct access to a PHP variable wihout HTML escaping inside an inline PHP statement setting data from `$_REQUEST[...]`. When untrusted input can be used to tamper with a web page rendering, it can lead to a Cross-site scripting (XSS) vulnerability. XSS vulnerabilities occur when untrusted input executes malicious JavaScript code, leading to issues such as account compromise and sensitive information leakage. To prevent this vulnerability, validate the user input, perform contextual output encoding or sanitize the input. In PHP you can encode or sanitize user input with `htmlspecialchars` or use automatic context-aware escaping with a template engine such as Latte.",WARNING,php.lang.security.taint-unsafe-echo-tag.taint-unsafe-echo-tag
../../CrossVul/CWE-79/php/good_4298_1,110,1,`Echo`ing user input risks cross-site scripting vulnerability. You should use `htmlentities()` when showing data to users.,ERROR,php.lang.security.injection.echoed-request.echoed-request
../../CrossVul/CWE-79/php/good_4298_1,110,1,"Found direct access to a PHP variable wihout HTML escaping inside an inline PHP statement setting data from `$_REQUEST[...]`. When untrusted input can be used to tamper with a web page rendering, it can lead to a Cross-site scripting (XSS) vulnerability. XSS vulnerabilities occur when untrusted input executes malicious JavaScript code, leading to issues such as account compromise and sensitive information leakage. To prevent this vulnerability, validate the user input, perform contextual output encoding or sanitize the input. In PHP you can encode or sanitize user input with `htmlspecialchars` or use automatic context-aware escaping with a template engine such as Latte.",WARNING,php.lang.security.taint-unsafe-echo-tag.taint-unsafe-echo-tag
../../CrossVul/CWE-79/php/good_4298_1,145,65,`Echo`ing user input risks cross-site scripting vulnerability. You should use `htmlentities()` when showing data to users.,ERROR,php.lang.security.injection.echoed-request.echoed-request
../../CrossVul/CWE-79/php/good_4298_1,145,65,"Found direct access to a PHP variable wihout HTML escaping inside an inline PHP statement setting data from `$_REQUEST[...]`. When untrusted input can be used to tamper with a web page rendering, it can lead to a Cross-site scripting (XSS) vulnerability. XSS vulnerabilities occur when untrusted input executes malicious JavaScript code, leading to issues such as account compromise and sensitive information leakage. To prevent this vulnerability, validate the user input, perform contextual output encoding or sanitize the input. In PHP you can encode or sanitize user input with `htmlspecialchars` or use automatic context-aware escaping with a template engine such as Latte.",WARNING,php.lang.security.taint-unsafe-echo-tag.taint-unsafe-echo-tag
../../CrossVul/CWE-79/php/good_4298_1,146,52,`Echo`ing user input risks cross-site scripting vulnerability. You should use `htmlentities()` when showing data to users.,ERROR,php.lang.security.injection.echoed-request.echoed-request
../../CrossVul/CWE-79/php/good_4298_1,146,52,"Found direct access to a PHP variable wihout HTML escaping inside an inline PHP statement setting data from `$_REQUEST[...]`. When untrusted input can be used to tamper with a web page rendering, it can lead to a Cross-site scripting (XSS) vulnerability. XSS vulnerabilities occur when untrusted input executes malicious JavaScript code, leading to issues such as account compromise and sensitive information leakage. To prevent this vulnerability, validate the user input, perform contextual output encoding or sanitize the input. In PHP you can encode or sanitize user input with `htmlspecialchars` or use automatic context-aware escaping with a template engine such as Latte.",WARNING,php.lang.security.taint-unsafe-echo-tag.taint-unsafe-echo-tag
../../CrossVul/CWE-79/php/good_4298_1,146,115,`Echo`ing user input risks cross-site scripting vulnerability. You should use `htmlentities()` when showing data to users.,ERROR,php.lang.security.injection.echoed-request.echoed-request
../../CrossVul/CWE-79/php/good_4298_1,146,115,"Found direct access to a PHP variable wihout HTML escaping inside an inline PHP statement setting data from `$_REQUEST[...]`. When untrusted input can be used to tamper with a web page rendering, it can lead to a Cross-site scripting (XSS) vulnerability. XSS vulnerabilities occur when untrusted input executes malicious JavaScript code, leading to issues such as account compromise and sensitive information leakage. To prevent this vulnerability, validate the user input, perform contextual output encoding or sanitize the input. In PHP you can encode or sanitize user input with `htmlspecialchars` or use automatic context-aware escaping with a template engine such as Latte.",WARNING,php.lang.security.taint-unsafe-echo-tag.taint-unsafe-echo-tag
../../CrossVul/CWE-79/php/good_4298_1,148,70,`Echo`ing user input risks cross-site scripting vulnerability. You should use `htmlentities()` when showing data to users.,ERROR,php.lang.security.injection.echoed-request.echoed-request
../../CrossVul/CWE-79/php/good_4298_1,148,70,"Found direct access to a PHP variable wihout HTML escaping inside an inline PHP statement setting data from `$_REQUEST[...]`. When untrusted input can be used to tamper with a web page rendering, it can lead to a Cross-site scripting (XSS) vulnerability. XSS vulnerabilities occur when untrusted input executes malicious JavaScript code, leading to issues such as account compromise and sensitive information leakage. To prevent this vulnerability, validate the user input, perform contextual output encoding or sanitize the input. In PHP you can encode or sanitize user input with `htmlspecialchars` or use automatic context-aware escaping with a template engine such as Latte.",WARNING,php.lang.security.taint-unsafe-echo-tag.taint-unsafe-echo-tag
../../CrossVul/CWE-79/php/good_4298_1,148,133,`Echo`ing user input risks cross-site scripting vulnerability. You should use `htmlentities()` when showing data to users.,ERROR,php.lang.security.injection.echoed-request.echoed-request
../../CrossVul/CWE-79/php/good_4298_1,148,133,"Found direct access to a PHP variable wihout HTML escaping inside an inline PHP statement setting data from `$_REQUEST[...]`. When untrusted input can be used to tamper with a web page rendering, it can lead to a Cross-site scripting (XSS) vulnerability. XSS vulnerabilities occur when untrusted input executes malicious JavaScript code, leading to issues such as account compromise and sensitive information leakage. To prevent this vulnerability, validate the user input, perform contextual output encoding or sanitize the input. In PHP you can encode or sanitize user input with `htmlspecialchars` or use automatic context-aware escaping with a template engine such as Latte.",WARNING,php.lang.security.taint-unsafe-echo-tag.taint-unsafe-echo-tag
../../CrossVul/CWE-79/php/good_4298_1,149,48,`Echo`ing user input risks cross-site scripting vulnerability. You should use `htmlentities()` when showing data to users.,ERROR,php.lang.security.injection.echoed-request.echoed-request
../../CrossVul/CWE-79/php/good_4298_1,149,48,"Found direct access to a PHP variable wihout HTML escaping inside an inline PHP statement setting data from `$_REQUEST[...]`. When untrusted input can be used to tamper with a web page rendering, it can lead to a Cross-site scripting (XSS) vulnerability. XSS vulnerabilities occur when untrusted input executes malicious JavaScript code, leading to issues such as account compromise and sensitive information leakage. To prevent this vulnerability, validate the user input, perform contextual output encoding or sanitize the input. In PHP you can encode or sanitize user input with `htmlspecialchars` or use automatic context-aware escaping with a template engine such as Latte.",WARNING,php.lang.security.taint-unsafe-echo-tag.taint-unsafe-echo-tag
../../CrossVul/CWE-79/php/good_4298_1,150,42,`Echo`ing user input risks cross-site scripting vulnerability. You should use `htmlentities()` when showing data to users.,ERROR,php.lang.security.injection.echoed-request.echoed-request
../../CrossVul/CWE-79/php/good_4298_1,151,41,`Echo`ing user input risks cross-site scripting vulnerability. You should use `htmlentities()` when showing data to users.,ERROR,php.lang.security.injection.echoed-request.echoed-request
../../CrossVul/CWE-79/php/good_4298_1,151,41,"Found direct access to a PHP variable wihout HTML escaping inside an inline PHP statement setting data from `$_REQUEST[...]`. When untrusted input can be used to tamper with a web page rendering, it can lead to a Cross-site scripting (XSS) vulnerability. XSS vulnerabilities occur when untrusted input executes malicious JavaScript code, leading to issues such as account compromise and sensitive information leakage. To prevent this vulnerability, validate the user input, perform contextual output encoding or sanitize the input. In PHP you can encode or sanitize user input with `htmlspecialchars` or use automatic context-aware escaping with a template engine such as Latte.",WARNING,php.lang.security.taint-unsafe-echo-tag.taint-unsafe-echo-tag
../../CrossVul/CWE-79/php/good_4298_1,154,45,`Echo`ing user input risks cross-site scripting vulnerability. You should use `htmlentities()` when showing data to users.,ERROR,php.lang.security.injection.echoed-request.echoed-request
../../CrossVul/CWE-79/php/good_4298_1,154,45,"Found direct access to a PHP variable wihout HTML escaping inside an inline PHP statement setting data from `$_REQUEST[...]`. When untrusted input can be used to tamper with a web page rendering, it can lead to a Cross-site scripting (XSS) vulnerability. XSS vulnerabilities occur when untrusted input executes malicious JavaScript code, leading to issues such as account compromise and sensitive information leakage. To prevent this vulnerability, validate the user input, perform contextual output encoding or sanitize the input. In PHP you can encode or sanitize user input with `htmlspecialchars` or use automatic context-aware escaping with a template engine such as Latte.",WARNING,php.lang.security.taint-unsafe-echo-tag.taint-unsafe-echo-tag
../../CrossVul/CWE-79/php/good_4298_1,155,43,`Echo`ing user input risks cross-site scripting vulnerability. You should use `htmlentities()` when showing data to users.,ERROR,php.lang.security.injection.echoed-request.echoed-request
../../CrossVul/CWE-79/php/good_4298_1,155,43,"Found direct access to a PHP variable wihout HTML escaping inside an inline PHP statement setting data from `$_REQUEST[...]`. When untrusted input can be used to tamper with a web page rendering, it can lead to a Cross-site scripting (XSS) vulnerability. XSS vulnerabilities occur when untrusted input executes malicious JavaScript code, leading to issues such as account compromise and sensitive information leakage. To prevent this vulnerability, validate the user input, perform contextual output encoding or sanitize the input. In PHP you can encode or sanitize user input with `htmlspecialchars` or use automatic context-aware escaping with a template engine such as Latte.",WARNING,php.lang.security.taint-unsafe-echo-tag.taint-unsafe-echo-tag
../../CrossVul/CWE-79/php/good_4298_1,156,48,`Echo`ing user input risks cross-site scripting vulnerability. You should use `htmlentities()` when showing data to users.,ERROR,php.lang.security.injection.echoed-request.echoed-request
../../CrossVul/CWE-79/php/good_4298_1,156,48,"Found direct access to a PHP variable wihout HTML escaping inside an inline PHP statement setting data from `$_REQUEST[...]`. When untrusted input can be used to tamper with a web page rendering, it can lead to a Cross-site scripting (XSS) vulnerability. XSS vulnerabilities occur when untrusted input executes malicious JavaScript code, leading to issues such as account compromise and sensitive information leakage. To prevent this vulnerability, validate the user input, perform contextual output encoding or sanitize the input. In PHP you can encode or sanitize user input with `htmlspecialchars` or use automatic context-aware escaping with a template engine such as Latte.",WARNING,php.lang.security.taint-unsafe-echo-tag.taint-unsafe-echo-tag
../../CrossVul/CWE-79/php/good_4298_1,157,45,`Echo`ing user input risks cross-site scripting vulnerability. You should use `htmlentities()` when showing data to users.,ERROR,php.lang.security.injection.echoed-request.echoed-request
../../CrossVul/CWE-79/php/good_4298_1,157,45,"Found direct access to a PHP variable wihout HTML escaping inside an inline PHP statement setting data from `$_REQUEST[...]`. When untrusted input can be used to tamper with a web page rendering, it can lead to a Cross-site scripting (XSS) vulnerability. XSS vulnerabilities occur when untrusted input executes malicious JavaScript code, leading to issues such as account compromise and sensitive information leakage. To prevent this vulnerability, validate the user input, perform contextual output encoding or sanitize the input. In PHP you can encode or sanitize user input with `htmlspecialchars` or use automatic context-aware escaping with a template engine such as Latte.",WARNING,php.lang.security.taint-unsafe-echo-tag.taint-unsafe-echo-tag
../../CrossVul/CWE-79/php/good_4298_1,158,45,`Echo`ing user input risks cross-site scripting vulnerability. You should use `htmlentities()` when showing data to users.,ERROR,php.lang.security.injection.echoed-request.echoed-request
../../CrossVul/CWE-79/php/good_4298_1,158,45,"Found direct access to a PHP variable wihout HTML escaping inside an inline PHP statement setting data from `$_REQUEST[...]`. When untrusted input can be used to tamper with a web page rendering, it can lead to a Cross-site scripting (XSS) vulnerability. XSS vulnerabilities occur when untrusted input executes malicious JavaScript code, leading to issues such as account compromise and sensitive information leakage. To prevent this vulnerability, validate the user input, perform contextual output encoding or sanitize the input. In PHP you can encode or sanitize user input with `htmlspecialchars` or use automatic context-aware escaping with a template engine such as Latte.",WARNING,php.lang.security.taint-unsafe-echo-tag.taint-unsafe-echo-tag
../../CrossVul/CWE-79/php/good_4298_1,159,45,`Echo`ing user input risks cross-site scripting vulnerability. You should use `htmlentities()` when showing data to users.,ERROR,php.lang.security.injection.echoed-request.echoed-request
../../CrossVul/CWE-79/php/good_4298_1,159,45,"Found direct access to a PHP variable wihout HTML escaping inside an inline PHP statement setting data from `$_REQUEST[...]`. When untrusted input can be used to tamper with a web page rendering, it can lead to a Cross-site scripting (XSS) vulnerability. XSS vulnerabilities occur when untrusted input executes malicious JavaScript code, leading to issues such as account compromise and sensitive information leakage. To prevent this vulnerability, validate the user input, perform contextual output encoding or sanitize the input. In PHP you can encode or sanitize user input with `htmlspecialchars` or use automatic context-aware escaping with a template engine such as Latte.",WARNING,php.lang.security.taint-unsafe-echo-tag.taint-unsafe-echo-tag
../../CrossVul/CWE-79/php/good_4298_1,166,5,`Echo`ing user input risks cross-site scripting vulnerability. You should use `htmlentities()` when showing data to users.,ERROR,php.lang.security.injection.echoed-request.echoed-request
../../CrossVul/CWE-79/php/good_4298_1,166,5,"Found direct access to a PHP variable wihout HTML escaping inside an inline PHP statement setting data from `$_REQUEST[...]`. When untrusted input can be used to tamper with a web page rendering, it can lead to a Cross-site scripting (XSS) vulnerability. XSS vulnerabilities occur when untrusted input executes malicious JavaScript code, leading to issues such as account compromise and sensitive information leakage. To prevent this vulnerability, validate the user input, perform contextual output encoding or sanitize the input. In PHP you can encode or sanitize user input with `htmlspecialchars` or use automatic context-aware escaping with a template engine such as Latte.",WARNING,php.lang.security.taint-unsafe-echo-tag.taint-unsafe-echo-tag
../../CrossVul/CWE-79/php/good_4298_1,181,44,`Echo`ing user input risks cross-site scripting vulnerability. You should use `htmlentities()` when showing data to users.,ERROR,php.lang.security.injection.echoed-request.echoed-request
../../CrossVul/CWE-79/php/good_4298_1,181,44,"Found direct access to a PHP variable wihout HTML escaping inside an inline PHP statement setting data from `$_REQUEST[...]`. When untrusted input can be used to tamper with a web page rendering, it can lead to a Cross-site scripting (XSS) vulnerability. XSS vulnerabilities occur when untrusted input executes malicious JavaScript code, leading to issues such as account compromise and sensitive information leakage. To prevent this vulnerability, validate the user input, perform contextual output encoding or sanitize the input. In PHP you can encode or sanitize user input with `htmlspecialchars` or use automatic context-aware escaping with a template engine such as Latte.",WARNING,php.lang.security.taint-unsafe-echo-tag.taint-unsafe-echo-tag
../../CrossVul/CWE-79/php/good_4298_1,225,17,`Echo`ing user input risks cross-site scripting vulnerability. You should use `htmlentities()` when showing data to users.,ERROR,php.lang.security.injection.echoed-request.echoed-request
../../CrossVul/CWE-79/php/good_4298_1,225,17,"Found direct access to a PHP variable wihout HTML escaping inside an inline PHP statement setting data from `$_REQUEST[...]`. When untrusted input can be used to tamper with a web page rendering, it can lead to a Cross-site scripting (XSS) vulnerability. XSS vulnerabilities occur when untrusted input executes malicious JavaScript code, leading to issues such as account compromise and sensitive information leakage. To prevent this vulnerability, validate the user input, perform contextual output encoding or sanitize the input. In PHP you can encode or sanitize user input with `htmlspecialchars` or use automatic context-aware escaping with a template engine such as Latte.",WARNING,php.lang.security.taint-unsafe-echo-tag.taint-unsafe-echo-tag
../../CrossVul/CWE-79/php/good_4298_1,235,17,`Echo`ing user input risks cross-site scripting vulnerability. You should use `htmlentities()` when showing data to users.,ERROR,php.lang.security.injection.echoed-request.echoed-request
../../CrossVul/CWE-79/php/good_4298_1,235,17,"Found direct access to a PHP variable wihout HTML escaping inside an inline PHP statement setting data from `$_REQUEST[...]`. When untrusted input can be used to tamper with a web page rendering, it can lead to a Cross-site scripting (XSS) vulnerability. XSS vulnerabilities occur when untrusted input executes malicious JavaScript code, leading to issues such as account compromise and sensitive information leakage. To prevent this vulnerability, validate the user input, perform contextual output encoding or sanitize the input. In PHP you can encode or sanitize user input with `htmlspecialchars` or use automatic context-aware escaping with a template engine such as Latte.",WARNING,php.lang.security.taint-unsafe-echo-tag.taint-unsafe-echo-tag
../../CrossVul/CWE-79/php/good_4298_1,269,63,`Echo`ing user input risks cross-site scripting vulnerability. You should use `htmlentities()` when showing data to users.,ERROR,php.lang.security.injection.echoed-request.echoed-request
../../CrossVul/CWE-79/php/good_4298_1,269,63,"Found direct access to a PHP variable wihout HTML escaping inside an inline PHP statement setting data from `$_REQUEST[...]`. When untrusted input can be used to tamper with a web page rendering, it can lead to a Cross-site scripting (XSS) vulnerability. XSS vulnerabilities occur when untrusted input executes malicious JavaScript code, leading to issues such as account compromise and sensitive information leakage. To prevent this vulnerability, validate the user input, perform contextual output encoding or sanitize the input. In PHP you can encode or sanitize user input with `htmlspecialchars` or use automatic context-aware escaping with a template engine such as Latte.",WARNING,php.lang.security.taint-unsafe-echo-tag.taint-unsafe-echo-tag
../../CrossVul/CWE-79/php/good_4298_1,270,62,`Echo`ing user input risks cross-site scripting vulnerability. You should use `htmlentities()` when showing data to users.,ERROR,php.lang.security.injection.echoed-request.echoed-request
../../CrossVul/CWE-79/php/good_4298_1,270,62,"Found direct access to a PHP variable wihout HTML escaping inside an inline PHP statement setting data from `$_REQUEST[...]`. When untrusted input can be used to tamper with a web page rendering, it can lead to a Cross-site scripting (XSS) vulnerability. XSS vulnerabilities occur when untrusted input executes malicious JavaScript code, leading to issues such as account compromise and sensitive information leakage. To prevent this vulnerability, validate the user input, perform contextual output encoding or sanitize the input. In PHP you can encode or sanitize user input with `htmlspecialchars` or use automatic context-aware escaping with a template engine such as Latte.",WARNING,php.lang.security.taint-unsafe-echo-tag.taint-unsafe-echo-tag
../../CrossVul/CWE-79/php/good_429_3,31,8,"User data flows into this manually-constructed SQL string. User data can be safely inserted into SQL strings using prepared statements or an object-relational mapper (ORM). Manually-constructed SQL strings is a possible indicator of SQL injection, which could let an attacker steal or manipulate data from the database. Instead, use prepared statements (`$mysqli->prepare(""INSERT INTO test(id, label) VALUES (?, ?)"");`) or a safe library.",ERROR,php.lang.security.injection.tainted-sql-string.tainted-sql-string
../../CrossVul/CWE-79/php/good_429_5,58,12,"User data flows into this manually-constructed SQL string. User data can be safely inserted into SQL strings using prepared statements or an object-relational mapper (ORM). Manually-constructed SQL strings is a possible indicator of SQL injection, which could let an attacker steal or manipulate data from the database. Instead, use prepared statements (`$mysqli->prepare(""INSERT INTO test(id, label) VALUES (?, ?)"");`) or a safe library.",ERROR,php.lang.security.injection.tainted-sql-string.tainted-sql-string
../../CrossVul/CWE-79/php/good_430_3,31,8,"User data flows into this manually-constructed SQL string. User data can be safely inserted into SQL strings using prepared statements or an object-relational mapper (ORM). Manually-constructed SQL strings is a possible indicator of SQL injection, which could let an attacker steal or manipulate data from the database. Instead, use prepared statements (`$mysqli->prepare(""INSERT INTO test(id, label) VALUES (?, ?)"");`) or a safe library.",ERROR,php.lang.security.injection.tainted-sql-string.tainted-sql-string
../../CrossVul/CWE-79/php/good_430_5,58,12,"User data flows into this manually-constructed SQL string. User data can be safely inserted into SQL strings using prepared statements or an object-relational mapper (ORM). Manually-constructed SQL strings is a possible indicator of SQL injection, which could let an attacker steal or manipulate data from the database. Instead, use prepared statements (`$mysqli->prepare(""INSERT INTO test(id, label) VALUES (?, ?)"");`) or a safe library.",ERROR,php.lang.security.injection.tainted-sql-string.tainted-sql-string
../../CrossVul/CWE-79/php/good_4408_0,28,19,"Found direct access to a PHP variable wihout HTML escaping inside an inline PHP statement setting data from `$_REQUEST[...]`. When untrusted input can be used to tamper with a web page rendering, it can lead to a Cross-site scripting (XSS) vulnerability. XSS vulnerabilities occur when untrusted input executes malicious JavaScript code, leading to issues such as account compromise and sensitive information leakage. To prevent this vulnerability, validate the user input, perform contextual output encoding or sanitize the input. In PHP you can encode or sanitize user input with `htmlspecialchars` or use automatic context-aware escaping with a template engine such as Latte.",WARNING,php.lang.security.taint-unsafe-echo-tag.taint-unsafe-echo-tag
../../CrossVul/CWE-79/php/good_4412_2,33,1,"Found direct access to a PHP variable wihout HTML escaping inside an inline PHP statement setting data from `$_REQUEST[...]`. When untrusted input can be used to tamper with a web page rendering, it can lead to a Cross-site scripting (XSS) vulnerability. XSS vulnerabilities occur when untrusted input executes malicious JavaScript code, leading to issues such as account compromise and sensitive information leakage. To prevent this vulnerability, validate the user input, perform contextual output encoding or sanitize the input. In PHP you can encode or sanitize user input with `htmlspecialchars` or use automatic context-aware escaping with a template engine such as Latte.",WARNING,php.lang.security.taint-unsafe-echo-tag.taint-unsafe-echo-tag
../../CrossVul/CWE-79/php/good_4412_2,33,59,"Untrusted input could be used to tamper with a web page rendering, which can lead to a Cross-site scripting (XSS) vulnerability. XSS vulnerabilities occur when untrusted input executes malicious JavaScript code, leading to issues such as account compromise and sensitive information leakage. To prevent this vulnerability, validate the user input, perform contextual output encoding or sanitize the input. In PHP you can encode or sanitize user input with `htmlspecialchars` or use automatic context-aware escaping with a template engine such as Latte.",ERROR,php.lang.security.tainted-user-input-in-php-script.tainted-user-input-in-php-script
../../CrossVul/CWE-79/php/good_4412_1,269,39,"User data flows into this manually-constructed SQL string. User data can be safely inserted into SQL strings using prepared statements or an object-relational mapper (ORM). Manually-constructed SQL strings is a possible indicator of SQL injection, which could let an attacker steal or manipulate data from the database. Instead, use prepared statements (`$mysqli->prepare(""INSERT INTO test(id, label) VALUES (?, ?)"");`) or a safe library.",ERROR,php.lang.security.injection.tainted-sql-string.tainted-sql-string
../../CrossVul/CWE-79/php/good_4412_1,293,39,"User data flows into this manually-constructed SQL string. User data can be safely inserted into SQL strings using prepared statements or an object-relational mapper (ORM). Manually-constructed SQL strings is a possible indicator of SQL injection, which could let an attacker steal or manipulate data from the database. Instead, use prepared statements (`$mysqli->prepare(""INSERT INTO test(id, label) VALUES (?, ?)"");`) or a safe library.",ERROR,php.lang.security.injection.tainted-sql-string.tainted-sql-string
../../CrossVul/CWE-79/php/good_4412_1,315,39,"User data flows into this manually-constructed SQL string. User data can be safely inserted into SQL strings using prepared statements or an object-relational mapper (ORM). Manually-constructed SQL strings is a possible indicator of SQL injection, which could let an attacker steal or manipulate data from the database. Instead, use prepared statements (`$mysqli->prepare(""INSERT INTO test(id, label) VALUES (?, ?)"");`) or a safe library.",ERROR,php.lang.security.injection.tainted-sql-string.tainted-sql-string
../../CrossVul/CWE-79/php/good_4412_1,343,39,"User data flows into this manually-constructed SQL string. User data can be safely inserted into SQL strings using prepared statements or an object-relational mapper (ORM). Manually-constructed SQL strings is a possible indicator of SQL injection, which could let an attacker steal or manipulate data from the database. Instead, use prepared statements (`$mysqli->prepare(""INSERT INTO test(id, label) VALUES (?, ?)"");`) or a safe library.",ERROR,php.lang.security.injection.tainted-sql-string.tainted-sql-string
../../CrossVul/CWE-79/php/good_4412_1,349,44,"User data flows into this manually-constructed SQL string. User data can be safely inserted into SQL strings using prepared statements or an object-relational mapper (ORM). Manually-constructed SQL strings is a possible indicator of SQL injection, which could let an attacker steal or manipulate data from the database. Instead, use prepared statements (`$mysqli->prepare(""INSERT INTO test(id, label) VALUES (?, ?)"");`) or a safe library.",ERROR,php.lang.security.injection.tainted-sql-string.tainted-sql-string
../../CrossVul/CWE-79/php/good_4412_1,367,39,"User data flows into this manually-constructed SQL string. User data can be safely inserted into SQL strings using prepared statements or an object-relational mapper (ORM). Manually-constructed SQL strings is a possible indicator of SQL injection, which could let an attacker steal or manipulate data from the database. Instead, use prepared statements (`$mysqli->prepare(""INSERT INTO test(id, label) VALUES (?, ?)"");`) or a safe library.",ERROR,php.lang.security.injection.tainted-sql-string.tainted-sql-string
../../CrossVul/CWE-79/php/good_4412_1,373,44,"User data flows into this manually-constructed SQL string. User data can be safely inserted into SQL strings using prepared statements or an object-relational mapper (ORM). Manually-constructed SQL strings is a possible indicator of SQL injection, which could let an attacker steal or manipulate data from the database. Instead, use prepared statements (`$mysqli->prepare(""INSERT INTO test(id, label) VALUES (?, ?)"");`) or a safe library.",ERROR,php.lang.security.injection.tainted-sql-string.tainted-sql-string
../../CrossVul/CWE-79/php/good_4412_1,390,39,"User data flows into this manually-constructed SQL string. User data can be safely inserted into SQL strings using prepared statements or an object-relational mapper (ORM). Manually-constructed SQL strings is a possible indicator of SQL injection, which could let an attacker steal or manipulate data from the database. Instead, use prepared statements (`$mysqli->prepare(""INSERT INTO test(id, label) VALUES (?, ?)"");`) or a safe library.",ERROR,php.lang.security.injection.tainted-sql-string.tainted-sql-string
../../CrossVul/CWE-79/php/good_4412_1,396,44,"User data flows into this manually-constructed SQL string. User data can be safely inserted into SQL strings using prepared statements or an object-relational mapper (ORM). Manually-constructed SQL strings is a possible indicator of SQL injection, which could let an attacker steal or manipulate data from the database. Instead, use prepared statements (`$mysqli->prepare(""INSERT INTO test(id, label) VALUES (?, ?)"");`) or a safe library.",ERROR,php.lang.security.injection.tainted-sql-string.tainted-sql-string
../../CrossVul/CWE-79/php/good_4412_1,410,31,"User data flows into this manually-constructed SQL string. User data can be safely inserted into SQL strings using prepared statements or an object-relational mapper (ORM). Manually-constructed SQL strings is a possible indicator of SQL injection, which could let an attacker steal or manipulate data from the database. Instead, use prepared statements (`$mysqli->prepare(""INSERT INTO test(id, label) VALUES (?, ?)"");`) or a safe library.",ERROR,php.lang.security.injection.tainted-sql-string.tainted-sql-string
../../CrossVul/CWE-79/php/good_4412_1,414,17,"User data flows into this manually-constructed SQL string. User data can be safely inserted into SQL strings using prepared statements or an object-relational mapper (ORM). Manually-constructed SQL strings is a possible indicator of SQL injection, which could let an attacker steal or manipulate data from the database. Instead, use prepared statements (`$mysqli->prepare(""INSERT INTO test(id, label) VALUES (?, ?)"");`) or a safe library.",ERROR,php.lang.security.injection.tainted-sql-string.tainted-sql-string
../../CrossVul/CWE-79/php/good_4412_1,503,84,`Echo`ing user input risks cross-site scripting vulnerability. You should use `htmlentities()` when showing data to users.,ERROR,php.lang.security.injection.echoed-request.echoed-request
../../CrossVul/CWE-79/php/good_4412_1,503,84,"Found direct access to a PHP variable wihout HTML escaping inside an inline PHP statement setting data from `$_REQUEST[...]`. When untrusted input can be used to tamper with a web page rendering, it can lead to a Cross-site scripting (XSS) vulnerability. XSS vulnerabilities occur when untrusted input executes malicious JavaScript code, leading to issues such as account compromise and sensitive information leakage. To prevent this vulnerability, validate the user input, perform contextual output encoding or sanitize the input. In PHP you can encode or sanitize user input with `htmlspecialchars` or use automatic context-aware escaping with a template engine such as Latte.",WARNING,php.lang.security.taint-unsafe-echo-tag.taint-unsafe-echo-tag
../../CrossVul/CWE-79/php/good_4412_1,508,84,`Echo`ing user input risks cross-site scripting vulnerability. You should use `htmlentities()` when showing data to users.,ERROR,php.lang.security.injection.echoed-request.echoed-request
../../CrossVul/CWE-79/php/good_4412_1,508,84,"Found direct access to a PHP variable wihout HTML escaping inside an inline PHP statement setting data from `$_REQUEST[...]`. When untrusted input can be used to tamper with a web page rendering, it can lead to a Cross-site scripting (XSS) vulnerability. XSS vulnerabilities occur when untrusted input executes malicious JavaScript code, leading to issues such as account compromise and sensitive information leakage. To prevent this vulnerability, validate the user input, perform contextual output encoding or sanitize the input. In PHP you can encode or sanitize user input with `htmlspecialchars` or use automatic context-aware escaping with a template engine such as Latte.",WARNING,php.lang.security.taint-unsafe-echo-tag.taint-unsafe-echo-tag
../../CrossVul/CWE-79/php/good_4412_1,513,84,`Echo`ing user input risks cross-site scripting vulnerability. You should use `htmlentities()` when showing data to users.,ERROR,php.lang.security.injection.echoed-request.echoed-request
../../CrossVul/CWE-79/php/good_4412_1,513,84,"Found direct access to a PHP variable wihout HTML escaping inside an inline PHP statement setting data from `$_REQUEST[...]`. When untrusted input can be used to tamper with a web page rendering, it can lead to a Cross-site scripting (XSS) vulnerability. XSS vulnerabilities occur when untrusted input executes malicious JavaScript code, leading to issues such as account compromise and sensitive information leakage. To prevent this vulnerability, validate the user input, perform contextual output encoding or sanitize the input. In PHP you can encode or sanitize user input with `htmlspecialchars` or use automatic context-aware escaping with a template engine such as Latte.",WARNING,php.lang.security.taint-unsafe-echo-tag.taint-unsafe-echo-tag
../../CrossVul/CWE-79/php/good_4412_1,518,84,`Echo`ing user input risks cross-site scripting vulnerability. You should use `htmlentities()` when showing data to users.,ERROR,php.lang.security.injection.echoed-request.echoed-request
../../CrossVul/CWE-79/php/good_4412_1,518,84,"Found direct access to a PHP variable wihout HTML escaping inside an inline PHP statement setting data from `$_REQUEST[...]`. When untrusted input can be used to tamper with a web page rendering, it can lead to a Cross-site scripting (XSS) vulnerability. XSS vulnerabilities occur when untrusted input executes malicious JavaScript code, leading to issues such as account compromise and sensitive information leakage. To prevent this vulnerability, validate the user input, perform contextual output encoding or sanitize the input. In PHP you can encode or sanitize user input with `htmlspecialchars` or use automatic context-aware escaping with a template engine such as Latte.",WARNING,php.lang.security.taint-unsafe-echo-tag.taint-unsafe-echo-tag
../../CrossVul/CWE-79/php/good_4412_1,535,64,`Echo`ing user input risks cross-site scripting vulnerability. You should use `htmlentities()` when showing data to users.,ERROR,php.lang.security.injection.echoed-request.echoed-request
../../CrossVul/CWE-79/php/good_4412_1,535,64,"Found direct access to a PHP variable wihout HTML escaping inside an inline PHP statement setting data from `$_REQUEST[...]`. When untrusted input can be used to tamper with a web page rendering, it can lead to a Cross-site scripting (XSS) vulnerability. XSS vulnerabilities occur when untrusted input executes malicious JavaScript code, leading to issues such as account compromise and sensitive information leakage. To prevent this vulnerability, validate the user input, perform contextual output encoding or sanitize the input. In PHP you can encode or sanitize user input with `htmlspecialchars` or use automatic context-aware escaping with a template engine such as Latte.",WARNING,php.lang.security.taint-unsafe-echo-tag.taint-unsafe-echo-tag
../../CrossVul/CWE-79/php/good_4412_1,539,37,`Echo`ing user input risks cross-site scripting vulnerability. You should use `htmlentities()` when showing data to users.,ERROR,php.lang.security.injection.echoed-request.echoed-request
../../CrossVul/CWE-79/php/good_4412_1,539,37,"Found direct access to a PHP variable wihout HTML escaping inside an inline PHP statement setting data from `$_REQUEST[...]`. When untrusted input can be used to tamper with a web page rendering, it can lead to a Cross-site scripting (XSS) vulnerability. XSS vulnerabilities occur when untrusted input executes malicious JavaScript code, leading to issues such as account compromise and sensitive information leakage. To prevent this vulnerability, validate the user input, perform contextual output encoding or sanitize the input. In PHP you can encode or sanitize user input with `htmlspecialchars` or use automatic context-aware escaping with a template engine such as Latte.",WARNING,php.lang.security.taint-unsafe-echo-tag.taint-unsafe-echo-tag
../../CrossVul/CWE-79/php/good_4412_1,541,37,`Echo`ing user input risks cross-site scripting vulnerability. You should use `htmlentities()` when showing data to users.,ERROR,php.lang.security.injection.echoed-request.echoed-request
../../CrossVul/CWE-79/php/good_4412_1,541,37,"Found direct access to a PHP variable wihout HTML escaping inside an inline PHP statement setting data from `$_REQUEST[...]`. When untrusted input can be used to tamper with a web page rendering, it can lead to a Cross-site scripting (XSS) vulnerability. XSS vulnerabilities occur when untrusted input executes malicious JavaScript code, leading to issues such as account compromise and sensitive information leakage. To prevent this vulnerability, validate the user input, perform contextual output encoding or sanitize the input. In PHP you can encode or sanitize user input with `htmlspecialchars` or use automatic context-aware escaping with a template engine such as Latte.",WARNING,php.lang.security.taint-unsafe-echo-tag.taint-unsafe-echo-tag
../../CrossVul/CWE-79/php/good_471_0,359,19,File name based on user input risks server-side request forgery.,WARNING,php.lang.security.injection.tainted-filename.tainted-filename
../../CrossVul/CWE-79/php/good_471_0,1167,3,`Printing user input risks cross-site scripting vulnerability. You should use `htmlentities()` when showing data to users.,ERROR,php.lang.security.injection.printed-request.printed-request
../../CrossVul/CWE-79/php/good_471_0,1182,3,`Printing user input risks cross-site scripting vulnerability. You should use `htmlentities()` when showing data to users.,ERROR,php.lang.security.injection.printed-request.printed-request
../../CrossVul/CWE-79/php/good_471_0,1212,3,`Printing user input risks cross-site scripting vulnerability. You should use `htmlentities()` when showing data to users.,ERROR,php.lang.security.injection.printed-request.printed-request
../../CrossVul/CWE-79/php/good_471_0,1386,4,`Printing user input risks cross-site scripting vulnerability. You should use `htmlentities()` when showing data to users.,ERROR,php.lang.security.injection.printed-request.printed-request
../../CrossVul/CWE-79/php/good_471_0,1547,3,`Printing user input risks cross-site scripting vulnerability. You should use `htmlentities()` when showing data to users.,ERROR,php.lang.security.injection.printed-request.printed-request
../../CrossVul/CWE-79/php/good_471_0,1547,20,"Untrusted input could be used to tamper with a web page rendering, which can lead to a Cross-site scripting (XSS) vulnerability. XSS vulnerabilities occur when untrusted input executes malicious JavaScript code, leading to issues such as account compromise and sensitive information leakage. To prevent this vulnerability, validate the user input, perform contextual output encoding or sanitize the input. In PHP you can encode or sanitize user input with `htmlspecialchars` or use automatic context-aware escaping with a template engine such as Latte.",ERROR,php.lang.security.tainted-user-input-in-php-script.tainted-user-input-in-php-script
../../CrossVul/CWE-79/php/good_471_0,1554,3,`Printing user input risks cross-site scripting vulnerability. You should use `htmlentities()` when showing data to users.,ERROR,php.lang.security.injection.printed-request.printed-request
../../CrossVul/CWE-79/php/good_471_0,1554,20,"Untrusted input could be used to tamper with a web page rendering, which can lead to a Cross-site scripting (XSS) vulnerability. XSS vulnerabilities occur when untrusted input executes malicious JavaScript code, leading to issues such as account compromise and sensitive information leakage. To prevent this vulnerability, validate the user input, perform contextual output encoding or sanitize the input. In PHP you can encode or sanitize user input with `htmlspecialchars` or use automatic context-aware escaping with a template engine such as Latte.",ERROR,php.lang.security.tainted-user-input-in-php-script.tainted-user-input-in-php-script
../../CrossVul/CWE-79/php/good_471_0,1679,3,`Printing user input risks cross-site scripting vulnerability. You should use `htmlentities()` when showing data to users.,ERROR,php.lang.security.injection.printed-request.printed-request
../../CrossVul/CWE-79/php/good_471_0,1679,39,"Untrusted input could be used to tamper with a web page rendering, which can lead to a Cross-site scripting (XSS) vulnerability. XSS vulnerabilities occur when untrusted input executes malicious JavaScript code, leading to issues such as account compromise and sensitive information leakage. To prevent this vulnerability, validate the user input, perform contextual output encoding or sanitize the input. In PHP you can encode or sanitize user input with `htmlspecialchars` or use automatic context-aware escaping with a template engine such as Latte.",ERROR,php.lang.security.tainted-user-input-in-php-script.tainted-user-input-in-php-script
../../CrossVul/CWE-79/php/good_471_0,1870,4,`Printing user input risks cross-site scripting vulnerability. You should use `htmlentities()` when showing data to users.,ERROR,php.lang.security.injection.printed-request.printed-request
../../CrossVul/CWE-79/php/good_471_1,772,5,`Printing user input risks cross-site scripting vulnerability. You should use `htmlentities()` when showing data to users.,ERROR,php.lang.security.injection.printed-request.printed-request
../../CrossVul/CWE-79/php/good_4794_0,60,13,File name based on user input risks server-side request forgery.,WARNING,php.lang.security.injection.tainted-filename.tainted-filename
../../CrossVul/CWE-79/php/good_474_0,728,26,`Printing user input risks cross-site scripting vulnerability. You should use `htmlentities()` when showing data to users.,ERROR,php.lang.security.injection.printed-request.printed-request
../../CrossVul/CWE-79/php/good_474_0,743,3,`Printing user input risks cross-site scripting vulnerability. You should use `htmlentities()` when showing data to users.,ERROR,php.lang.security.injection.printed-request.printed-request
../../CrossVul/CWE-79/php/good_474_0,744,3,`Printing user input risks cross-site scripting vulnerability. You should use `htmlentities()` when showing data to users.,ERROR,php.lang.security.injection.printed-request.printed-request
../../CrossVul/CWE-79/php/good_474_0,757,3,`Printing user input risks cross-site scripting vulnerability. You should use `htmlentities()` when showing data to users.,ERROR,php.lang.security.injection.printed-request.printed-request
../../CrossVul/CWE-79/php/good_474_0,758,3,`Printing user input risks cross-site scripting vulnerability. You should use `htmlentities()` when showing data to users.,ERROR,php.lang.security.injection.printed-request.printed-request
../../CrossVul/CWE-79/php/good_474_0,771,3,`Printing user input risks cross-site scripting vulnerability. You should use `htmlentities()` when showing data to users.,ERROR,php.lang.security.injection.printed-request.printed-request
../../CrossVul/CWE-79/php/good_474_0,772,3,`Printing user input risks cross-site scripting vulnerability. You should use `htmlentities()` when showing data to users.,ERROR,php.lang.security.injection.printed-request.printed-request
../../CrossVul/CWE-79/php/good_474_0,776,3,`Printing user input risks cross-site scripting vulnerability. You should use `htmlentities()` when showing data to users.,ERROR,php.lang.security.injection.printed-request.printed-request
../../CrossVul/CWE-79/php/good_474_0,777,3,`Printing user input risks cross-site scripting vulnerability. You should use `htmlentities()` when showing data to users.,ERROR,php.lang.security.injection.printed-request.printed-request
../../CrossVul/CWE-79/php/good_474_0,825,2,`Printing user input risks cross-site scripting vulnerability. You should use `htmlentities()` when showing data to users.,ERROR,php.lang.security.injection.printed-request.printed-request
../../CrossVul/CWE-79/php/good_474_0,959,3,`Printing user input risks cross-site scripting vulnerability. You should use `htmlentities()` when showing data to users.,ERROR,php.lang.security.injection.printed-request.printed-request
../../CrossVul/CWE-79/php/good_474_0,960,3,`Printing user input risks cross-site scripting vulnerability. You should use `htmlentities()` when showing data to users.,ERROR,php.lang.security.injection.printed-request.printed-request
../../CrossVul/CWE-79/php/good_474_0,973,3,`Printing user input risks cross-site scripting vulnerability. You should use `htmlentities()` when showing data to users.,ERROR,php.lang.security.injection.printed-request.printed-request
../../CrossVul/CWE-79/php/good_474_0,974,3,`Printing user input risks cross-site scripting vulnerability. You should use `htmlentities()` when showing data to users.,ERROR,php.lang.security.injection.printed-request.printed-request
../../CrossVul/CWE-79/php/good_474_0,987,3,`Printing user input risks cross-site scripting vulnerability. You should use `htmlentities()` when showing data to users.,ERROR,php.lang.security.injection.printed-request.printed-request
../../CrossVul/CWE-79/php/good_474_0,988,3,`Printing user input risks cross-site scripting vulnerability. You should use `htmlentities()` when showing data to users.,ERROR,php.lang.security.injection.printed-request.printed-request
../../CrossVul/CWE-79/php/good_474_0,1003,4,`Printing user input risks cross-site scripting vulnerability. You should use `htmlentities()` when showing data to users.,ERROR,php.lang.security.injection.printed-request.printed-request
../../CrossVul/CWE-79/php/good_474_0,1004,4,`Printing user input risks cross-site scripting vulnerability. You should use `htmlentities()` when showing data to users.,ERROR,php.lang.security.injection.printed-request.printed-request
../../CrossVul/CWE-79/php/good_474_0,1018,3,`Printing user input risks cross-site scripting vulnerability. You should use `htmlentities()` when showing data to users.,ERROR,php.lang.security.injection.printed-request.printed-request
../../CrossVul/CWE-79/php/good_474_0,1019,3,`Printing user input risks cross-site scripting vulnerability. You should use `htmlentities()` when showing data to users.,ERROR,php.lang.security.injection.printed-request.printed-request
../../CrossVul/CWE-79/php/good_475_0,728,26,`Printing user input risks cross-site scripting vulnerability. You should use `htmlentities()` when showing data to users.,ERROR,php.lang.security.injection.printed-request.printed-request
../../CrossVul/CWE-79/php/good_475_0,743,3,`Printing user input risks cross-site scripting vulnerability. You should use `htmlentities()` when showing data to users.,ERROR,php.lang.security.injection.printed-request.printed-request
../../CrossVul/CWE-79/php/good_475_0,744,3,`Printing user input risks cross-site scripting vulnerability. You should use `htmlentities()` when showing data to users.,ERROR,php.lang.security.injection.printed-request.printed-request
../../CrossVul/CWE-79/php/good_475_0,757,3,`Printing user input risks cross-site scripting vulnerability. You should use `htmlentities()` when showing data to users.,ERROR,php.lang.security.injection.printed-request.printed-request
../../CrossVul/CWE-79/php/good_475_0,758,3,`Printing user input risks cross-site scripting vulnerability. You should use `htmlentities()` when showing data to users.,ERROR,php.lang.security.injection.printed-request.printed-request
../../CrossVul/CWE-79/php/good_475_0,771,3,`Printing user input risks cross-site scripting vulnerability. You should use `htmlentities()` when showing data to users.,ERROR,php.lang.security.injection.printed-request.printed-request
../../CrossVul/CWE-79/php/good_475_0,772,3,`Printing user input risks cross-site scripting vulnerability. You should use `htmlentities()` when showing data to users.,ERROR,php.lang.security.injection.printed-request.printed-request
../../CrossVul/CWE-79/php/good_475_0,776,3,`Printing user input risks cross-site scripting vulnerability. You should use `htmlentities()` when showing data to users.,ERROR,php.lang.security.injection.printed-request.printed-request
../../CrossVul/CWE-79/php/good_475_0,777,3,`Printing user input risks cross-site scripting vulnerability. You should use `htmlentities()` when showing data to users.,ERROR,php.lang.security.injection.printed-request.printed-request
../../CrossVul/CWE-79/php/good_475_0,825,2,`Printing user input risks cross-site scripting vulnerability. You should use `htmlentities()` when showing data to users.,ERROR,php.lang.security.injection.printed-request.printed-request
../../CrossVul/CWE-79/php/good_475_0,959,3,`Printing user input risks cross-site scripting vulnerability. You should use `htmlentities()` when showing data to users.,ERROR,php.lang.security.injection.printed-request.printed-request
../../CrossVul/CWE-79/php/good_475_0,960,3,`Printing user input risks cross-site scripting vulnerability. You should use `htmlentities()` when showing data to users.,ERROR,php.lang.security.injection.printed-request.printed-request
../../CrossVul/CWE-79/php/good_475_0,973,3,`Printing user input risks cross-site scripting vulnerability. You should use `htmlentities()` when showing data to users.,ERROR,php.lang.security.injection.printed-request.printed-request
../../CrossVul/CWE-79/php/good_475_0,974,3,`Printing user input risks cross-site scripting vulnerability. You should use `htmlentities()` when showing data to users.,ERROR,php.lang.security.injection.printed-request.printed-request
../../CrossVul/CWE-79/php/good_475_0,987,3,`Printing user input risks cross-site scripting vulnerability. You should use `htmlentities()` when showing data to users.,ERROR,php.lang.security.injection.printed-request.printed-request
../../CrossVul/CWE-79/php/good_475_0,988,3,`Printing user input risks cross-site scripting vulnerability. You should use `htmlentities()` when showing data to users.,ERROR,php.lang.security.injection.printed-request.printed-request
../../CrossVul/CWE-79/php/good_475_0,1003,4,`Printing user input risks cross-site scripting vulnerability. You should use `htmlentities()` when showing data to users.,ERROR,php.lang.security.injection.printed-request.printed-request
../../CrossVul/CWE-79/php/good_475_0,1004,4,`Printing user input risks cross-site scripting vulnerability. You should use `htmlentities()` when showing data to users.,ERROR,php.lang.security.injection.printed-request.printed-request
../../CrossVul/CWE-79/php/good_475_0,1018,3,`Printing user input risks cross-site scripting vulnerability. You should use `htmlentities()` when showing data to users.,ERROR,php.lang.security.injection.printed-request.printed-request
../../CrossVul/CWE-79/php/good_475_0,1019,3,`Printing user input risks cross-site scripting vulnerability. You should use `htmlentities()` when showing data to users.,ERROR,php.lang.security.injection.printed-request.printed-request
../../CrossVul/CWE-79/php/good_4890_0,348,4,`Echo`ing user input risks cross-site scripting vulnerability. You should use `htmlentities()` when showing data to users.,ERROR,php.lang.security.injection.echoed-request.echoed-request
../../CrossVul/CWE-79/php/good_4890_0,348,4,"Found direct access to a PHP variable wihout HTML escaping inside an inline PHP statement setting data from `$_REQUEST[...]`. When untrusted input can be used to tamper with a web page rendering, it can lead to a Cross-site scripting (XSS) vulnerability. XSS vulnerabilities occur when untrusted input executes malicious JavaScript code, leading to issues such as account compromise and sensitive information leakage. To prevent this vulnerability, validate the user input, perform contextual output encoding or sanitize the input. In PHP you can encode or sanitize user input with `htmlspecialchars` or use automatic context-aware escaping with a template engine such as Latte.",WARNING,php.lang.security.taint-unsafe-echo-tag.taint-unsafe-echo-tag
../../CrossVul/CWE-79/php/good_4890_0,359,4,`Echo`ing user input risks cross-site scripting vulnerability. You should use `htmlentities()` when showing data to users.,ERROR,php.lang.security.injection.echoed-request.echoed-request
../../CrossVul/CWE-79/php/good_4890_0,359,4,"Found direct access to a PHP variable wihout HTML escaping inside an inline PHP statement setting data from `$_REQUEST[...]`. When untrusted input can be used to tamper with a web page rendering, it can lead to a Cross-site scripting (XSS) vulnerability. XSS vulnerabilities occur when untrusted input executes malicious JavaScript code, leading to issues such as account compromise and sensitive information leakage. To prevent this vulnerability, validate the user input, perform contextual output encoding or sanitize the input. In PHP you can encode or sanitize user input with `htmlspecialchars` or use automatic context-aware escaping with a template engine such as Latte.",WARNING,php.lang.security.taint-unsafe-echo-tag.taint-unsafe-echo-tag
../../CrossVul/CWE-79/php/good_4891_0,348,4,`Echo`ing user input risks cross-site scripting vulnerability. You should use `htmlentities()` when showing data to users.,ERROR,php.lang.security.injection.echoed-request.echoed-request
../../CrossVul/CWE-79/php/good_4891_0,348,4,"Found direct access to a PHP variable wihout HTML escaping inside an inline PHP statement setting data from `$_REQUEST[...]`. When untrusted input can be used to tamper with a web page rendering, it can lead to a Cross-site scripting (XSS) vulnerability. XSS vulnerabilities occur when untrusted input executes malicious JavaScript code, leading to issues such as account compromise and sensitive information leakage. To prevent this vulnerability, validate the user input, perform contextual output encoding or sanitize the input. In PHP you can encode or sanitize user input with `htmlspecialchars` or use automatic context-aware escaping with a template engine such as Latte.",WARNING,php.lang.security.taint-unsafe-echo-tag.taint-unsafe-echo-tag
../../CrossVul/CWE-79/php/good_4891_0,359,4,`Echo`ing user input risks cross-site scripting vulnerability. You should use `htmlentities()` when showing data to users.,ERROR,php.lang.security.injection.echoed-request.echoed-request
../../CrossVul/CWE-79/php/good_4891_0,359,4,"Found direct access to a PHP variable wihout HTML escaping inside an inline PHP statement setting data from `$_REQUEST[...]`. When untrusted input can be used to tamper with a web page rendering, it can lead to a Cross-site scripting (XSS) vulnerability. XSS vulnerabilities occur when untrusted input executes malicious JavaScript code, leading to issues such as account compromise and sensitive information leakage. To prevent this vulnerability, validate the user input, perform contextual output encoding or sanitize the input. In PHP you can encode or sanitize user input with `htmlspecialchars` or use automatic context-aware escaping with a template engine such as Latte.",WARNING,php.lang.security.taint-unsafe-echo-tag.taint-unsafe-echo-tag
../../CrossVul/CWE-79/php/good_4895_1,69,13,`Echo`ing user input risks cross-site scripting vulnerability. You should use `htmlentities()` when showing data to users.,ERROR,php.lang.security.injection.echoed-request.echoed-request
../../CrossVul/CWE-79/php/good_4895_1,69,13,"Found direct access to a PHP variable wihout HTML escaping inside an inline PHP statement setting data from `$_REQUEST[...]`. When untrusted input can be used to tamper with a web page rendering, it can lead to a Cross-site scripting (XSS) vulnerability. XSS vulnerabilities occur when untrusted input executes malicious JavaScript code, leading to issues such as account compromise and sensitive information leakage. To prevent this vulnerability, validate the user input, perform contextual output encoding or sanitize the input. In PHP you can encode or sanitize user input with `htmlspecialchars` or use automatic context-aware escaping with a template engine such as Latte.",WARNING,php.lang.security.taint-unsafe-echo-tag.taint-unsafe-echo-tag
../../CrossVul/CWE-79/php/good_4895_1,82,108,`Echo`ing user input risks cross-site scripting vulnerability. You should use `htmlentities()` when showing data to users.,ERROR,php.lang.security.injection.echoed-request.echoed-request
../../CrossVul/CWE-79/php/good_4895_1,82,108,"Found direct access to a PHP variable wihout HTML escaping inside an inline PHP statement setting data from `$_REQUEST[...]`. When untrusted input can be used to tamper with a web page rendering, it can lead to a Cross-site scripting (XSS) vulnerability. XSS vulnerabilities occur when untrusted input executes malicious JavaScript code, leading to issues such as account compromise and sensitive information leakage. To prevent this vulnerability, validate the user input, perform contextual output encoding or sanitize the input. In PHP you can encode or sanitize user input with `htmlspecialchars` or use automatic context-aware escaping with a template engine such as Latte.",WARNING,php.lang.security.taint-unsafe-echo-tag.taint-unsafe-echo-tag
../../CrossVul/CWE-79/php/good_4895_1,88,122,`Echo`ing user input risks cross-site scripting vulnerability. You should use `htmlentities()` when showing data to users.,ERROR,php.lang.security.injection.echoed-request.echoed-request
../../CrossVul/CWE-79/php/good_4895_1,88,122,"Found direct access to a PHP variable wihout HTML escaping inside an inline PHP statement setting data from `$_REQUEST[...]`. When untrusted input can be used to tamper with a web page rendering, it can lead to a Cross-site scripting (XSS) vulnerability. XSS vulnerabilities occur when untrusted input executes malicious JavaScript code, leading to issues such as account compromise and sensitive information leakage. To prevent this vulnerability, validate the user input, perform contextual output encoding or sanitize the input. In PHP you can encode or sanitize user input with `htmlspecialchars` or use automatic context-aware escaping with a template engine such as Latte.",WARNING,php.lang.security.taint-unsafe-echo-tag.taint-unsafe-echo-tag
../../CrossVul/CWE-79/php/good_4895_1,94,80,`Echo`ing user input risks cross-site scripting vulnerability. You should use `htmlentities()` when showing data to users.,ERROR,php.lang.security.injection.echoed-request.echoed-request
../../CrossVul/CWE-79/php/good_4895_1,94,80,"Found direct access to a PHP variable wihout HTML escaping inside an inline PHP statement setting data from `$_REQUEST[...]`. When untrusted input can be used to tamper with a web page rendering, it can lead to a Cross-site scripting (XSS) vulnerability. XSS vulnerabilities occur when untrusted input executes malicious JavaScript code, leading to issues such as account compromise and sensitive information leakage. To prevent this vulnerability, validate the user input, perform contextual output encoding or sanitize the input. In PHP you can encode or sanitize user input with `htmlspecialchars` or use automatic context-aware escaping with a template engine such as Latte.",WARNING,php.lang.security.taint-unsafe-echo-tag.taint-unsafe-echo-tag
../../CrossVul/CWE-79/php/good_4929_4,38,1,`Echo`ing user input risks cross-site scripting vulnerability. You should use `htmlentities()` when showing data to users.,ERROR,php.lang.security.injection.echoed-request.echoed-request
../../CrossVul/CWE-79/php/good_4929_4,38,1,"Found direct access to a PHP variable wihout HTML escaping inside an inline PHP statement setting data from `$_REQUEST[...]`. When untrusted input can be used to tamper with a web page rendering, it can lead to a Cross-site scripting (XSS) vulnerability. XSS vulnerabilities occur when untrusted input executes malicious JavaScript code, leading to issues such as account compromise and sensitive information leakage. To prevent this vulnerability, validate the user input, perform contextual output encoding or sanitize the input. In PHP you can encode or sanitize user input with `htmlspecialchars` or use automatic context-aware escaping with a template engine such as Latte.",WARNING,php.lang.security.taint-unsafe-echo-tag.taint-unsafe-echo-tag
../../CrossVul/CWE-79/php/good_4929_5,33,5,`Echo`ing user input risks cross-site scripting vulnerability. You should use `htmlentities()` when showing data to users.,ERROR,php.lang.security.injection.echoed-request.echoed-request
../../CrossVul/CWE-79/php/good_4929_5,33,5,"Found direct access to a PHP variable wihout HTML escaping inside an inline PHP statement setting data from `$_REQUEST[...]`. When untrusted input can be used to tamper with a web page rendering, it can lead to a Cross-site scripting (XSS) vulnerability. XSS vulnerabilities occur when untrusted input executes malicious JavaScript code, leading to issues such as account compromise and sensitive information leakage. To prevent this vulnerability, validate the user input, perform contextual output encoding or sanitize the input. In PHP you can encode or sanitize user input with `htmlspecialchars` or use automatic context-aware escaping with a template engine such as Latte.",WARNING,php.lang.security.taint-unsafe-echo-tag.taint-unsafe-echo-tag
../../CrossVul/CWE-79/php/good_4929_5,55,5,`Echo`ing user input risks cross-site scripting vulnerability. You should use `htmlentities()` when showing data to users.,ERROR,php.lang.security.injection.echoed-request.echoed-request
../../CrossVul/CWE-79/php/good_4929_5,55,5,"Found direct access to a PHP variable wihout HTML escaping inside an inline PHP statement setting data from `$_REQUEST[...]`. When untrusted input can be used to tamper with a web page rendering, it can lead to a Cross-site scripting (XSS) vulnerability. XSS vulnerabilities occur when untrusted input executes malicious JavaScript code, leading to issues such as account compromise and sensitive information leakage. To prevent this vulnerability, validate the user input, perform contextual output encoding or sanitize the input. In PHP you can encode or sanitize user input with `htmlspecialchars` or use automatic context-aware escaping with a template engine such as Latte.",WARNING,php.lang.security.taint-unsafe-echo-tag.taint-unsafe-echo-tag
../../CrossVul/CWE-79/php/good_4929_5,65,5,`Echo`ing user input risks cross-site scripting vulnerability. You should use `htmlentities()` when showing data to users.,ERROR,php.lang.security.injection.echoed-request.echoed-request
../../CrossVul/CWE-79/php/good_4929_5,65,5,"Found direct access to a PHP variable wihout HTML escaping inside an inline PHP statement setting data from `$_REQUEST[...]`. When untrusted input can be used to tamper with a web page rendering, it can lead to a Cross-site scripting (XSS) vulnerability. XSS vulnerabilities occur when untrusted input executes malicious JavaScript code, leading to issues such as account compromise and sensitive information leakage. To prevent this vulnerability, validate the user input, perform contextual output encoding or sanitize the input. In PHP you can encode or sanitize user input with `htmlspecialchars` or use automatic context-aware escaping with a template engine such as Latte.",WARNING,php.lang.security.taint-unsafe-echo-tag.taint-unsafe-echo-tag
../../CrossVul/CWE-79/php/good_4929_6,31,1,`Echo`ing user input risks cross-site scripting vulnerability. You should use `htmlentities()` when showing data to users.,ERROR,php.lang.security.injection.echoed-request.echoed-request
../../CrossVul/CWE-79/php/good_4929_6,31,1,"Found direct access to a PHP variable wihout HTML escaping inside an inline PHP statement setting data from `$_REQUEST[...]`. When untrusted input can be used to tamper with a web page rendering, it can lead to a Cross-site scripting (XSS) vulnerability. XSS vulnerabilities occur when untrusted input executes malicious JavaScript code, leading to issues such as account compromise and sensitive information leakage. To prevent this vulnerability, validate the user input, perform contextual output encoding or sanitize the input. In PHP you can encode or sanitize user input with `htmlspecialchars` or use automatic context-aware escaping with a template engine such as Latte.",WARNING,php.lang.security.taint-unsafe-echo-tag.taint-unsafe-echo-tag
../../CrossVul/CWE-79/php/good_4974_0,66,5,`Echo`ing user input risks cross-site scripting vulnerability. You should use `htmlentities()` when showing data to users.,ERROR,php.lang.security.injection.echoed-request.echoed-request
../../CrossVul/CWE-79/php/good_4974_0,66,5,"Found direct access to a PHP variable wihout HTML escaping inside an inline PHP statement setting data from `$_REQUEST[...]`. When untrusted input can be used to tamper with a web page rendering, it can lead to a Cross-site scripting (XSS) vulnerability. XSS vulnerabilities occur when untrusted input executes malicious JavaScript code, leading to issues such as account compromise and sensitive information leakage. To prevent this vulnerability, validate the user input, perform contextual output encoding or sanitize the input. In PHP you can encode or sanitize user input with `htmlspecialchars` or use automatic context-aware escaping with a template engine such as Latte.",WARNING,php.lang.security.taint-unsafe-echo-tag.taint-unsafe-echo-tag
../../CrossVul/CWE-79/php/good_4974_0,73,5,`Echo`ing user input risks cross-site scripting vulnerability. You should use `htmlentities()` when showing data to users.,ERROR,php.lang.security.injection.echoed-request.echoed-request
../../CrossVul/CWE-79/php/good_4974_0,73,5,"Found direct access to a PHP variable wihout HTML escaping inside an inline PHP statement setting data from `$_REQUEST[...]`. When untrusted input can be used to tamper with a web page rendering, it can lead to a Cross-site scripting (XSS) vulnerability. XSS vulnerabilities occur when untrusted input executes malicious JavaScript code, leading to issues such as account compromise and sensitive information leakage. To prevent this vulnerability, validate the user input, perform contextual output encoding or sanitize the input. In PHP you can encode or sanitize user input with `htmlspecialchars` or use automatic context-aware escaping with a template engine such as Latte.",WARNING,php.lang.security.taint-unsafe-echo-tag.taint-unsafe-echo-tag
../../CrossVul/CWE-79/php/good_4976_0,33,5,`Echo`ing user input risks cross-site scripting vulnerability. You should use `htmlentities()` when showing data to users.,ERROR,php.lang.security.injection.echoed-request.echoed-request
../../CrossVul/CWE-79/php/good_4976_0,33,5,"Found direct access to a PHP variable wihout HTML escaping inside an inline PHP statement setting data from `$_REQUEST[...]`. When untrusted input can be used to tamper with a web page rendering, it can lead to a Cross-site scripting (XSS) vulnerability. XSS vulnerabilities occur when untrusted input executes malicious JavaScript code, leading to issues such as account compromise and sensitive information leakage. To prevent this vulnerability, validate the user input, perform contextual output encoding or sanitize the input. In PHP you can encode or sanitize user input with `htmlspecialchars` or use automatic context-aware escaping with a template engine such as Latte.",WARNING,php.lang.security.taint-unsafe-echo-tag.taint-unsafe-echo-tag
../../CrossVul/CWE-79/php/good_4976_0,55,5,`Echo`ing user input risks cross-site scripting vulnerability. You should use `htmlentities()` when showing data to users.,ERROR,php.lang.security.injection.echoed-request.echoed-request
../../CrossVul/CWE-79/php/good_4976_0,55,5,"Found direct access to a PHP variable wihout HTML escaping inside an inline PHP statement setting data from `$_REQUEST[...]`. When untrusted input can be used to tamper with a web page rendering, it can lead to a Cross-site scripting (XSS) vulnerability. XSS vulnerabilities occur when untrusted input executes malicious JavaScript code, leading to issues such as account compromise and sensitive information leakage. To prevent this vulnerability, validate the user input, perform contextual output encoding or sanitize the input. In PHP you can encode or sanitize user input with `htmlspecialchars` or use automatic context-aware escaping with a template engine such as Latte.",WARNING,php.lang.security.taint-unsafe-echo-tag.taint-unsafe-echo-tag
../../CrossVul/CWE-79/php/good_4976_0,65,5,`Echo`ing user input risks cross-site scripting vulnerability. You should use `htmlentities()` when showing data to users.,ERROR,php.lang.security.injection.echoed-request.echoed-request
../../CrossVul/CWE-79/php/good_4976_0,65,5,"Found direct access to a PHP variable wihout HTML escaping inside an inline PHP statement setting data from `$_REQUEST[...]`. When untrusted input can be used to tamper with a web page rendering, it can lead to a Cross-site scripting (XSS) vulnerability. XSS vulnerabilities occur when untrusted input executes malicious JavaScript code, leading to issues such as account compromise and sensitive information leakage. To prevent this vulnerability, validate the user input, perform contextual output encoding or sanitize the input. In PHP you can encode or sanitize user input with `htmlspecialchars` or use automatic context-aware escaping with a template engine such as Latte.",WARNING,php.lang.security.taint-unsafe-echo-tag.taint-unsafe-echo-tag
../../CrossVul/CWE-79/php/good_4979_0,31,9,`Echo`ing user input risks cross-site scripting vulnerability. You should use `htmlentities()` when showing data to users.,ERROR,php.lang.security.injection.echoed-request.echoed-request
../../CrossVul/CWE-79/php/good_4979_0,31,9,"Found direct access to a PHP variable wihout HTML escaping inside an inline PHP statement setting data from `$_REQUEST[...]`. When untrusted input can be used to tamper with a web page rendering, it can lead to a Cross-site scripting (XSS) vulnerability. XSS vulnerabilities occur when untrusted input executes malicious JavaScript code, leading to issues such as account compromise and sensitive information leakage. To prevent this vulnerability, validate the user input, perform contextual output encoding or sanitize the input. In PHP you can encode or sanitize user input with `htmlspecialchars` or use automatic context-aware escaping with a template engine such as Latte.",WARNING,php.lang.security.taint-unsafe-echo-tag.taint-unsafe-echo-tag
../../CrossVul/CWE-79/php/good_4979_0,45,5,`Echo`ing user input risks cross-site scripting vulnerability. You should use `htmlentities()` when showing data to users.,ERROR,php.lang.security.injection.echoed-request.echoed-request
../../CrossVul/CWE-79/php/good_4979_0,45,5,"Found direct access to a PHP variable wihout HTML escaping inside an inline PHP statement setting data from `$_REQUEST[...]`. When untrusted input can be used to tamper with a web page rendering, it can lead to a Cross-site scripting (XSS) vulnerability. XSS vulnerabilities occur when untrusted input executes malicious JavaScript code, leading to issues such as account compromise and sensitive information leakage. To prevent this vulnerability, validate the user input, perform contextual output encoding or sanitize the input. In PHP you can encode or sanitize user input with `htmlspecialchars` or use automatic context-aware escaping with a template engine such as Latte.",WARNING,php.lang.security.taint-unsafe-echo-tag.taint-unsafe-echo-tag
../../CrossVul/CWE-79/php/good_4979_0,49,5,`Echo`ing user input risks cross-site scripting vulnerability. You should use `htmlentities()` when showing data to users.,ERROR,php.lang.security.injection.echoed-request.echoed-request
../../CrossVul/CWE-79/php/good_4979_0,49,5,"Found direct access to a PHP variable wihout HTML escaping inside an inline PHP statement setting data from `$_REQUEST[...]`. When untrusted input can be used to tamper with a web page rendering, it can lead to a Cross-site scripting (XSS) vulnerability. XSS vulnerabilities occur when untrusted input executes malicious JavaScript code, leading to issues such as account compromise and sensitive information leakage. To prevent this vulnerability, validate the user input, perform contextual output encoding or sanitize the input. In PHP you can encode or sanitize user input with `htmlspecialchars` or use automatic context-aware escaping with a template engine such as Latte.",WARNING,php.lang.security.taint-unsafe-echo-tag.taint-unsafe-echo-tag
../../CrossVul/CWE-79/php/good_5068_0,377,1,`Echo`ing user input risks cross-site scripting vulnerability. You should use `htmlentities()` when showing data to users.,ERROR,php.lang.security.injection.echoed-request.echoed-request
../../CrossVul/CWE-79/php/good_5068_0,377,1,"Found direct access to a PHP variable wihout HTML escaping inside an inline PHP statement setting data from `$_REQUEST[...]`. When untrusted input can be used to tamper with a web page rendering, it can lead to a Cross-site scripting (XSS) vulnerability. XSS vulnerabilities occur when untrusted input executes malicious JavaScript code, leading to issues such as account compromise and sensitive information leakage. To prevent this vulnerability, validate the user input, perform contextual output encoding or sanitize the input. In PHP you can encode or sanitize user input with `htmlspecialchars` or use automatic context-aware escaping with a template engine such as Latte.",WARNING,php.lang.security.taint-unsafe-echo-tag.taint-unsafe-echo-tag
../../CrossVul/CWE-79/php/good_5068_0,412,1,`Echo`ing user input risks cross-site scripting vulnerability. You should use `htmlentities()` when showing data to users.,ERROR,php.lang.security.injection.echoed-request.echoed-request
../../CrossVul/CWE-79/php/good_5068_0,412,1,"Found direct access to a PHP variable wihout HTML escaping inside an inline PHP statement setting data from `$_REQUEST[...]`. When untrusted input can be used to tamper with a web page rendering, it can lead to a Cross-site scripting (XSS) vulnerability. XSS vulnerabilities occur when untrusted input executes malicious JavaScript code, leading to issues such as account compromise and sensitive information leakage. To prevent this vulnerability, validate the user input, perform contextual output encoding or sanitize the input. In PHP you can encode or sanitize user input with `htmlspecialchars` or use automatic context-aware escaping with a template engine such as Latte.",WARNING,php.lang.security.taint-unsafe-echo-tag.taint-unsafe-echo-tag
../../CrossVul/CWE-79/php/good_5068_0,418,1,`Echo`ing user input risks cross-site scripting vulnerability. You should use `htmlentities()` when showing data to users.,ERROR,php.lang.security.injection.echoed-request.echoed-request
../../CrossVul/CWE-79/php/good_5068_0,418,1,"Found direct access to a PHP variable wihout HTML escaping inside an inline PHP statement setting data from `$_REQUEST[...]`. When untrusted input can be used to tamper with a web page rendering, it can lead to a Cross-site scripting (XSS) vulnerability. XSS vulnerabilities occur when untrusted input executes malicious JavaScript code, leading to issues such as account compromise and sensitive information leakage. To prevent this vulnerability, validate the user input, perform contextual output encoding or sanitize the input. In PHP you can encode or sanitize user input with `htmlspecialchars` or use automatic context-aware escaping with a template engine such as Latte.",WARNING,php.lang.security.taint-unsafe-echo-tag.taint-unsafe-echo-tag
../../CrossVul/CWE-79/php/good_5068_0,423,1,`Echo`ing user input risks cross-site scripting vulnerability. You should use `htmlentities()` when showing data to users.,ERROR,php.lang.security.injection.echoed-request.echoed-request
../../CrossVul/CWE-79/php/good_5068_0,423,1,"Found direct access to a PHP variable wihout HTML escaping inside an inline PHP statement setting data from `$_REQUEST[...]`. When untrusted input can be used to tamper with a web page rendering, it can lead to a Cross-site scripting (XSS) vulnerability. XSS vulnerabilities occur when untrusted input executes malicious JavaScript code, leading to issues such as account compromise and sensitive information leakage. To prevent this vulnerability, validate the user input, perform contextual output encoding or sanitize the input. In PHP you can encode or sanitize user input with `htmlspecialchars` or use automatic context-aware escaping with a template engine such as Latte.",WARNING,php.lang.security.taint-unsafe-echo-tag.taint-unsafe-echo-tag
../../CrossVul/CWE-79/php/good_5068_0,429,1,`Echo`ing user input risks cross-site scripting vulnerability. You should use `htmlentities()` when showing data to users.,ERROR,php.lang.security.injection.echoed-request.echoed-request
../../CrossVul/CWE-79/php/good_5068_0,429,1,"Found direct access to a PHP variable wihout HTML escaping inside an inline PHP statement setting data from `$_REQUEST[...]`. When untrusted input can be used to tamper with a web page rendering, it can lead to a Cross-site scripting (XSS) vulnerability. XSS vulnerabilities occur when untrusted input executes malicious JavaScript code, leading to issues such as account compromise and sensitive information leakage. To prevent this vulnerability, validate the user input, perform contextual output encoding or sanitize the input. In PHP you can encode or sanitize user input with `htmlspecialchars` or use automatic context-aware escaping with a template engine such as Latte.",WARNING,php.lang.security.taint-unsafe-echo-tag.taint-unsafe-echo-tag
../../CrossVul/CWE-79/php/good_5068_0,434,1,`Echo`ing user input risks cross-site scripting vulnerability. You should use `htmlentities()` when showing data to users.,ERROR,php.lang.security.injection.echoed-request.echoed-request
../../CrossVul/CWE-79/php/good_5068_0,434,1,"Found direct access to a PHP variable wihout HTML escaping inside an inline PHP statement setting data from `$_REQUEST[...]`. When untrusted input can be used to tamper with a web page rendering, it can lead to a Cross-site scripting (XSS) vulnerability. XSS vulnerabilities occur when untrusted input executes malicious JavaScript code, leading to issues such as account compromise and sensitive information leakage. To prevent this vulnerability, validate the user input, perform contextual output encoding or sanitize the input. In PHP you can encode or sanitize user input with `htmlspecialchars` or use automatic context-aware escaping with a template engine such as Latte.",WARNING,php.lang.security.taint-unsafe-echo-tag.taint-unsafe-echo-tag
../../CrossVul/CWE-79/php/good_5068_0,450,1,`Echo`ing user input risks cross-site scripting vulnerability. You should use `htmlentities()` when showing data to users.,ERROR,php.lang.security.injection.echoed-request.echoed-request
../../CrossVul/CWE-79/php/good_5068_0,450,1,"Found direct access to a PHP variable wihout HTML escaping inside an inline PHP statement setting data from `$_REQUEST[...]`. When untrusted input can be used to tamper with a web page rendering, it can lead to a Cross-site scripting (XSS) vulnerability. XSS vulnerabilities occur when untrusted input executes malicious JavaScript code, leading to issues such as account compromise and sensitive information leakage. To prevent this vulnerability, validate the user input, perform contextual output encoding or sanitize the input. In PHP you can encode or sanitize user input with `htmlspecialchars` or use automatic context-aware escaping with a template engine such as Latte.",WARNING,php.lang.security.taint-unsafe-echo-tag.taint-unsafe-echo-tag
../../CrossVul/CWE-79/php/good_5068_0,540,1,`Echo`ing user input risks cross-site scripting vulnerability. You should use `htmlentities()` when showing data to users.,ERROR,php.lang.security.injection.echoed-request.echoed-request
../../CrossVul/CWE-79/php/good_5068_0,540,1,"Found direct access to a PHP variable wihout HTML escaping inside an inline PHP statement setting data from `$_REQUEST[...]`. When untrusted input can be used to tamper with a web page rendering, it can lead to a Cross-site scripting (XSS) vulnerability. XSS vulnerabilities occur when untrusted input executes malicious JavaScript code, leading to issues such as account compromise and sensitive information leakage. To prevent this vulnerability, validate the user input, perform contextual output encoding or sanitize the input. In PHP you can encode or sanitize user input with `htmlspecialchars` or use automatic context-aware escaping with a template engine such as Latte.",WARNING,php.lang.security.taint-unsafe-echo-tag.taint-unsafe-echo-tag
../../CrossVul/CWE-79/php/good_5068_0,540,36,"Untrusted input could be used to tamper with a web page rendering, which can lead to a Cross-site scripting (XSS) vulnerability. XSS vulnerabilities occur when untrusted input executes malicious JavaScript code, leading to issues such as account compromise and sensitive information leakage. To prevent this vulnerability, validate the user input, perform contextual output encoding or sanitize the input. In PHP you can encode or sanitize user input with `htmlspecialchars` or use automatic context-aware escaping with a template engine such as Latte.",ERROR,php.lang.security.tainted-user-input-in-php-script.tainted-user-input-in-php-script
../../CrossVul/CWE-79/php/good_5068_0,544,5,`Echo`ing user input risks cross-site scripting vulnerability. You should use `htmlentities()` when showing data to users.,ERROR,php.lang.security.injection.echoed-request.echoed-request
../../CrossVul/CWE-79/php/good_5068_0,544,5,"Found direct access to a PHP variable wihout HTML escaping inside an inline PHP statement setting data from `$_REQUEST[...]`. When untrusted input can be used to tamper with a web page rendering, it can lead to a Cross-site scripting (XSS) vulnerability. XSS vulnerabilities occur when untrusted input executes malicious JavaScript code, leading to issues such as account compromise and sensitive information leakage. To prevent this vulnerability, validate the user input, perform contextual output encoding or sanitize the input. In PHP you can encode or sanitize user input with `htmlspecialchars` or use automatic context-aware escaping with a template engine such as Latte.",WARNING,php.lang.security.taint-unsafe-echo-tag.taint-unsafe-echo-tag
../../CrossVul/CWE-79/php/good_5068_0,545,10,"Untrusted input could be used to tamper with a web page rendering, which can lead to a Cross-site scripting (XSS) vulnerability. XSS vulnerabilities occur when untrusted input executes malicious JavaScript code, leading to issues such as account compromise and sensitive information leakage. To prevent this vulnerability, validate the user input, perform contextual output encoding or sanitize the input. In PHP you can encode or sanitize user input with `htmlspecialchars` or use automatic context-aware escaping with a template engine such as Latte.",ERROR,php.lang.security.tainted-user-input-in-php-script.tainted-user-input-in-php-script
../../CrossVul/CWE-79/php/good_5068_0,561,5,`Echo`ing user input risks cross-site scripting vulnerability. You should use `htmlentities()` when showing data to users.,ERROR,php.lang.security.injection.echoed-request.echoed-request
../../CrossVul/CWE-79/php/good_5068_0,561,5,"Found direct access to a PHP variable wihout HTML escaping inside an inline PHP statement setting data from `$_REQUEST[...]`. When untrusted input can be used to tamper with a web page rendering, it can lead to a Cross-site scripting (XSS) vulnerability. XSS vulnerabilities occur when untrusted input executes malicious JavaScript code, leading to issues such as account compromise and sensitive information leakage. To prevent this vulnerability, validate the user input, perform contextual output encoding or sanitize the input. In PHP you can encode or sanitize user input with `htmlspecialchars` or use automatic context-aware escaping with a template engine such as Latte.",WARNING,php.lang.security.taint-unsafe-echo-tag.taint-unsafe-echo-tag
../../CrossVul/CWE-79/php/good_5068_0,565,1,`Echo`ing user input risks cross-site scripting vulnerability. You should use `htmlentities()` when showing data to users.,ERROR,php.lang.security.injection.echoed-request.echoed-request
../../CrossVul/CWE-79/php/good_5068_0,565,1,"Found direct access to a PHP variable wihout HTML escaping inside an inline PHP statement setting data from `$_REQUEST[...]`. When untrusted input can be used to tamper with a web page rendering, it can lead to a Cross-site scripting (XSS) vulnerability. XSS vulnerabilities occur when untrusted input executes malicious JavaScript code, leading to issues such as account compromise and sensitive information leakage. To prevent this vulnerability, validate the user input, perform contextual output encoding or sanitize the input. In PHP you can encode or sanitize user input with `htmlspecialchars` or use automatic context-aware escaping with a template engine such as Latte.",WARNING,php.lang.security.taint-unsafe-echo-tag.taint-unsafe-echo-tag
../../CrossVul/CWE-79/php/good_5068_0,598,18,File name based on user input risks server-side request forgery.,WARNING,php.lang.security.injection.tainted-filename.tainted-filename
../../CrossVul/CWE-79/php/good_5068_0,609,13,File name based on user input risks server-side request forgery.,WARNING,php.lang.security.injection.tainted-filename.tainted-filename
../../CrossVul/CWE-79/php/good_5068_0,614,9,`Echo`ing user input risks cross-site scripting vulnerability. You should use `htmlentities()` when showing data to users.,ERROR,php.lang.security.injection.echoed-request.echoed-request
../../CrossVul/CWE-79/php/good_5068_0,614,9,"Found direct access to a PHP variable wihout HTML escaping inside an inline PHP statement setting data from `$_REQUEST[...]`. When untrusted input can be used to tamper with a web page rendering, it can lead to a Cross-site scripting (XSS) vulnerability. XSS vulnerabilities occur when untrusted input executes malicious JavaScript code, leading to issues such as account compromise and sensitive information leakage. To prevent this vulnerability, validate the user input, perform contextual output encoding or sanitize the input. In PHP you can encode or sanitize user input with `htmlspecialchars` or use automatic context-aware escaping with a template engine such as Latte.",WARNING,php.lang.security.taint-unsafe-echo-tag.taint-unsafe-echo-tag
../../CrossVul/CWE-79/php/good_535_0,251,3,`Echo`ing user input risks cross-site scripting vulnerability. You should use `htmlentities()` when showing data to users.,ERROR,php.lang.security.injection.echoed-request.echoed-request
../../CrossVul/CWE-79/php/good_535_0,251,3,"Found direct access to a PHP variable wihout HTML escaping inside an inline PHP statement setting data from `$_REQUEST[...]`. When untrusted input can be used to tamper with a web page rendering, it can lead to a Cross-site scripting (XSS) vulnerability. XSS vulnerabilities occur when untrusted input executes malicious JavaScript code, leading to issues such as account compromise and sensitive information leakage. To prevent this vulnerability, validate the user input, perform contextual output encoding or sanitize the input. In PHP you can encode or sanitize user input with `htmlspecialchars` or use automatic context-aware escaping with a template engine such as Latte.",WARNING,php.lang.security.taint-unsafe-echo-tag.taint-unsafe-echo-tag
../../CrossVul/CWE-79/php/good_535_0,257,3,`Echo`ing user input risks cross-site scripting vulnerability. You should use `htmlentities()` when showing data to users.,ERROR,php.lang.security.injection.echoed-request.echoed-request
../../CrossVul/CWE-79/php/good_535_0,257,3,"Found direct access to a PHP variable wihout HTML escaping inside an inline PHP statement setting data from `$_REQUEST[...]`. When untrusted input can be used to tamper with a web page rendering, it can lead to a Cross-site scripting (XSS) vulnerability. XSS vulnerabilities occur when untrusted input executes malicious JavaScript code, leading to issues such as account compromise and sensitive information leakage. To prevent this vulnerability, validate the user input, perform contextual output encoding or sanitize the input. In PHP you can encode or sanitize user input with `htmlspecialchars` or use automatic context-aware escaping with a template engine such as Latte.",WARNING,php.lang.security.taint-unsafe-echo-tag.taint-unsafe-echo-tag
../../CrossVul/CWE-79/php/good_535_0,314,34,File name based on user input risks server-side request forgery.,WARNING,php.lang.security.injection.tainted-filename.tainted-filename
../../CrossVul/CWE-79/php/good_5275_0,762,11,"User data flows into the host portion of this manually-constructed URL. This could allow an attacker to send data to their own server, potentially exposing sensitive data such as cookies or authorization information sent with this request. They could also probe internal servers or other resources that the server running this code can access. (This is called server-side request forgery, or SSRF.) Do not allow arbitrary hosts. Instead, create an allowlist for approved hosts, or hardcode the correct host.",WARNING,php.lang.security.injection.tainted-url-host.tainted-url-host
../../CrossVul/CWE-79/php/good_5275_0,1771,2,`Echo`ing user input risks cross-site scripting vulnerability. You should use `htmlentities()` when showing data to users.,ERROR,php.lang.security.injection.echoed-request.echoed-request
../../CrossVul/CWE-79/php/good_5275_0,1771,2,"Found direct access to a PHP variable wihout HTML escaping inside an inline PHP statement setting data from `$_REQUEST[...]`. When untrusted input can be used to tamper with a web page rendering, it can lead to a Cross-site scripting (XSS) vulnerability. XSS vulnerabilities occur when untrusted input executes malicious JavaScript code, leading to issues such as account compromise and sensitive information leakage. To prevent this vulnerability, validate the user input, perform contextual output encoding or sanitize the input. In PHP you can encode or sanitize user input with `htmlspecialchars` or use automatic context-aware escaping with a template engine such as Latte.",WARNING,php.lang.security.taint-unsafe-echo-tag.taint-unsafe-echo-tag
../../CrossVul/CWE-79/php/good_5275_0,1903,24,`Echo`ing user input risks cross-site scripting vulnerability. You should use `htmlentities()` when showing data to users.,ERROR,php.lang.security.injection.echoed-request.echoed-request
../../CrossVul/CWE-79/php/good_5275_0,1903,24,"Found direct access to a PHP variable wihout HTML escaping inside an inline PHP statement setting data from `$_REQUEST[...]`. When untrusted input can be used to tamper with a web page rendering, it can lead to a Cross-site scripting (XSS) vulnerability. XSS vulnerabilities occur when untrusted input executes malicious JavaScript code, leading to issues such as account compromise and sensitive information leakage. To prevent this vulnerability, validate the user input, perform contextual output encoding or sanitize the input. In PHP you can encode or sanitize user input with `htmlspecialchars` or use automatic context-aware escaping with a template engine such as Latte.",WARNING,php.lang.security.taint-unsafe-echo-tag.taint-unsafe-echo-tag
../../CrossVul/CWE-79/php/good_5275_0,2003,65,`Echo`ing user input risks cross-site scripting vulnerability. You should use `htmlentities()` when showing data to users.,ERROR,php.lang.security.injection.echoed-request.echoed-request
../../CrossVul/CWE-79/php/good_5275_0,2003,65,"Found direct access to a PHP variable wihout HTML escaping inside an inline PHP statement setting data from `$_REQUEST[...]`. When untrusted input can be used to tamper with a web page rendering, it can lead to a Cross-site scripting (XSS) vulnerability. XSS vulnerabilities occur when untrusted input executes malicious JavaScript code, leading to issues such as account compromise and sensitive information leakage. To prevent this vulnerability, validate the user input, perform contextual output encoding or sanitize the input. In PHP you can encode or sanitize user input with `htmlspecialchars` or use automatic context-aware escaping with a template engine such as Latte.",WARNING,php.lang.security.taint-unsafe-echo-tag.taint-unsafe-echo-tag
../../CrossVul/CWE-79/php/good_5275_0,2005,63,`Echo`ing user input risks cross-site scripting vulnerability. You should use `htmlentities()` when showing data to users.,ERROR,php.lang.security.injection.echoed-request.echoed-request
../../CrossVul/CWE-79/php/good_5275_0,2005,63,"Found direct access to a PHP variable wihout HTML escaping inside an inline PHP statement setting data from `$_REQUEST[...]`. When untrusted input can be used to tamper with a web page rendering, it can lead to a Cross-site scripting (XSS) vulnerability. XSS vulnerabilities occur when untrusted input executes malicious JavaScript code, leading to issues such as account compromise and sensitive information leakage. To prevent this vulnerability, validate the user input, perform contextual output encoding or sanitize the input. In PHP you can encode or sanitize user input with `htmlspecialchars` or use automatic context-aware escaping with a template engine such as Latte.",WARNING,php.lang.security.taint-unsafe-echo-tag.taint-unsafe-echo-tag
../../CrossVul/CWE-79/php/good_5275_0,2067,65,`Echo`ing user input risks cross-site scripting vulnerability. You should use `htmlentities()` when showing data to users.,ERROR,php.lang.security.injection.echoed-request.echoed-request
../../CrossVul/CWE-79/php/good_5275_0,2067,65,"Found direct access to a PHP variable wihout HTML escaping inside an inline PHP statement setting data from `$_REQUEST[...]`. When untrusted input can be used to tamper with a web page rendering, it can lead to a Cross-site scripting (XSS) vulnerability. XSS vulnerabilities occur when untrusted input executes malicious JavaScript code, leading to issues such as account compromise and sensitive information leakage. To prevent this vulnerability, validate the user input, perform contextual output encoding or sanitize the input. In PHP you can encode or sanitize user input with `htmlspecialchars` or use automatic context-aware escaping with a template engine such as Latte.",WARNING,php.lang.security.taint-unsafe-echo-tag.taint-unsafe-echo-tag
../../CrossVul/CWE-79/php/good_5275_0,2068,63,`Echo`ing user input risks cross-site scripting vulnerability. You should use `htmlentities()` when showing data to users.,ERROR,php.lang.security.injection.echoed-request.echoed-request
../../CrossVul/CWE-79/php/good_5275_0,2068,63,"Found direct access to a PHP variable wihout HTML escaping inside an inline PHP statement setting data from `$_REQUEST[...]`. When untrusted input can be used to tamper with a web page rendering, it can lead to a Cross-site scripting (XSS) vulnerability. XSS vulnerabilities occur when untrusted input executes malicious JavaScript code, leading to issues such as account compromise and sensitive information leakage. To prevent this vulnerability, validate the user input, perform contextual output encoding or sanitize the input. In PHP you can encode or sanitize user input with `htmlspecialchars` or use automatic context-aware escaping with a template engine such as Latte.",WARNING,php.lang.security.taint-unsafe-echo-tag.taint-unsafe-echo-tag
../../CrossVul/CWE-79/php/good_5275_0,2230,65,`Echo`ing user input risks cross-site scripting vulnerability. You should use `htmlentities()` when showing data to users.,ERROR,php.lang.security.injection.echoed-request.echoed-request
../../CrossVul/CWE-79/php/good_5275_0,2230,65,"Found direct access to a PHP variable wihout HTML escaping inside an inline PHP statement setting data from `$_REQUEST[...]`. When untrusted input can be used to tamper with a web page rendering, it can lead to a Cross-site scripting (XSS) vulnerability. XSS vulnerabilities occur when untrusted input executes malicious JavaScript code, leading to issues such as account compromise and sensitive information leakage. To prevent this vulnerability, validate the user input, perform contextual output encoding or sanitize the input. In PHP you can encode or sanitize user input with `htmlspecialchars` or use automatic context-aware escaping with a template engine such as Latte.",WARNING,php.lang.security.taint-unsafe-echo-tag.taint-unsafe-echo-tag
../../CrossVul/CWE-79/php/good_5275_0,2242,7,`Echo`ing user input risks cross-site scripting vulnerability. You should use `htmlentities()` when showing data to users.,ERROR,php.lang.security.injection.echoed-request.echoed-request
../../CrossVul/CWE-79/php/good_5275_0,2242,7,"Found direct access to a PHP variable wihout HTML escaping inside an inline PHP statement setting data from `$_REQUEST[...]`. When untrusted input can be used to tamper with a web page rendering, it can lead to a Cross-site scripting (XSS) vulnerability. XSS vulnerabilities occur when untrusted input executes malicious JavaScript code, leading to issues such as account compromise and sensitive information leakage. To prevent this vulnerability, validate the user input, perform contextual output encoding or sanitize the input. In PHP you can encode or sanitize user input with `htmlspecialchars` or use automatic context-aware escaping with a template engine such as Latte.",WARNING,php.lang.security.taint-unsafe-echo-tag.taint-unsafe-echo-tag
../../CrossVul/CWE-79/php/good_5275_0,2247,63,`Echo`ing user input risks cross-site scripting vulnerability. You should use `htmlentities()` when showing data to users.,ERROR,php.lang.security.injection.echoed-request.echoed-request
../../CrossVul/CWE-79/php/good_5275_0,2247,63,"Found direct access to a PHP variable wihout HTML escaping inside an inline PHP statement setting data from `$_REQUEST[...]`. When untrusted input can be used to tamper with a web page rendering, it can lead to a Cross-site scripting (XSS) vulnerability. XSS vulnerabilities occur when untrusted input executes malicious JavaScript code, leading to issues such as account compromise and sensitive information leakage. To prevent this vulnerability, validate the user input, perform contextual output encoding or sanitize the input. In PHP you can encode or sanitize user input with `htmlspecialchars` or use automatic context-aware escaping with a template engine such as Latte.",WARNING,php.lang.security.taint-unsafe-echo-tag.taint-unsafe-echo-tag
../../CrossVul/CWE-79/php/good_5275_0,2379,50,`Echo`ing user input risks cross-site scripting vulnerability. You should use `htmlentities()` when showing data to users.,ERROR,php.lang.security.injection.echoed-request.echoed-request
../../CrossVul/CWE-79/php/good_5275_0,2379,50,"Found direct access to a PHP variable wihout HTML escaping inside an inline PHP statement setting data from `$_REQUEST[...]`. When untrusted input can be used to tamper with a web page rendering, it can lead to a Cross-site scripting (XSS) vulnerability. XSS vulnerabilities occur when untrusted input executes malicious JavaScript code, leading to issues such as account compromise and sensitive information leakage. To prevent this vulnerability, validate the user input, perform contextual output encoding or sanitize the input. In PHP you can encode or sanitize user input with `htmlspecialchars` or use automatic context-aware escaping with a template engine such as Latte.",WARNING,php.lang.security.taint-unsafe-echo-tag.taint-unsafe-echo-tag
../../CrossVul/CWE-79/php/good_5275_0,2491,65,`Echo`ing user input risks cross-site scripting vulnerability. You should use `htmlentities()` when showing data to users.,ERROR,php.lang.security.injection.echoed-request.echoed-request
../../CrossVul/CWE-79/php/good_5275_0,2491,65,"Found direct access to a PHP variable wihout HTML escaping inside an inline PHP statement setting data from `$_REQUEST[...]`. When untrusted input can be used to tamper with a web page rendering, it can lead to a Cross-site scripting (XSS) vulnerability. XSS vulnerabilities occur when untrusted input executes malicious JavaScript code, leading to issues such as account compromise and sensitive information leakage. To prevent this vulnerability, validate the user input, perform contextual output encoding or sanitize the input. In PHP you can encode or sanitize user input with `htmlspecialchars` or use automatic context-aware escaping with a template engine such as Latte.",WARNING,php.lang.security.taint-unsafe-echo-tag.taint-unsafe-echo-tag
../../CrossVul/CWE-79/php/good_5275_0,2514,63,`Echo`ing user input risks cross-site scripting vulnerability. You should use `htmlentities()` when showing data to users.,ERROR,php.lang.security.injection.echoed-request.echoed-request
../../CrossVul/CWE-79/php/good_5275_0,2514,63,"Found direct access to a PHP variable wihout HTML escaping inside an inline PHP statement setting data from `$_REQUEST[...]`. When untrusted input can be used to tamper with a web page rendering, it can lead to a Cross-site scripting (XSS) vulnerability. XSS vulnerabilities occur when untrusted input executes malicious JavaScript code, leading to issues such as account compromise and sensitive information leakage. To prevent this vulnerability, validate the user input, perform contextual output encoding or sanitize the input. In PHP you can encode or sanitize user input with `htmlspecialchars` or use automatic context-aware escaping with a template engine such as Latte.",WARNING,php.lang.security.taint-unsafe-echo-tag.taint-unsafe-echo-tag
../../CrossVul/CWE-79/php/good_5560_0,49,7,`Printing user input risks cross-site scripting vulnerability. You should use `htmlentities()` when showing data to users.,ERROR,php.lang.security.injection.printed-request.printed-request
../../CrossVul/CWE-79/php/good_5560_1,92,45,`Printing user input risks cross-site scripting vulnerability. You should use `htmlentities()` when showing data to users.,ERROR,php.lang.security.injection.printed-request.printed-request
../../CrossVul/CWE-79/php/good_5560_1,92,166,`Printing user input risks cross-site scripting vulnerability. You should use `htmlentities()` when showing data to users.,ERROR,php.lang.security.injection.printed-request.printed-request
../../CrossVul/CWE-79/php/good_5560_1,117,86,`Echo`ing user input risks cross-site scripting vulnerability. You should use `htmlentities()` when showing data to users.,ERROR,php.lang.security.injection.echoed-request.echoed-request
../../CrossVul/CWE-79/php/good_5560_1,117,86,"Found direct access to a PHP variable wihout HTML escaping inside an inline PHP statement setting data from `$_REQUEST[...]`. When untrusted input can be used to tamper with a web page rendering, it can lead to a Cross-site scripting (XSS) vulnerability. XSS vulnerabilities occur when untrusted input executes malicious JavaScript code, leading to issues such as account compromise and sensitive information leakage. To prevent this vulnerability, validate the user input, perform contextual output encoding or sanitize the input. In PHP you can encode or sanitize user input with `htmlspecialchars` or use automatic context-aware escaping with a template engine such as Latte.",WARNING,php.lang.security.taint-unsafe-echo-tag.taint-unsafe-echo-tag
../../CrossVul/CWE-79/php/good_5560_1,118,93,`Echo`ing user input risks cross-site scripting vulnerability. You should use `htmlentities()` when showing data to users.,ERROR,php.lang.security.injection.echoed-request.echoed-request
../../CrossVul/CWE-79/php/good_5560_1,118,93,"Found direct access to a PHP variable wihout HTML escaping inside an inline PHP statement setting data from `$_REQUEST[...]`. When untrusted input can be used to tamper with a web page rendering, it can lead to a Cross-site scripting (XSS) vulnerability. XSS vulnerabilities occur when untrusted input executes malicious JavaScript code, leading to issues such as account compromise and sensitive information leakage. To prevent this vulnerability, validate the user input, perform contextual output encoding or sanitize the input. In PHP you can encode or sanitize user input with `htmlspecialchars` or use automatic context-aware escaping with a template engine such as Latte.",WARNING,php.lang.security.taint-unsafe-echo-tag.taint-unsafe-echo-tag
../../CrossVul/CWE-79/php/good_5560_1,122,25,`Echo`ing user input risks cross-site scripting vulnerability. You should use `htmlentities()` when showing data to users.,ERROR,php.lang.security.injection.echoed-request.echoed-request
../../CrossVul/CWE-79/php/good_5560_1,122,25,"Found direct access to a PHP variable wihout HTML escaping inside an inline PHP statement setting data from `$_REQUEST[...]`. When untrusted input can be used to tamper with a web page rendering, it can lead to a Cross-site scripting (XSS) vulnerability. XSS vulnerabilities occur when untrusted input executes malicious JavaScript code, leading to issues such as account compromise and sensitive information leakage. To prevent this vulnerability, validate the user input, perform contextual output encoding or sanitize the input. In PHP you can encode or sanitize user input with `htmlspecialchars` or use automatic context-aware escaping with a template engine such as Latte.",WARNING,php.lang.security.taint-unsafe-echo-tag.taint-unsafe-echo-tag
../../CrossVul/CWE-79/php/good_5560_1,123,18,`Echo`ing user input risks cross-site scripting vulnerability. You should use `htmlentities()` when showing data to users.,ERROR,php.lang.security.injection.echoed-request.echoed-request
../../CrossVul/CWE-79/php/good_5560_1,123,18,"Found direct access to a PHP variable wihout HTML escaping inside an inline PHP statement setting data from `$_REQUEST[...]`. When untrusted input can be used to tamper with a web page rendering, it can lead to a Cross-site scripting (XSS) vulnerability. XSS vulnerabilities occur when untrusted input executes malicious JavaScript code, leading to issues such as account compromise and sensitive information leakage. To prevent this vulnerability, validate the user input, perform contextual output encoding or sanitize the input. In PHP you can encode or sanitize user input with `htmlspecialchars` or use automatic context-aware escaping with a template engine such as Latte.",WARNING,php.lang.security.taint-unsafe-echo-tag.taint-unsafe-echo-tag
../../CrossVul/CWE-79/php/good_5560_1,125,23,`Echo`ing user input risks cross-site scripting vulnerability. You should use `htmlentities()` when showing data to users.,ERROR,php.lang.security.injection.echoed-request.echoed-request
../../CrossVul/CWE-79/php/good_5560_1,125,23,"Found direct access to a PHP variable wihout HTML escaping inside an inline PHP statement setting data from `$_REQUEST[...]`. When untrusted input can be used to tamper with a web page rendering, it can lead to a Cross-site scripting (XSS) vulnerability. XSS vulnerabilities occur when untrusted input executes malicious JavaScript code, leading to issues such as account compromise and sensitive information leakage. To prevent this vulnerability, validate the user input, perform contextual output encoding or sanitize the input. In PHP you can encode or sanitize user input with `htmlspecialchars` or use automatic context-aware escaping with a template engine such as Latte.",WARNING,php.lang.security.taint-unsafe-echo-tag.taint-unsafe-echo-tag
../../CrossVul/CWE-79/php/good_5560_1,126,23,`Echo`ing user input risks cross-site scripting vulnerability. You should use `htmlentities()` when showing data to users.,ERROR,php.lang.security.injection.echoed-request.echoed-request
../../CrossVul/CWE-79/php/good_5560_1,126,23,"Found direct access to a PHP variable wihout HTML escaping inside an inline PHP statement setting data from `$_REQUEST[...]`. When untrusted input can be used to tamper with a web page rendering, it can lead to a Cross-site scripting (XSS) vulnerability. XSS vulnerabilities occur when untrusted input executes malicious JavaScript code, leading to issues such as account compromise and sensitive information leakage. To prevent this vulnerability, validate the user input, perform contextual output encoding or sanitize the input. In PHP you can encode or sanitize user input with `htmlspecialchars` or use automatic context-aware escaping with a template engine such as Latte.",WARNING,php.lang.security.taint-unsafe-echo-tag.taint-unsafe-echo-tag
../../CrossVul/CWE-79/php/good_5560_1,131,49,`Printing user input risks cross-site scripting vulnerability. You should use `htmlentities()` when showing data to users.,ERROR,php.lang.security.injection.printed-request.printed-request
../../CrossVul/CWE-79/php/good_5560_6,42,68,"Untrusted input could be used to tamper with a web page rendering, which can lead to a Cross-site scripting (XSS) vulnerability. XSS vulnerabilities occur when untrusted input executes malicious JavaScript code, leading to issues such as account compromise and sensitive information leakage. To prevent this vulnerability, validate the user input, perform contextual output encoding or sanitize the input. In PHP you can encode or sanitize user input with `htmlspecialchars` or use automatic context-aware escaping with a template engine such as Latte.",ERROR,php.lang.security.tainted-user-input-in-php-script.tainted-user-input-in-php-script
../../CrossVul/CWE-79/php/good_5560_6,46,5,`Printing user input risks cross-site scripting vulnerability. You should use `htmlentities()` when showing data to users.,ERROR,php.lang.security.injection.printed-request.printed-request
../../CrossVul/CWE-79/php/good_5560_6,70,4,`Printing user input risks cross-site scripting vulnerability. You should use `htmlentities()` when showing data to users.,ERROR,php.lang.security.injection.printed-request.printed-request
../../CrossVul/CWE-79/php/good_5560_6,117,89,"Untrusted input could be used to tamper with a web page rendering, which can lead to a Cross-site scripting (XSS) vulnerability. XSS vulnerabilities occur when untrusted input executes malicious JavaScript code, leading to issues such as account compromise and sensitive information leakage. To prevent this vulnerability, validate the user input, perform contextual output encoding or sanitize the input. In PHP you can encode or sanitize user input with `htmlspecialchars` or use automatic context-aware escaping with a template engine such as Latte.",ERROR,php.lang.security.tainted-user-input-in-php-script.tainted-user-input-in-php-script
../../CrossVul/CWE-79/php/good_5560_6,120,4,`Printing user input risks cross-site scripting vulnerability. You should use `htmlentities()` when showing data to users.,ERROR,php.lang.security.injection.printed-request.printed-request
../../CrossVul/CWE-79/php/good_5560_6,145,18,File name based on user input risks server-side request forgery.,WARNING,php.lang.security.injection.tainted-filename.tainted-filename
../../CrossVul/CWE-79/php/good_5560_6,146,88,File name based on user input risks server-side request forgery.,WARNING,php.lang.security.injection.tainted-filename.tainted-filename
../../CrossVul/CWE-79/php/good_5560_6,159,2,`Printing user input risks cross-site scripting vulnerability. You should use `htmlentities()` when showing data to users.,ERROR,php.lang.security.injection.printed-request.printed-request
../../CrossVul/CWE-79/php/good_5560_6,203,86,"Untrusted input could be used to tamper with a web page rendering, which can lead to a Cross-site scripting (XSS) vulnerability. XSS vulnerabilities occur when untrusted input executes malicious JavaScript code, leading to issues such as account compromise and sensitive information leakage. To prevent this vulnerability, validate the user input, perform contextual output encoding or sanitize the input. In PHP you can encode or sanitize user input with `htmlspecialchars` or use automatic context-aware escaping with a template engine such as Latte.",ERROR,php.lang.security.tainted-user-input-in-php-script.tainted-user-input-in-php-script
../../CrossVul/CWE-79/php/good_5560_6,206,4,`Printing user input risks cross-site scripting vulnerability. You should use `htmlentities()` when showing data to users.,ERROR,php.lang.security.injection.printed-request.printed-request
../../CrossVul/CWE-79/php/good_5560_6,231,18,File name based on user input risks server-side request forgery.,WARNING,php.lang.security.injection.tainted-filename.tainted-filename
../../CrossVul/CWE-79/php/good_5560_6,232,88,File name based on user input risks server-side request forgery.,WARNING,php.lang.security.injection.tainted-filename.tainted-filename
../../CrossVul/CWE-79/php/good_5560_6,246,2,`Printing user input risks cross-site scripting vulnerability. You should use `htmlentities()` when showing data to users.,ERROR,php.lang.security.injection.printed-request.printed-request
../../CrossVul/CWE-79/php/good_5560_8,18,43,`Printing user input risks cross-site scripting vulnerability. You should use `htmlentities()` when showing data to users.,ERROR,php.lang.security.injection.printed-request.printed-request
../../CrossVul/CWE-79/php/good_5560_8,19,43,`Printing user input risks cross-site scripting vulnerability. You should use `htmlentities()` when showing data to users.,ERROR,php.lang.security.injection.printed-request.printed-request
../../CrossVul/CWE-79/php/good_5560_8,44,4,`Printing user input risks cross-site scripting vulnerability. You should use `htmlentities()` when showing data to users.,ERROR,php.lang.security.injection.printed-request.printed-request
../../CrossVul/CWE-79/php/good_5560_9,29,17,"Untrusted input could be used to tamper with a web page rendering, which can lead to a Cross-site scripting (XSS) vulnerability. XSS vulnerabilities occur when untrusted input executes malicious JavaScript code, leading to issues such as account compromise and sensitive information leakage. To prevent this vulnerability, validate the user input, perform contextual output encoding or sanitize the input. In PHP you can encode or sanitize user input with `htmlspecialchars` or use automatic context-aware escaping with a template engine such as Latte.",ERROR,php.lang.security.tainted-user-input-in-php-script.tainted-user-input-in-php-script
../../CrossVul/CWE-79/php/good_5560_9,40,29,File name based on user input risks server-side request forgery.,WARNING,php.lang.security.injection.tainted-filename.tainted-filename
../../CrossVul/CWE-79/php/good_5560_9,40,29,"Untrusted input might be used to build an HTTP request, which can lead to a Server-side request forgery (SSRF) vulnerability. SSRF allows an attacker to send crafted requests from the server side to other internal or external systems. SSRF can lead to unauthorized access to sensitive data and, in some cases, allow the attacker to control applications or systems that trust the vulnerable service. To prevent this vulnerability, avoid allowing user input to craft the base request. Instead, treat it as part of the path or query parameter and encode it appropriately. When user input is necessary to prepare the HTTP request, perform strict input validation. Additionally, whenever possible, use allowlists to only interact with expected, trusted domains.",ERROR,php.lang.security.tainted-url-to-connection.tainted-url-to-connection
../../CrossVul/CWE-79/php/good_5560_9,54,11,`Echo`ing user input risks cross-site scripting vulnerability. You should use `htmlentities()` when showing data to users.,ERROR,php.lang.security.injection.echoed-request.echoed-request
../../CrossVul/CWE-79/php/good_5560_9,54,11,"Found direct access to a PHP variable wihout HTML escaping inside an inline PHP statement setting data from `$_REQUEST[...]`. When untrusted input can be used to tamper with a web page rendering, it can lead to a Cross-site scripting (XSS) vulnerability. XSS vulnerabilities occur when untrusted input executes malicious JavaScript code, leading to issues such as account compromise and sensitive information leakage. To prevent this vulnerability, validate the user input, perform contextual output encoding or sanitize the input. In PHP you can encode or sanitize user input with `htmlspecialchars` or use automatic context-aware escaping with a template engine such as Latte.",WARNING,php.lang.security.taint-unsafe-echo-tag.taint-unsafe-echo-tag
../../CrossVul/CWE-79/php/good_5560_9,81,7,"Untrusted input could be used to tamper with a web page rendering, which can lead to a Cross-site scripting (XSS) vulnerability. XSS vulnerabilities occur when untrusted input executes malicious JavaScript code, leading to issues such as account compromise and sensitive information leakage. To prevent this vulnerability, validate the user input, perform contextual output encoding or sanitize the input. In PHP you can encode or sanitize user input with `htmlspecialchars` or use automatic context-aware escaping with a template engine such as Latte.",ERROR,php.lang.security.tainted-user-input-in-php-script.tainted-user-input-in-php-script
../../CrossVul/CWE-79/php/good_5560_9,89,18,File name based on user input risks server-side request forgery.,WARNING,php.lang.security.injection.tainted-filename.tainted-filename
../../CrossVul/CWE-79/php/good_5560_9,120,7,"Untrusted input could be used to tamper with a web page rendering, which can lead to a Cross-site scripting (XSS) vulnerability. XSS vulnerabilities occur when untrusted input executes malicious JavaScript code, leading to issues such as account compromise and sensitive information leakage. To prevent this vulnerability, validate the user input, perform contextual output encoding or sanitize the input. In PHP you can encode or sanitize user input with `htmlspecialchars` or use automatic context-aware escaping with a template engine such as Latte.",ERROR,php.lang.security.tainted-user-input-in-php-script.tainted-user-input-in-php-script
../../CrossVul/CWE-79/php/good_5560_9,199,11,`Echo`ing user input risks cross-site scripting vulnerability. You should use `htmlentities()` when showing data to users.,ERROR,php.lang.security.injection.echoed-request.echoed-request
../../CrossVul/CWE-79/php/good_5560_9,199,11,"Found direct access to a PHP variable wihout HTML escaping inside an inline PHP statement setting data from `$_REQUEST[...]`. When untrusted input can be used to tamper with a web page rendering, it can lead to a Cross-site scripting (XSS) vulnerability. XSS vulnerabilities occur when untrusted input executes malicious JavaScript code, leading to issues such as account compromise and sensitive information leakage. To prevent this vulnerability, validate the user input, perform contextual output encoding or sanitize the input. In PHP you can encode or sanitize user input with `htmlspecialchars` or use automatic context-aware escaping with a template engine such as Latte.",WARNING,php.lang.security.taint-unsafe-echo-tag.taint-unsafe-echo-tag
../../CrossVul/CWE-79/php/good_5571_0,753,15,File name based on user input risks server-side request forgery.,WARNING,php.lang.security.injection.tainted-filename.tainted-filename
../../CrossVul/CWE-79/php/good_5571_0,758,11,File name based on user input risks server-side request forgery.,WARNING,php.lang.security.injection.tainted-filename.tainted-filename
../../CrossVul/CWE-79/php/good_5571_0,788,15,File name based on user input risks server-side request forgery.,WARNING,php.lang.security.injection.tainted-filename.tainted-filename
../../CrossVul/CWE-79/php/good_5571_0,791,34,File name based on user input risks server-side request forgery.,WARNING,php.lang.security.injection.tainted-filename.tainted-filename
../../CrossVul/CWE-79/php/good_5588_1,187,1,"Do not call 'extract()' on user-controllable data. If you must, then you must also provide the EXTR_SKIP flag to prevent overwriting existing variables.",ERROR,php.lang.security.deserialization.extract-user-data
../../CrossVul/CWE-79/php/good_5588_3,44,17,"Untrusted input could be used to tamper with a web page rendering, which can lead to a Cross-site scripting (XSS) vulnerability. XSS vulnerabilities occur when untrusted input executes malicious JavaScript code, leading to issues such as account compromise and sensitive information leakage. To prevent this vulnerability, validate the user input, perform contextual output encoding or sanitize the input. In PHP you can encode or sanitize user input with `htmlspecialchars` or use automatic context-aware escaping with a template engine such as Latte.",ERROR,php.lang.security.tainted-user-input-in-php-script.tainted-user-input-in-php-script
../../CrossVul/CWE-79/php/good_5588_3,55,29,File name based on user input risks server-side request forgery.,WARNING,php.lang.security.injection.tainted-filename.tainted-filename
../../CrossVul/CWE-79/php/good_5588_3,55,29,"Untrusted input might be used to build an HTTP request, which can lead to a Server-side request forgery (SSRF) vulnerability. SSRF allows an attacker to send crafted requests from the server side to other internal or external systems. SSRF can lead to unauthorized access to sensitive data and, in some cases, allow the attacker to control applications or systems that trust the vulnerable service. To prevent this vulnerability, avoid allowing user input to craft the base request. Instead, treat it as part of the path or query parameter and encode it appropriately. When user input is necessary to prepare the HTTP request, perform strict input validation. Additionally, whenever possible, use allowlists to only interact with expected, trusted domains.",ERROR,php.lang.security.tainted-url-to-connection.tainted-url-to-connection
../../CrossVul/CWE-79/php/good_5588_3,69,11,`Echo`ing user input risks cross-site scripting vulnerability. You should use `htmlentities()` when showing data to users.,ERROR,php.lang.security.injection.echoed-request.echoed-request
../../CrossVul/CWE-79/php/good_5588_3,69,11,"Found direct access to a PHP variable wihout HTML escaping inside an inline PHP statement setting data from `$_REQUEST[...]`. When untrusted input can be used to tamper with a web page rendering, it can lead to a Cross-site scripting (XSS) vulnerability. XSS vulnerabilities occur when untrusted input executes malicious JavaScript code, leading to issues such as account compromise and sensitive information leakage. To prevent this vulnerability, validate the user input, perform contextual output encoding or sanitize the input. In PHP you can encode or sanitize user input with `htmlspecialchars` or use automatic context-aware escaping with a template engine such as Latte.",WARNING,php.lang.security.taint-unsafe-echo-tag.taint-unsafe-echo-tag
../../CrossVul/CWE-79/php/good_5588_3,97,7,"Untrusted input could be used to tamper with a web page rendering, which can lead to a Cross-site scripting (XSS) vulnerability. XSS vulnerabilities occur when untrusted input executes malicious JavaScript code, leading to issues such as account compromise and sensitive information leakage. To prevent this vulnerability, validate the user input, perform contextual output encoding or sanitize the input. In PHP you can encode or sanitize user input with `htmlspecialchars` or use automatic context-aware escaping with a template engine such as Latte.",ERROR,php.lang.security.tainted-user-input-in-php-script.tainted-user-input-in-php-script
../../CrossVul/CWE-79/php/good_5588_3,105,18,File name based on user input risks server-side request forgery.,WARNING,php.lang.security.injection.tainted-filename.tainted-filename
../../CrossVul/CWE-79/php/good_5588_3,136,7,"Untrusted input could be used to tamper with a web page rendering, which can lead to a Cross-site scripting (XSS) vulnerability. XSS vulnerabilities occur when untrusted input executes malicious JavaScript code, leading to issues such as account compromise and sensitive information leakage. To prevent this vulnerability, validate the user input, perform contextual output encoding or sanitize the input. In PHP you can encode or sanitize user input with `htmlspecialchars` or use automatic context-aware escaping with a template engine such as Latte.",ERROR,php.lang.security.tainted-user-input-in-php-script.tainted-user-input-in-php-script
../../CrossVul/CWE-79/php/good_5588_3,215,11,`Echo`ing user input risks cross-site scripting vulnerability. You should use `htmlentities()` when showing data to users.,ERROR,php.lang.security.injection.echoed-request.echoed-request
../../CrossVul/CWE-79/php/good_5588_3,215,11,"Found direct access to a PHP variable wihout HTML escaping inside an inline PHP statement setting data from `$_REQUEST[...]`. When untrusted input can be used to tamper with a web page rendering, it can lead to a Cross-site scripting (XSS) vulnerability. XSS vulnerabilities occur when untrusted input executes malicious JavaScript code, leading to issues such as account compromise and sensitive information leakage. To prevent this vulnerability, validate the user input, perform contextual output encoding or sanitize the input. In PHP you can encode or sanitize user input with `htmlspecialchars` or use automatic context-aware escaping with a template engine such as Latte.",WARNING,php.lang.security.taint-unsafe-echo-tag.taint-unsafe-echo-tag
../../CrossVul/CWE-79/php/good_5588_2,18,43,`Printing user input risks cross-site scripting vulnerability. You should use `htmlentities()` when showing data to users.,ERROR,php.lang.security.injection.printed-request.printed-request
../../CrossVul/CWE-79/php/good_5588_2,19,43,`Printing user input risks cross-site scripting vulnerability. You should use `htmlentities()` when showing data to users.,ERROR,php.lang.security.injection.printed-request.printed-request
../../CrossVul/CWE-79/php/good_5588_2,44,4,`Printing user input risks cross-site scripting vulnerability. You should use `htmlentities()` when showing data to users.,ERROR,php.lang.security.injection.printed-request.printed-request
../../CrossVul/CWE-79/php/good_5611_0,114,15,`Echo`ing user input risks cross-site scripting vulnerability. You should use `htmlentities()` when showing data to users.,ERROR,php.lang.security.injection.echoed-request.echoed-request
../../CrossVul/CWE-79/php/good_5611_0,114,15,"Found direct access to a PHP variable wihout HTML escaping inside an inline PHP statement setting data from `$_REQUEST[...]`. When untrusted input can be used to tamper with a web page rendering, it can lead to a Cross-site scripting (XSS) vulnerability. XSS vulnerabilities occur when untrusted input executes malicious JavaScript code, leading to issues such as account compromise and sensitive information leakage. To prevent this vulnerability, validate the user input, perform contextual output encoding or sanitize the input. In PHP you can encode or sanitize user input with `htmlspecialchars` or use automatic context-aware escaping with a template engine such as Latte.",WARNING,php.lang.security.taint-unsafe-echo-tag.taint-unsafe-echo-tag
../../CrossVul/CWE-79/php/good_5611_0,121,19,`Echo`ing user input risks cross-site scripting vulnerability. You should use `htmlentities()` when showing data to users.,ERROR,php.lang.security.injection.echoed-request.echoed-request
../../CrossVul/CWE-79/php/good_5611_0,121,19,"Found direct access to a PHP variable wihout HTML escaping inside an inline PHP statement setting data from `$_REQUEST[...]`. When untrusted input can be used to tamper with a web page rendering, it can lead to a Cross-site scripting (XSS) vulnerability. XSS vulnerabilities occur when untrusted input executes malicious JavaScript code, leading to issues such as account compromise and sensitive information leakage. To prevent this vulnerability, validate the user input, perform contextual output encoding or sanitize the input. In PHP you can encode or sanitize user input with `htmlspecialchars` or use automatic context-aware escaping with a template engine such as Latte.",WARNING,php.lang.security.taint-unsafe-echo-tag.taint-unsafe-echo-tag
../../CrossVul/CWE-79/php/good_5611_0,129,92,"Found direct access to a PHP variable wihout HTML escaping inside an inline PHP statement setting data from `$_REQUEST[...]`. When untrusted input can be used to tamper with a web page rendering, it can lead to a Cross-site scripting (XSS) vulnerability. XSS vulnerabilities occur when untrusted input executes malicious JavaScript code, leading to issues such as account compromise and sensitive information leakage. To prevent this vulnerability, validate the user input, perform contextual output encoding or sanitize the input. In PHP you can encode or sanitize user input with `htmlspecialchars` or use automatic context-aware escaping with a template engine such as Latte.",WARNING,php.lang.security.taint-unsafe-echo-tag.taint-unsafe-echo-tag
../../CrossVul/CWE-79/php/good_5611_0,133,94,"Found direct access to a PHP variable wihout HTML escaping inside an inline PHP statement setting data from `$_REQUEST[...]`. When untrusted input can be used to tamper with a web page rendering, it can lead to a Cross-site scripting (XSS) vulnerability. XSS vulnerabilities occur when untrusted input executes malicious JavaScript code, leading to issues such as account compromise and sensitive information leakage. To prevent this vulnerability, validate the user input, perform contextual output encoding or sanitize the input. In PHP you can encode or sanitize user input with `htmlspecialchars` or use automatic context-aware escaping with a template engine such as Latte.",WARNING,php.lang.security.taint-unsafe-echo-tag.taint-unsafe-echo-tag
../../CrossVul/CWE-79/php/good_5712_0,175,16,"User data flows into this manually-constructed SQL string. User data can be safely inserted into SQL strings using prepared statements or an object-relational mapper (ORM). Manually-constructed SQL strings is a possible indicator of SQL injection, which could let an attacker steal or manipulate data from the database. Instead, use prepared statements (`$mysqli->prepare(""INSERT INTO test(id, label) VALUES (?, ?)"");`) or a safe library.",ERROR,php.lang.security.injection.tainted-sql-string.tainted-sql-string
../../CrossVul/CWE-79/php/good_58_0,36,20,`Printing user input risks cross-site scripting vulnerability. You should use `htmlentities()` when showing data to users.,ERROR,php.lang.security.injection.printed-request.printed-request
../../CrossVul/CWE-79/php/good_58_0,40,12,`Printing user input risks cross-site scripting vulnerability. You should use `htmlentities()` when showing data to users.,ERROR,php.lang.security.injection.printed-request.printed-request
../../CrossVul/CWE-79/php/good_58_0,44,12,`Printing user input risks cross-site scripting vulnerability. You should use `htmlentities()` when showing data to users.,ERROR,php.lang.security.injection.printed-request.printed-request
../../CrossVul/CWE-79/php/good_58_0,48,12,`Printing user input risks cross-site scripting vulnerability. You should use `htmlentities()` when showing data to users.,ERROR,php.lang.security.injection.printed-request.printed-request
../../CrossVul/CWE-79/php/good_58_0,54,143,`Printing user input risks cross-site scripting vulnerability. You should use `htmlentities()` when showing data to users.,ERROR,php.lang.security.injection.printed-request.printed-request
../../CrossVul/CWE-79/php/good_58_0,55,145,`Printing user input risks cross-site scripting vulnerability. You should use `htmlentities()` when showing data to users.,ERROR,php.lang.security.injection.printed-request.printed-request
../../CrossVul/CWE-79/php/good_58_0,83,12,`Printing user input risks cross-site scripting vulnerability. You should use `htmlentities()` when showing data to users.,ERROR,php.lang.security.injection.printed-request.printed-request
../../CrossVul/CWE-79/php/good_58_0,90,16,`Printing user input risks cross-site scripting vulnerability. You should use `htmlentities()` when showing data to users.,ERROR,php.lang.security.injection.printed-request.printed-request
../../CrossVul/CWE-79/php/good_58_0,96,12,`Printing user input risks cross-site scripting vulnerability. You should use `htmlentities()` when showing data to users.,ERROR,php.lang.security.injection.printed-request.printed-request
../../CrossVul/CWE-79/php/good_58_0,100,12,`Printing user input risks cross-site scripting vulnerability. You should use `htmlentities()` when showing data to users.,ERROR,php.lang.security.injection.printed-request.printed-request
../../CrossVul/CWE-79/php/good_58_0,114,5,`Printing user input risks cross-site scripting vulnerability. You should use `htmlentities()` when showing data to users.,ERROR,php.lang.security.injection.printed-request.printed-request
../../CrossVul/CWE-79/php/good_58_0,126,12,`Printing user input risks cross-site scripting vulnerability. You should use `htmlentities()` when showing data to users.,ERROR,php.lang.security.injection.printed-request.printed-request
../../CrossVul/CWE-79/php/good_58_0,136,12,`Printing user input risks cross-site scripting vulnerability. You should use `htmlentities()` when showing data to users.,ERROR,php.lang.security.injection.printed-request.printed-request
../../CrossVul/CWE-79/php/good_58_0,148,12,`Printing user input risks cross-site scripting vulnerability. You should use `htmlentities()` when showing data to users.,ERROR,php.lang.security.injection.printed-request.printed-request
../../CrossVul/CWE-79/php/good_58_0,158,12,`Printing user input risks cross-site scripting vulnerability. You should use `htmlentities()` when showing data to users.,ERROR,php.lang.security.injection.printed-request.printed-request
../../CrossVul/CWE-79/php/good_58_0,162,12,`Printing user input risks cross-site scripting vulnerability. You should use `htmlentities()` when showing data to users.,ERROR,php.lang.security.injection.printed-request.printed-request
../../CrossVul/CWE-79/php/good_58_0,189,4,`Printing user input risks cross-site scripting vulnerability. You should use `htmlentities()` when showing data to users.,ERROR,php.lang.security.injection.printed-request.printed-request
../../CrossVul/CWE-79/php/good_5857_0,357,23,File name based on user input risks server-side request forgery.,WARNING,php.lang.security.injection.tainted-filename.tainted-filename
../../CrossVul/CWE-79/php/good_5857_0,427,9,`Echo`ing user input risks cross-site scripting vulnerability. You should use `htmlentities()` when showing data to users.,ERROR,php.lang.security.injection.echoed-request.echoed-request
../../CrossVul/CWE-79/php/good_5857_0,427,9,"Found direct access to a PHP variable wihout HTML escaping inside an inline PHP statement setting data from `$_REQUEST[...]`. When untrusted input can be used to tamper with a web page rendering, it can lead to a Cross-site scripting (XSS) vulnerability. XSS vulnerabilities occur when untrusted input executes malicious JavaScript code, leading to issues such as account compromise and sensitive information leakage. To prevent this vulnerability, validate the user input, perform contextual output encoding or sanitize the input. In PHP you can encode or sanitize user input with `htmlspecialchars` or use automatic context-aware escaping with a template engine such as Latte.",WARNING,php.lang.security.taint-unsafe-echo-tag.taint-unsafe-echo-tag
../../CrossVul/CWE-79/php/good_5857_0,928,13,`Echo`ing user input risks cross-site scripting vulnerability. You should use `htmlentities()` when showing data to users.,ERROR,php.lang.security.injection.echoed-request.echoed-request
../../CrossVul/CWE-79/php/good_5857_0,928,34,"Untrusted input could be used to tamper with a web page rendering, which can lead to a Cross-site scripting (XSS) vulnerability. XSS vulnerabilities occur when untrusted input executes malicious JavaScript code, leading to issues such as account compromise and sensitive information leakage. To prevent this vulnerability, validate the user input, perform contextual output encoding or sanitize the input. In PHP you can encode or sanitize user input with `htmlspecialchars` or use automatic context-aware escaping with a template engine such as Latte.",ERROR,php.lang.security.tainted-user-input-in-php-script.tainted-user-input-in-php-script
../../CrossVul/CWE-79/php/good_5857_0,930,13,`Echo`ing user input risks cross-site scripting vulnerability. You should use `htmlentities()` when showing data to users.,ERROR,php.lang.security.injection.echoed-request.echoed-request
../../CrossVul/CWE-79/php/good_5857_0,930,34,"Untrusted input could be used to tamper with a web page rendering, which can lead to a Cross-site scripting (XSS) vulnerability. XSS vulnerabilities occur when untrusted input executes malicious JavaScript code, leading to issues such as account compromise and sensitive information leakage. To prevent this vulnerability, validate the user input, perform contextual output encoding or sanitize the input. In PHP you can encode or sanitize user input with `htmlspecialchars` or use automatic context-aware escaping with a template engine such as Latte.",ERROR,php.lang.security.tainted-user-input-in-php-script.tainted-user-input-in-php-script
../../CrossVul/CWE-79/php/good_5857_0,942,9,`Echo`ing user input risks cross-site scripting vulnerability. You should use `htmlentities()` when showing data to users.,ERROR,php.lang.security.injection.echoed-request.echoed-request
../../CrossVul/CWE-79/php/good_5857_0,942,39,"Untrusted input could be used to tamper with a web page rendering, which can lead to a Cross-site scripting (XSS) vulnerability. XSS vulnerabilities occur when untrusted input executes malicious JavaScript code, leading to issues such as account compromise and sensitive information leakage. To prevent this vulnerability, validate the user input, perform contextual output encoding or sanitize the input. In PHP you can encode or sanitize user input with `htmlspecialchars` or use automatic context-aware escaping with a template engine such as Latte.",ERROR,php.lang.security.tainted-user-input-in-php-script.tainted-user-input-in-php-script
../../CrossVul/CWE-79/php/good_5857_0,1031,5,`Echo`ing user input risks cross-site scripting vulnerability. You should use `htmlentities()` when showing data to users.,ERROR,php.lang.security.injection.echoed-request.echoed-request
../../CrossVul/CWE-79/php/good_5857_0,1434,13,`Echo`ing user input risks cross-site scripting vulnerability. You should use `htmlentities()` when showing data to users.,ERROR,php.lang.security.injection.echoed-request.echoed-request
../../CrossVul/CWE-79/php/good_5857_0,1434,13,"Found direct access to a PHP variable wihout HTML escaping inside an inline PHP statement setting data from `$_REQUEST[...]`. When untrusted input can be used to tamper with a web page rendering, it can lead to a Cross-site scripting (XSS) vulnerability. XSS vulnerabilities occur when untrusted input executes malicious JavaScript code, leading to issues such as account compromise and sensitive information leakage. To prevent this vulnerability, validate the user input, perform contextual output encoding or sanitize the input. In PHP you can encode or sanitize user input with `htmlspecialchars` or use automatic context-aware escaping with a template engine such as Latte.",WARNING,php.lang.security.taint-unsafe-echo-tag.taint-unsafe-echo-tag
../../CrossVul/CWE-79/php/good_5857_0,1451,13,`Echo`ing user input risks cross-site scripting vulnerability. You should use `htmlentities()` when showing data to users.,ERROR,php.lang.security.injection.echoed-request.echoed-request
../../CrossVul/CWE-79/php/good_5857_0,1451,13,"Found direct access to a PHP variable wihout HTML escaping inside an inline PHP statement setting data from `$_REQUEST[...]`. When untrusted input can be used to tamper with a web page rendering, it can lead to a Cross-site scripting (XSS) vulnerability. XSS vulnerabilities occur when untrusted input executes malicious JavaScript code, leading to issues such as account compromise and sensitive information leakage. To prevent this vulnerability, validate the user input, perform contextual output encoding or sanitize the input. In PHP you can encode or sanitize user input with `htmlspecialchars` or use automatic context-aware escaping with a template engine such as Latte.",WARNING,php.lang.security.taint-unsafe-echo-tag.taint-unsafe-echo-tag
../../CrossVul/CWE-79/php/good_5857_0,1473,20,"User data flows into the host portion of this manually-constructed URL. This could allow an attacker to send data to their own server, potentially exposing sensitive data such as cookies or authorization information sent with this request. They could also probe internal servers or other resources that the server running this code can access. (This is called server-side request forgery, or SSRF.) Do not allow arbitrary hosts. Instead, create an allowlist for approved hosts, or hardcode the correct host.",WARNING,php.lang.security.injection.tainted-url-host.tainted-url-host
../../CrossVul/CWE-79/php/good_5857_0,1554,74,"User data flows into the host portion of this manually-constructed URL. This could allow an attacker to send data to their own server, potentially exposing sensitive data such as cookies or authorization information sent with this request. They could also probe internal servers or other resources that the server running this code can access. (This is called server-side request forgery, or SSRF.) Do not allow arbitrary hosts. Instead, create an allowlist for approved hosts, or hardcode the correct host.",WARNING,php.lang.security.injection.tainted-url-host.tainted-url-host
../../CrossVul/CWE-79/php/good_5857_0,1630,17,`Echo`ing user input risks cross-site scripting vulnerability. You should use `htmlentities()` when showing data to users.,ERROR,php.lang.security.injection.echoed-request.echoed-request
../../CrossVul/CWE-79/php/good_5857_0,1630,38,"Untrusted input could be used to tamper with a web page rendering, which can lead to a Cross-site scripting (XSS) vulnerability. XSS vulnerabilities occur when untrusted input executes malicious JavaScript code, leading to issues such as account compromise and sensitive information leakage. To prevent this vulnerability, validate the user input, perform contextual output encoding or sanitize the input. In PHP you can encode or sanitize user input with `htmlspecialchars` or use automatic context-aware escaping with a template engine such as Latte.",ERROR,php.lang.security.tainted-user-input-in-php-script.tainted-user-input-in-php-script
../../CrossVul/CWE-79/php/good_5857_0,2049,63,File name based on user input risks server-side request forgery.,WARNING,php.lang.security.injection.tainted-filename.tainted-filename
../../CrossVul/CWE-79/php/good_5857_0,2276,17,File name based on user input risks server-side request forgery.,WARNING,php.lang.security.injection.tainted-filename.tainted-filename
../../CrossVul/CWE-79/php/good_5857_0,2279,9,`Echo`ing user input risks cross-site scripting vulnerability. You should use `htmlentities()` when showing data to users.,ERROR,php.lang.security.injection.echoed-request.echoed-request
../../CrossVul/CWE-79/php/good_5857_0,2279,9,"Found direct access to a PHP variable wihout HTML escaping inside an inline PHP statement setting data from `$_REQUEST[...]`. When untrusted input can be used to tamper with a web page rendering, it can lead to a Cross-site scripting (XSS) vulnerability. XSS vulnerabilities occur when untrusted input executes malicious JavaScript code, leading to issues such as account compromise and sensitive information leakage. To prevent this vulnerability, validate the user input, perform contextual output encoding or sanitize the input. In PHP you can encode or sanitize user input with `htmlspecialchars` or use automatic context-aware escaping with a template engine such as Latte.",WARNING,php.lang.security.taint-unsafe-echo-tag.taint-unsafe-echo-tag
../../CrossVul/CWE-79/php/good_5857_0,2279,32,File name based on user input risks server-side request forgery.,WARNING,php.lang.security.injection.tainted-filename.tainted-filename
../../CrossVul/CWE-79/php/good_5857_0,2284,17,File name based on user input risks server-side request forgery.,WARNING,php.lang.security.injection.tainted-filename.tainted-filename
../../CrossVul/CWE-79/php/good_5857_0,2287,9,`Echo`ing user input risks cross-site scripting vulnerability. You should use `htmlentities()` when showing data to users.,ERROR,php.lang.security.injection.echoed-request.echoed-request
../../CrossVul/CWE-79/php/good_5857_0,2287,9,"Found direct access to a PHP variable wihout HTML escaping inside an inline PHP statement setting data from `$_REQUEST[...]`. When untrusted input can be used to tamper with a web page rendering, it can lead to a Cross-site scripting (XSS) vulnerability. XSS vulnerabilities occur when untrusted input executes malicious JavaScript code, leading to issues such as account compromise and sensitive information leakage. To prevent this vulnerability, validate the user input, perform contextual output encoding or sanitize the input. In PHP you can encode or sanitize user input with `htmlspecialchars` or use automatic context-aware escaping with a template engine such as Latte.",WARNING,php.lang.security.taint-unsafe-echo-tag.taint-unsafe-echo-tag
../../CrossVul/CWE-79/php/good_5857_0,2287,32,File name based on user input risks server-side request forgery.,WARNING,php.lang.security.injection.tainted-filename.tainted-filename
../../CrossVul/CWE-79/php/good_5857_0,2332,35,File name based on user input risks server-side request forgery.,WARNING,php.lang.security.injection.tainted-filename.tainted-filename
../../CrossVul/CWE-79/php/good_5857_0,2332,35,"Untrusted input might be used to build an HTTP request, which can lead to a Server-side request forgery (SSRF) vulnerability. SSRF allows an attacker to send crafted requests from the server side to other internal or external systems. SSRF can lead to unauthorized access to sensitive data and, in some cases, allow the attacker to control applications or systems that trust the vulnerable service. To prevent this vulnerability, avoid allowing user input to craft the base request. Instead, treat it as part of the path or query parameter and encode it appropriately. When user input is necessary to prepare the HTTP request, perform strict input validation. Additionally, whenever possible, use allowlists to only interact with expected, trusted domains.",ERROR,php.lang.security.tainted-url-to-connection.tainted-url-to-connection
../../CrossVul/CWE-79/php/good_5857_0,2354,35,File name based on user input risks server-side request forgery.,WARNING,php.lang.security.injection.tainted-filename.tainted-filename
../../CrossVul/CWE-79/php/good_5857_0,2354,35,"Untrusted input might be used to build an HTTP request, which can lead to a Server-side request forgery (SSRF) vulnerability. SSRF allows an attacker to send crafted requests from the server side to other internal or external systems. SSRF can lead to unauthorized access to sensitive data and, in some cases, allow the attacker to control applications or systems that trust the vulnerable service. To prevent this vulnerability, avoid allowing user input to craft the base request. Instead, treat it as part of the path or query parameter and encode it appropriately. When user input is necessary to prepare the HTTP request, perform strict input validation. Additionally, whenever possible, use allowlists to only interact with expected, trusted domains.",ERROR,php.lang.security.tainted-url-to-connection.tainted-url-to-connection
../../CrossVul/CWE-79/php/good_5857_0,2379,39,File name based on user input risks server-side request forgery.,WARNING,php.lang.security.injection.tainted-filename.tainted-filename
../../CrossVul/CWE-79/php/good_5857_0,2379,39,"Untrusted input might be used to build an HTTP request, which can lead to a Server-side request forgery (SSRF) vulnerability. SSRF allows an attacker to send crafted requests from the server side to other internal or external systems. SSRF can lead to unauthorized access to sensitive data and, in some cases, allow the attacker to control applications or systems that trust the vulnerable service. To prevent this vulnerability, avoid allowing user input to craft the base request. Instead, treat it as part of the path or query parameter and encode it appropriately. When user input is necessary to prepare the HTTP request, perform strict input validation. Additionally, whenever possible, use allowlists to only interact with expected, trusted domains.",ERROR,php.lang.security.tainted-url-to-connection.tainted-url-to-connection
../../CrossVul/CWE-79/php/good_5857_0,2383,25,`Echo`ing user input risks cross-site scripting vulnerability. You should use `htmlentities()` when showing data to users.,ERROR,php.lang.security.injection.echoed-request.echoed-request
../../CrossVul/CWE-79/php/good_5857_0,2383,25,"Found direct access to a PHP variable wihout HTML escaping inside an inline PHP statement setting data from `$_REQUEST[...]`. When untrusted input can be used to tamper with a web page rendering, it can lead to a Cross-site scripting (XSS) vulnerability. XSS vulnerabilities occur when untrusted input executes malicious JavaScript code, leading to issues such as account compromise and sensitive information leakage. To prevent this vulnerability, validate the user input, perform contextual output encoding or sanitize the input. In PHP you can encode or sanitize user input with `htmlspecialchars` or use automatic context-aware escaping with a template engine such as Latte.",WARNING,php.lang.security.taint-unsafe-echo-tag.taint-unsafe-echo-tag
../../CrossVul/CWE-79/php/good_5857_0,2383,48,File name based on user input risks server-side request forgery.,WARNING,php.lang.security.injection.tainted-filename.tainted-filename
../../CrossVul/CWE-79/php/good_5857_0,2408,39,File name based on user input risks server-side request forgery.,WARNING,php.lang.security.injection.tainted-filename.tainted-filename
../../CrossVul/CWE-79/php/good_5857_0,2408,39,"Untrusted input might be used to build an HTTP request, which can lead to a Server-side request forgery (SSRF) vulnerability. SSRF allows an attacker to send crafted requests from the server side to other internal or external systems. SSRF can lead to unauthorized access to sensitive data and, in some cases, allow the attacker to control applications or systems that trust the vulnerable service. To prevent this vulnerability, avoid allowing user input to craft the base request. Instead, treat it as part of the path or query parameter and encode it appropriately. When user input is necessary to prepare the HTTP request, perform strict input validation. Additionally, whenever possible, use allowlists to only interact with expected, trusted domains.",ERROR,php.lang.security.tainted-url-to-connection.tainted-url-to-connection
../../CrossVul/CWE-79/php/good_5857_0,2412,25,`Echo`ing user input risks cross-site scripting vulnerability. You should use `htmlentities()` when showing data to users.,ERROR,php.lang.security.injection.echoed-request.echoed-request
../../CrossVul/CWE-79/php/good_5857_0,2412,25,"Found direct access to a PHP variable wihout HTML escaping inside an inline PHP statement setting data from `$_REQUEST[...]`. When untrusted input can be used to tamper with a web page rendering, it can lead to a Cross-site scripting (XSS) vulnerability. XSS vulnerabilities occur when untrusted input executes malicious JavaScript code, leading to issues such as account compromise and sensitive information leakage. To prevent this vulnerability, validate the user input, perform contextual output encoding or sanitize the input. In PHP you can encode or sanitize user input with `htmlspecialchars` or use automatic context-aware escaping with a template engine such as Latte.",WARNING,php.lang.security.taint-unsafe-echo-tag.taint-unsafe-echo-tag
../../CrossVul/CWE-79/php/good_5857_0,2412,48,File name based on user input risks server-side request forgery.,WARNING,php.lang.security.injection.tainted-filename.tainted-filename
../../CrossVul/CWE-79/php/good_5857_0,2427,31,File name based on user input risks server-side request forgery.,WARNING,php.lang.security.injection.tainted-filename.tainted-filename
../../CrossVul/CWE-79/php/good_5857_0,2427,31,"Untrusted input might be used to build an HTTP request, which can lead to a Server-side request forgery (SSRF) vulnerability. SSRF allows an attacker to send crafted requests from the server side to other internal or external systems. SSRF can lead to unauthorized access to sensitive data and, in some cases, allow the attacker to control applications or systems that trust the vulnerable service. To prevent this vulnerability, avoid allowing user input to craft the base request. Instead, treat it as part of the path or query parameter and encode it appropriately. When user input is necessary to prepare the HTTP request, perform strict input validation. Additionally, whenever possible, use allowlists to only interact with expected, trusted domains.",ERROR,php.lang.security.tainted-url-to-connection.tainted-url-to-connection
../../CrossVul/CWE-79/php/good_5857_0,2431,17,`Echo`ing user input risks cross-site scripting vulnerability. You should use `htmlentities()` when showing data to users.,ERROR,php.lang.security.injection.echoed-request.echoed-request
../../CrossVul/CWE-79/php/good_5857_0,2431,17,"Found direct access to a PHP variable wihout HTML escaping inside an inline PHP statement setting data from `$_REQUEST[...]`. When untrusted input can be used to tamper with a web page rendering, it can lead to a Cross-site scripting (XSS) vulnerability. XSS vulnerabilities occur when untrusted input executes malicious JavaScript code, leading to issues such as account compromise and sensitive information leakage. To prevent this vulnerability, validate the user input, perform contextual output encoding or sanitize the input. In PHP you can encode or sanitize user input with `htmlspecialchars` or use automatic context-aware escaping with a template engine such as Latte.",WARNING,php.lang.security.taint-unsafe-echo-tag.taint-unsafe-echo-tag
../../CrossVul/CWE-79/php/good_5857_0,2431,40,File name based on user input risks server-side request forgery.,WARNING,php.lang.security.injection.tainted-filename.tainted-filename
../../CrossVul/CWE-79/php/good_5857_0,2440,23,File name based on user input risks server-side request forgery.,WARNING,php.lang.security.injection.tainted-filename.tainted-filename
../../CrossVul/CWE-79/php/good_5857_0,2440,23,"Untrusted input might be used to build an HTTP request, which can lead to a Server-side request forgery (SSRF) vulnerability. SSRF allows an attacker to send crafted requests from the server side to other internal or external systems. SSRF can lead to unauthorized access to sensitive data and, in some cases, allow the attacker to control applications or systems that trust the vulnerable service. To prevent this vulnerability, avoid allowing user input to craft the base request. Instead, treat it as part of the path or query parameter and encode it appropriately. When user input is necessary to prepare the HTTP request, perform strict input validation. Additionally, whenever possible, use allowlists to only interact with expected, trusted domains.",ERROR,php.lang.security.tainted-url-to-connection.tainted-url-to-connection
../../CrossVul/CWE-79/php/good_630_1,34,9,`Echo`ing user input risks cross-site scripting vulnerability. You should use `htmlentities()` when showing data to users.,ERROR,php.lang.security.injection.echoed-request.echoed-request
../../CrossVul/CWE-79/php/good_630_1,34,9,"Found direct access to a PHP variable wihout HTML escaping inside an inline PHP statement setting data from `$_REQUEST[...]`. When untrusted input can be used to tamper with a web page rendering, it can lead to a Cross-site scripting (XSS) vulnerability. XSS vulnerabilities occur when untrusted input executes malicious JavaScript code, leading to issues such as account compromise and sensitive information leakage. To prevent this vulnerability, validate the user input, perform contextual output encoding or sanitize the input. In PHP you can encode or sanitize user input with `htmlspecialchars` or use automatic context-aware escaping with a template engine such as Latte.",WARNING,php.lang.security.taint-unsafe-echo-tag.taint-unsafe-echo-tag
../../CrossVul/CWE-79/php/good_630_1,48,5,`Echo`ing user input risks cross-site scripting vulnerability. You should use `htmlentities()` when showing data to users.,ERROR,php.lang.security.injection.echoed-request.echoed-request
../../CrossVul/CWE-79/php/good_630_1,48,5,"Found direct access to a PHP variable wihout HTML escaping inside an inline PHP statement setting data from `$_REQUEST[...]`. When untrusted input can be used to tamper with a web page rendering, it can lead to a Cross-site scripting (XSS) vulnerability. XSS vulnerabilities occur when untrusted input executes malicious JavaScript code, leading to issues such as account compromise and sensitive information leakage. To prevent this vulnerability, validate the user input, perform contextual output encoding or sanitize the input. In PHP you can encode or sanitize user input with `htmlspecialchars` or use automatic context-aware escaping with a template engine such as Latte.",WARNING,php.lang.security.taint-unsafe-echo-tag.taint-unsafe-echo-tag
../../CrossVul/CWE-79/php/good_630_1,52,5,`Echo`ing user input risks cross-site scripting vulnerability. You should use `htmlentities()` when showing data to users.,ERROR,php.lang.security.injection.echoed-request.echoed-request
../../CrossVul/CWE-79/php/good_630_1,52,5,"Found direct access to a PHP variable wihout HTML escaping inside an inline PHP statement setting data from `$_REQUEST[...]`. When untrusted input can be used to tamper with a web page rendering, it can lead to a Cross-site scripting (XSS) vulnerability. XSS vulnerabilities occur when untrusted input executes malicious JavaScript code, leading to issues such as account compromise and sensitive information leakage. To prevent this vulnerability, validate the user input, perform contextual output encoding or sanitize the input. In PHP you can encode or sanitize user input with `htmlspecialchars` or use automatic context-aware escaping with a template engine such as Latte.",WARNING,php.lang.security.taint-unsafe-echo-tag.taint-unsafe-echo-tag
../../CrossVul/CWE-79/php/good_667_0,489,4,"User data flows into this manually-constructed SQL string. User data can be safely inserted into SQL strings using prepared statements or an object-relational mapper (ORM). Manually-constructed SQL strings is a possible indicator of SQL injection, which could let an attacker steal or manipulate data from the database. Instead, use prepared statements (`$mysqli->prepare(""INSERT INTO test(id, label) VALUES (?, ?)"");`) or a safe library.",ERROR,php.lang.security.injection.tainted-sql-string.tainted-sql-string
../../CrossVul/CWE-79/php/good_667_0,505,4,"User data flows into this manually-constructed SQL string. User data can be safely inserted into SQL strings using prepared statements or an object-relational mapper (ORM). Manually-constructed SQL strings is a possible indicator of SQL injection, which could let an attacker steal or manipulate data from the database. Instead, use prepared statements (`$mysqli->prepare(""INSERT INTO test(id, label) VALUES (?, ?)"");`) or a safe library.",ERROR,php.lang.security.injection.tainted-sql-string.tainted-sql-string
../../CrossVul/CWE-79/php/good_703_0,19,1,"Untrusted input might be injected into a command executed by the application, which can lead to a command injection vulnerability. An attacker can execute arbitrary commands, potentially gaining complete control of the system. To prevent this vulnerability, avoid executing OS commands with user input. If this is unavoidable, validate and sanitize the user input, and use safe methods for executing the commands. In PHP, it is possible to use `escapeshellcmd(...)` and `escapeshellarg(...)` to correctly sanitize input that is used respectively as system commands or command arguments.",CRITICAL,php.lang.security.tainted-command-injection.tainted-command-injection
../../CrossVul/CWE-79/php/good_703_0,19,1,Executing non-constant commands. This can lead to command injection. You should use `escapeshellarg()` when using command.,ERROR,php.lang.security.tainted-exec.tainted-exec
../../CrossVul/CWE-79/php/good_703_0,74,2,`Printing user input risks cross-site scripting vulnerability. You should use `htmlentities()` when showing data to users.,ERROR,php.lang.security.injection.printed-request.printed-request
../../CrossVul/CWE-79/php/good_703_0,108,3,`Printing user input risks cross-site scripting vulnerability. You should use `htmlentities()` when showing data to users.,ERROR,php.lang.security.injection.printed-request.printed-request
../../CrossVul/CWE-79/php/good_703_0,200,2,`Printing user input risks cross-site scripting vulnerability. You should use `htmlentities()` when showing data to users.,ERROR,php.lang.security.injection.printed-request.printed-request
../../CrossVul/CWE-79/php/good_703_1,32,1,"Untrusted input might be injected into a command executed by the application, which can lead to a command injection vulnerability. An attacker can execute arbitrary commands, potentially gaining complete control of the system. To prevent this vulnerability, avoid executing OS commands with user input. If this is unavoidable, validate and sanitize the user input, and use safe methods for executing the commands. In PHP, it is possible to use `escapeshellcmd(...)` and `escapeshellarg(...)` to correctly sanitize input that is used respectively as system commands or command arguments.",CRITICAL,php.lang.security.tainted-command-injection.tainted-command-injection
../../CrossVul/CWE-79/php/good_703_1,32,1,Executing non-constant commands. This can lead to command injection. You should use `escapeshellarg()` when using command.,ERROR,php.lang.security.tainted-exec.tainted-exec
../../CrossVul/CWE-79/php/good_703_1,56,2,`Printing user input risks cross-site scripting vulnerability. You should use `htmlentities()` when showing data to users.,ERROR,php.lang.security.injection.printed-request.printed-request
../../CrossVul/CWE-79/php/good_703_1,83,3,`Printing user input risks cross-site scripting vulnerability. You should use `htmlentities()` when showing data to users.,ERROR,php.lang.security.injection.printed-request.printed-request
../../CrossVul/CWE-79/php/good_703_1,103,2,`Printing user input risks cross-site scripting vulnerability. You should use `htmlentities()` when showing data to users.,ERROR,php.lang.security.injection.printed-request.printed-request
../../CrossVul/CWE-79/php/good_703_3,276,7,`Printing user input risks cross-site scripting vulnerability. You should use `htmlentities()` when showing data to users.,ERROR,php.lang.security.injection.printed-request.printed-request
../../CrossVul/CWE-79/php/good_703_3,368,2,`Printing user input risks cross-site scripting vulnerability. You should use `htmlentities()` when showing data to users.,ERROR,php.lang.security.injection.printed-request.printed-request
../../CrossVul/CWE-79/php/good_703_4,17,1,"Untrusted input might be injected into a command executed by the application, which can lead to a command injection vulnerability. An attacker can execute arbitrary commands, potentially gaining complete control of the system. To prevent this vulnerability, avoid executing OS commands with user input. If this is unavoidable, validate and sanitize the user input, and use safe methods for executing the commands. In PHP, it is possible to use `escapeshellcmd(...)` and `escapeshellarg(...)` to correctly sanitize input that is used respectively as system commands or command arguments.",CRITICAL,php.lang.security.tainted-command-injection.tainted-command-injection
../../CrossVul/CWE-79/php/good_703_4,17,1,Executing non-constant commands. This can lead to command injection. You should use `escapeshellarg()` when using command.,ERROR,php.lang.security.tainted-exec.tainted-exec
../../CrossVul/CWE-79/php/good_703_2,182,7,`Printing user input risks cross-site scripting vulnerability. You should use `htmlentities()` when showing data to users.,ERROR,php.lang.security.injection.printed-request.printed-request
../../CrossVul/CWE-79/php/good_703_2,272,2,`Printing user input risks cross-site scripting vulnerability. You should use `htmlentities()` when showing data to users.,ERROR,php.lang.security.injection.printed-request.printed-request
../../CrossVul/CWE-79/php/good_703_8,50,19,`Printing user input risks cross-site scripting vulnerability. You should use `htmlentities()` when showing data to users.,ERROR,php.lang.security.injection.printed-request.printed-request
../../CrossVul/CWE-79/php/good_703_8,109,97,`Printing user input risks cross-site scripting vulnerability. You should use `htmlentities()` when showing data to users.,ERROR,php.lang.security.injection.printed-request.printed-request
../../CrossVul/CWE-79/php/good_704_1,219,46,"Untrusted input could be used to tamper with a web page rendering, which can lead to a Cross-site scripting (XSS) vulnerability. XSS vulnerabilities occur when untrusted input executes malicious JavaScript code, leading to issues such as account compromise and sensitive information leakage. To prevent this vulnerability, validate the user input, perform contextual output encoding or sanitize the input. In PHP you can encode or sanitize user input with `htmlspecialchars` or use automatic context-aware escaping with a template engine such as Latte.",ERROR,php.lang.security.tainted-user-input-in-php-script.tainted-user-input-in-php-script
../../CrossVul/CWE-79/php/good_704_3,356,1,`Echo`ing user input risks cross-site scripting vulnerability. You should use `htmlentities()` when showing data to users.,ERROR,php.lang.security.injection.echoed-request.echoed-request
../../CrossVul/CWE-79/php/good_704_3,356,1,"Found direct access to a PHP variable wihout HTML escaping inside an inline PHP statement setting data from `$_REQUEST[...]`. When untrusted input can be used to tamper with a web page rendering, it can lead to a Cross-site scripting (XSS) vulnerability. XSS vulnerabilities occur when untrusted input executes malicious JavaScript code, leading to issues such as account compromise and sensitive information leakage. To prevent this vulnerability, validate the user input, perform contextual output encoding or sanitize the input. In PHP you can encode or sanitize user input with `htmlspecialchars` or use automatic context-aware escaping with a template engine such as Latte.",WARNING,php.lang.security.taint-unsafe-echo-tag.taint-unsafe-echo-tag
../../CrossVul/CWE-79/php/good_704_3,426,1,`Echo`ing user input risks cross-site scripting vulnerability. You should use `htmlentities()` when showing data to users.,ERROR,php.lang.security.injection.echoed-request.echoed-request
../../CrossVul/CWE-79/php/good_704_3,426,1,"Found direct access to a PHP variable wihout HTML escaping inside an inline PHP statement setting data from `$_REQUEST[...]`. When untrusted input can be used to tamper with a web page rendering, it can lead to a Cross-site scripting (XSS) vulnerability. XSS vulnerabilities occur when untrusted input executes malicious JavaScript code, leading to issues such as account compromise and sensitive information leakage. To prevent this vulnerability, validate the user input, perform contextual output encoding or sanitize the input. In PHP you can encode or sanitize user input with `htmlspecialchars` or use automatic context-aware escaping with a template engine such as Latte.",WARNING,php.lang.security.taint-unsafe-echo-tag.taint-unsafe-echo-tag
../../CrossVul/CWE-79/php/good_785_0,1440,2,`Echo`ing user input risks cross-site scripting vulnerability. You should use `htmlentities()` when showing data to users.,ERROR,php.lang.security.injection.echoed-request.echoed-request
../../CrossVul/CWE-79/php/good_785_0,1440,2,"Found direct access to a PHP variable wihout HTML escaping inside an inline PHP statement setting data from `$_REQUEST[...]`. When untrusted input can be used to tamper with a web page rendering, it can lead to a Cross-site scripting (XSS) vulnerability. XSS vulnerabilities occur when untrusted input executes malicious JavaScript code, leading to issues such as account compromise and sensitive information leakage. To prevent this vulnerability, validate the user input, perform contextual output encoding or sanitize the input. In PHP you can encode or sanitize user input with `htmlspecialchars` or use automatic context-aware escaping with a template engine such as Latte.",WARNING,php.lang.security.taint-unsafe-echo-tag.taint-unsafe-echo-tag
../../CrossVul/CWE-79/php/good_785_0,1443,2,`Echo`ing user input risks cross-site scripting vulnerability. You should use `htmlentities()` when showing data to users.,ERROR,php.lang.security.injection.echoed-request.echoed-request
../../CrossVul/CWE-79/php/good_785_0,1443,2,"Found direct access to a PHP variable wihout HTML escaping inside an inline PHP statement setting data from `$_REQUEST[...]`. When untrusted input can be used to tamper with a web page rendering, it can lead to a Cross-site scripting (XSS) vulnerability. XSS vulnerabilities occur when untrusted input executes malicious JavaScript code, leading to issues such as account compromise and sensitive information leakage. To prevent this vulnerability, validate the user input, perform contextual output encoding or sanitize the input. In PHP you can encode or sanitize user input with `htmlspecialchars` or use automatic context-aware escaping with a template engine such as Latte.",WARNING,php.lang.security.taint-unsafe-echo-tag.taint-unsafe-echo-tag
../../CrossVul/CWE-79/php/good_785_0,1444,2,`Echo`ing user input risks cross-site scripting vulnerability. You should use `htmlentities()` when showing data to users.,ERROR,php.lang.security.injection.echoed-request.echoed-request
../../CrossVul/CWE-79/php/good_785_0,1444,2,"Found direct access to a PHP variable wihout HTML escaping inside an inline PHP statement setting data from `$_REQUEST[...]`. When untrusted input can be used to tamper with a web page rendering, it can lead to a Cross-site scripting (XSS) vulnerability. XSS vulnerabilities occur when untrusted input executes malicious JavaScript code, leading to issues such as account compromise and sensitive information leakage. To prevent this vulnerability, validate the user input, perform contextual output encoding or sanitize the input. In PHP you can encode or sanitize user input with `htmlspecialchars` or use automatic context-aware escaping with a template engine such as Latte.",WARNING,php.lang.security.taint-unsafe-echo-tag.taint-unsafe-echo-tag
../../CrossVul/CWE-79/php/good_704_0,1739,25,"User data flows into this manually-constructed SQL string. User data can be safely inserted into SQL strings using prepared statements or an object-relational mapper (ORM). Manually-constructed SQL strings is a possible indicator of SQL injection, which could let an attacker steal or manipulate data from the database. Instead, use prepared statements (`$mysqli->prepare(""INSERT INTO test(id, label) VALUES (?, ?)"");`) or a safe library.",ERROR,php.lang.security.injection.tainted-sql-string.tainted-sql-string
../../CrossVul/CWE-79/php/good_807_0,115,3,`Echo`ing user input risks cross-site scripting vulnerability. You should use `htmlentities()` when showing data to users.,ERROR,php.lang.security.injection.echoed-request.echoed-request
../../CrossVul/CWE-79/php/good_807_0,115,3,"Found direct access to a PHP variable wihout HTML escaping inside an inline PHP statement setting data from `$_REQUEST[...]`. When untrusted input can be used to tamper with a web page rendering, it can lead to a Cross-site scripting (XSS) vulnerability. XSS vulnerabilities occur when untrusted input executes malicious JavaScript code, leading to issues such as account compromise and sensitive information leakage. To prevent this vulnerability, validate the user input, perform contextual output encoding or sanitize the input. In PHP you can encode or sanitize user input with `htmlspecialchars` or use automatic context-aware escaping with a template engine such as Latte.",WARNING,php.lang.security.taint-unsafe-echo-tag.taint-unsafe-echo-tag
../../CrossVul/CWE-79/php/good_807_0,131,2,`Echo`ing user input risks cross-site scripting vulnerability. You should use `htmlentities()` when showing data to users.,ERROR,php.lang.security.injection.echoed-request.echoed-request
../../CrossVul/CWE-79/php/good_807_0,131,2,"Found direct access to a PHP variable wihout HTML escaping inside an inline PHP statement setting data from `$_REQUEST[...]`. When untrusted input can be used to tamper with a web page rendering, it can lead to a Cross-site scripting (XSS) vulnerability. XSS vulnerabilities occur when untrusted input executes malicious JavaScript code, leading to issues such as account compromise and sensitive information leakage. To prevent this vulnerability, validate the user input, perform contextual output encoding or sanitize the input. In PHP you can encode or sanitize user input with `htmlspecialchars` or use automatic context-aware escaping with a template engine such as Latte.",WARNING,php.lang.security.taint-unsafe-echo-tag.taint-unsafe-echo-tag
../../CrossVul/CWE-79/php/good_807_0,431,2,`Echo`ing user input risks cross-site scripting vulnerability. You should use `htmlentities()` when showing data to users.,ERROR,php.lang.security.injection.echoed-request.echoed-request
../../CrossVul/CWE-79/php/good_807_0,431,2,"Found direct access to a PHP variable wihout HTML escaping inside an inline PHP statement setting data from `$_REQUEST[...]`. When untrusted input can be used to tamper with a web page rendering, it can lead to a Cross-site scripting (XSS) vulnerability. XSS vulnerabilities occur when untrusted input executes malicious JavaScript code, leading to issues such as account compromise and sensitive information leakage. To prevent this vulnerability, validate the user input, perform contextual output encoding or sanitize the input. In PHP you can encode or sanitize user input with `htmlspecialchars` or use automatic context-aware escaping with a template engine such as Latte.",WARNING,php.lang.security.taint-unsafe-echo-tag.taint-unsafe-echo-tag
../../CrossVul/CWE-79/php/good_808_0,192,24,File name based on user input risks server-side request forgery.,WARNING,php.lang.security.injection.tainted-filename.tainted-filename
../../CrossVul/CWE-79/php/good_871_3,39,2,`Echo`ing user input risks cross-site scripting vulnerability. You should use `htmlentities()` when showing data to users.,ERROR,php.lang.security.injection.echoed-request.echoed-request
../../CrossVul/CWE-79/php/good_871_3,39,2,"Found direct access to a PHP variable wihout HTML escaping inside an inline PHP statement setting data from `$_REQUEST[...]`. When untrusted input can be used to tamper with a web page rendering, it can lead to a Cross-site scripting (XSS) vulnerability. XSS vulnerabilities occur when untrusted input executes malicious JavaScript code, leading to issues such as account compromise and sensitive information leakage. To prevent this vulnerability, validate the user input, perform contextual output encoding or sanitize the input. In PHP you can encode or sanitize user input with `htmlspecialchars` or use automatic context-aware escaping with a template engine such as Latte.",WARNING,php.lang.security.taint-unsafe-echo-tag.taint-unsafe-echo-tag
../../CrossVul/CWE-79/php/good_871_3,59,2,`Echo`ing user input risks cross-site scripting vulnerability. You should use `htmlentities()` when showing data to users.,ERROR,php.lang.security.injection.echoed-request.echoed-request
../../CrossVul/CWE-79/php/good_871_3,59,2,"Found direct access to a PHP variable wihout HTML escaping inside an inline PHP statement setting data from `$_REQUEST[...]`. When untrusted input can be used to tamper with a web page rendering, it can lead to a Cross-site scripting (XSS) vulnerability. XSS vulnerabilities occur when untrusted input executes malicious JavaScript code, leading to issues such as account compromise and sensitive information leakage. To prevent this vulnerability, validate the user input, perform contextual output encoding or sanitize the input. In PHP you can encode or sanitize user input with `htmlspecialchars` or use automatic context-aware escaping with a template engine such as Latte.",WARNING,php.lang.security.taint-unsafe-echo-tag.taint-unsafe-echo-tag
../../CrossVul/CWE-79/php/good_871_3,67,2,`Echo`ing user input risks cross-site scripting vulnerability. You should use `htmlentities()` when showing data to users.,ERROR,php.lang.security.injection.echoed-request.echoed-request
../../CrossVul/CWE-79/php/good_871_3,67,2,"Found direct access to a PHP variable wihout HTML escaping inside an inline PHP statement setting data from `$_REQUEST[...]`. When untrusted input can be used to tamper with a web page rendering, it can lead to a Cross-site scripting (XSS) vulnerability. XSS vulnerabilities occur when untrusted input executes malicious JavaScript code, leading to issues such as account compromise and sensitive information leakage. To prevent this vulnerability, validate the user input, perform contextual output encoding or sanitize the input. In PHP you can encode or sanitize user input with `htmlspecialchars` or use automatic context-aware escaping with a template engine such as Latte.",WARNING,php.lang.security.taint-unsafe-echo-tag.taint-unsafe-echo-tag
../../CrossVul/CWE-79/php/good_879_1,46,15,"Untrusted input might be injected into a command executed by the application, which can lead to a command injection vulnerability. An attacker can execute arbitrary commands, potentially gaining complete control of the system. To prevent this vulnerability, avoid executing OS commands with user input. If this is unavoidable, validate and sanitize the user input, and use safe methods for executing the commands. In PHP, it is possible to use `escapeshellcmd(...)` and `escapeshellarg(...)` to correctly sanitize input that is used respectively as system commands or command arguments.",CRITICAL,php.lang.security.tainted-command-injection.tainted-command-injection
../../CrossVul/CWE-79/php/good_82_0,2013,32,"User data flows into this manually-constructed SQL string. User data can be safely inserted into SQL strings using prepared statements or an object-relational mapper (ORM). Manually-constructed SQL strings is a possible indicator of SQL injection, which could let an attacker steal or manipulate data from the database. Instead, use prepared statements (`$mysqli->prepare(""INSERT INTO test(id, label) VALUES (?, ?)"");`) or a safe library.",ERROR,php.lang.security.injection.tainted-sql-string.tainted-sql-string
../../CrossVul/CWE-79/php/good_82_0,2031,3,"User data flows into this manually-constructed SQL string. User data can be safely inserted into SQL strings using prepared statements or an object-relational mapper (ORM). Manually-constructed SQL strings is a possible indicator of SQL injection, which could let an attacker steal or manipulate data from the database. Instead, use prepared statements (`$mysqli->prepare(""INSERT INTO test(id, label) VALUES (?, ?)"");`) or a safe library.",ERROR,php.lang.security.injection.tainted-sql-string.tainted-sql-string
../../CrossVul/CWE-79/php/good_82_0,2039,3,"User data flows into this manually-constructed SQL string. User data can be safely inserted into SQL strings using prepared statements or an object-relational mapper (ORM). Manually-constructed SQL strings is a possible indicator of SQL injection, which could let an attacker steal or manipulate data from the database. Instead, use prepared statements (`$mysqli->prepare(""INSERT INTO test(id, label) VALUES (?, ?)"");`) or a safe library.",ERROR,php.lang.security.injection.tainted-sql-string.tainted-sql-string
../../CrossVul/CWE-79/php/good_82_0,2106,3,"User data flows into this manually-constructed SQL string. User data can be safely inserted into SQL strings using prepared statements or an object-relational mapper (ORM). Manually-constructed SQL strings is a possible indicator of SQL injection, which could let an attacker steal or manipulate data from the database. Instead, use prepared statements (`$mysqli->prepare(""INSERT INTO test(id, label) VALUES (?, ?)"");`) or a safe library.",ERROR,php.lang.security.injection.tainted-sql-string.tainted-sql-string
../../CrossVul/CWE-79/php/good_82_0,2178,3,`Echo`ing user input risks cross-site scripting vulnerability. You should use `htmlentities()` when showing data to users.,ERROR,php.lang.security.injection.echoed-request.echoed-request
../../CrossVul/CWE-79/php/good_82_0,2178,3,"Found direct access to a PHP variable wihout HTML escaping inside an inline PHP statement setting data from `$_REQUEST[...]`. When untrusted input can be used to tamper with a web page rendering, it can lead to a Cross-site scripting (XSS) vulnerability. XSS vulnerabilities occur when untrusted input executes malicious JavaScript code, leading to issues such as account compromise and sensitive information leakage. To prevent this vulnerability, validate the user input, perform contextual output encoding or sanitize the input. In PHP you can encode or sanitize user input with `htmlspecialchars` or use automatic context-aware escaping with a template engine such as Latte.",WARNING,php.lang.security.taint-unsafe-echo-tag.taint-unsafe-echo-tag
../../CrossVul/CWE-79/php/good_97_0,30,18,File name based on user input risks server-side request forgery.,WARNING,php.lang.security.injection.tainted-filename.tainted-filename
../../CrossVul/CWE-79/php/good_97_0,31,5,`Echo`ing user input risks cross-site scripting vulnerability. You should use `htmlentities()` when showing data to users.,ERROR,php.lang.security.injection.echoed-request.echoed-request
../../CrossVul/CWE-79/php/good_97_0,31,5,"Found direct access to a PHP variable wihout HTML escaping inside an inline PHP statement setting data from `$_REQUEST[...]`. When untrusted input can be used to tamper with a web page rendering, it can lead to a Cross-site scripting (XSS) vulnerability. XSS vulnerabilities occur when untrusted input executes malicious JavaScript code, leading to issues such as account compromise and sensitive information leakage. To prevent this vulnerability, validate the user input, perform contextual output encoding or sanitize the input. In PHP you can encode or sanitize user input with `htmlspecialchars` or use automatic context-aware escaping with a template engine such as Latte.",WARNING,php.lang.security.taint-unsafe-echo-tag.taint-unsafe-echo-tag
../../CrossVul/CWE-79/php/good_97_0,33,17,File name based on user input risks server-side request forgery.,WARNING,php.lang.security.injection.tainted-filename.tainted-filename
../../CrossVul/CWE-79/php/good_97_0,39,42,File name based on user input risks server-side request forgery.,WARNING,php.lang.security.injection.tainted-filename.tainted-filename
../../CrossVul/CWE-79/php/good_90_0,101,38,"User data flows into this manually-constructed SQL string. User data can be safely inserted into SQL strings using prepared statements or an object-relational mapper (ORM). Manually-constructed SQL strings is a possible indicator of SQL injection, which could let an attacker steal or manipulate data from the database. Instead, use prepared statements (`$mysqli->prepare(""INSERT INTO test(id, label) VALUES (?, ?)"");`) or a safe library.",ERROR,php.lang.security.injection.tainted-sql-string.tainted-sql-string
../../CrossVul/CWE-79/php/good_90_0,129,17,"User data flows into this manually-constructed SQL string. User data can be safely inserted into SQL strings using prepared statements or an object-relational mapper (ORM). Manually-constructed SQL strings is a possible indicator of SQL injection, which could let an attacker steal or manipulate data from the database. Instead, use prepared statements (`$mysqli->prepare(""INSERT INTO test(id, label) VALUES (?, ?)"");`) or a safe library.",ERROR,php.lang.security.injection.tainted-sql-string.tainted-sql-string
../../CrossVul/CWE-79/php/good_90_0,138,17,"User data flows into this manually-constructed SQL string. User data can be safely inserted into SQL strings using prepared statements or an object-relational mapper (ORM). Manually-constructed SQL strings is a possible indicator of SQL injection, which could let an attacker steal or manipulate data from the database. Instead, use prepared statements (`$mysqli->prepare(""INSERT INTO test(id, label) VALUES (?, ?)"");`) or a safe library.",ERROR,php.lang.security.injection.tainted-sql-string.tainted-sql-string
../../CrossVul/CWE-79/php/good_97_1,640,26,File name based on user input risks server-side request forgery.,WARNING,php.lang.security.injection.tainted-filename.tainted-filename
../../CrossVul/CWE-79/php/good_97_1,645,23,File name based on user input risks server-side request forgery.,WARNING,php.lang.security.injection.tainted-filename.tainted-filename
../../CrossVul/CWE-79/php/good_97_1,745,50,`Echo`ing user input risks cross-site scripting vulnerability. You should use `htmlentities()` when showing data to users.,ERROR,php.lang.security.injection.echoed-request.echoed-request
../../CrossVul/CWE-79/php/good_97_1,745,50,"Found direct access to a PHP variable wihout HTML escaping inside an inline PHP statement setting data from `$_REQUEST[...]`. When untrusted input can be used to tamper with a web page rendering, it can lead to a Cross-site scripting (XSS) vulnerability. XSS vulnerabilities occur when untrusted input executes malicious JavaScript code, leading to issues such as account compromise and sensitive information leakage. To prevent this vulnerability, validate the user input, perform contextual output encoding or sanitize the input. In PHP you can encode or sanitize user input with `htmlspecialchars` or use automatic context-aware escaping with a template engine such as Latte.",WARNING,php.lang.security.taint-unsafe-echo-tag.taint-unsafe-echo-tag
../../CrossVul/CWE-79/php/good_97_1,746,55,`Echo`ing user input risks cross-site scripting vulnerability. You should use `htmlentities()` when showing data to users.,ERROR,php.lang.security.injection.echoed-request.echoed-request
../../CrossVul/CWE-79/php/good_97_1,746,55,"Found direct access to a PHP variable wihout HTML escaping inside an inline PHP statement setting data from `$_REQUEST[...]`. When untrusted input can be used to tamper with a web page rendering, it can lead to a Cross-site scripting (XSS) vulnerability. XSS vulnerabilities occur when untrusted input executes malicious JavaScript code, leading to issues such as account compromise and sensitive information leakage. To prevent this vulnerability, validate the user input, perform contextual output encoding or sanitize the input. In PHP you can encode or sanitize user input with `htmlspecialchars` or use automatic context-aware escaping with a template engine such as Latte.",WARNING,php.lang.security.taint-unsafe-echo-tag.taint-unsafe-echo-tag
../../CrossVul/CWE-79/php/good_97_1,747,55,`Echo`ing user input risks cross-site scripting vulnerability. You should use `htmlentities()` when showing data to users.,ERROR,php.lang.security.injection.echoed-request.echoed-request
../../CrossVul/CWE-79/php/good_97_1,747,55,"Found direct access to a PHP variable wihout HTML escaping inside an inline PHP statement setting data from `$_REQUEST[...]`. When untrusted input can be used to tamper with a web page rendering, it can lead to a Cross-site scripting (XSS) vulnerability. XSS vulnerabilities occur when untrusted input executes malicious JavaScript code, leading to issues such as account compromise and sensitive information leakage. To prevent this vulnerability, validate the user input, perform contextual output encoding or sanitize the input. In PHP you can encode or sanitize user input with `htmlspecialchars` or use automatic context-aware escaping with a template engine such as Latte.",WARNING,php.lang.security.taint-unsafe-echo-tag.taint-unsafe-echo-tag
../../CrossVul/CWE-79/php/good_97_1,748,48,`Echo`ing user input risks cross-site scripting vulnerability. You should use `htmlentities()` when showing data to users.,ERROR,php.lang.security.injection.echoed-request.echoed-request
../../CrossVul/CWE-79/php/good_97_1,748,48,"Found direct access to a PHP variable wihout HTML escaping inside an inline PHP statement setting data from `$_REQUEST[...]`. When untrusted input can be used to tamper with a web page rendering, it can lead to a Cross-site scripting (XSS) vulnerability. XSS vulnerabilities occur when untrusted input executes malicious JavaScript code, leading to issues such as account compromise and sensitive information leakage. To prevent this vulnerability, validate the user input, perform contextual output encoding or sanitize the input. In PHP you can encode or sanitize user input with `htmlspecialchars` or use automatic context-aware escaping with a template engine such as Latte.",WARNING,php.lang.security.taint-unsafe-echo-tag.taint-unsafe-echo-tag
../../CrossVul/CWE-79/php/good_97_1,749,48,`Echo`ing user input risks cross-site scripting vulnerability. You should use `htmlentities()` when showing data to users.,ERROR,php.lang.security.injection.echoed-request.echoed-request
../../CrossVul/CWE-79/php/good_97_1,749,48,"Found direct access to a PHP variable wihout HTML escaping inside an inline PHP statement setting data from `$_REQUEST[...]`. When untrusted input can be used to tamper with a web page rendering, it can lead to a Cross-site scripting (XSS) vulnerability. XSS vulnerabilities occur when untrusted input executes malicious JavaScript code, leading to issues such as account compromise and sensitive information leakage. To prevent this vulnerability, validate the user input, perform contextual output encoding or sanitize the input. In PHP you can encode or sanitize user input with `htmlspecialchars` or use automatic context-aware escaping with a template engine such as Latte.",WARNING,php.lang.security.taint-unsafe-echo-tag.taint-unsafe-echo-tag
../../CrossVul/CWE-79/php/good_97_1,750,50,`Echo`ing user input risks cross-site scripting vulnerability. You should use `htmlentities()` when showing data to users.,ERROR,php.lang.security.injection.echoed-request.echoed-request
../../CrossVul/CWE-79/php/good_97_1,750,50,"Found direct access to a PHP variable wihout HTML escaping inside an inline PHP statement setting data from `$_REQUEST[...]`. When untrusted input can be used to tamper with a web page rendering, it can lead to a Cross-site scripting (XSS) vulnerability. XSS vulnerabilities occur when untrusted input executes malicious JavaScript code, leading to issues such as account compromise and sensitive information leakage. To prevent this vulnerability, validate the user input, perform contextual output encoding or sanitize the input. In PHP you can encode or sanitize user input with `htmlspecialchars` or use automatic context-aware escaping with a template engine such as Latte.",WARNING,php.lang.security.taint-unsafe-echo-tag.taint-unsafe-echo-tag
../../CrossVul/CWE-79/php/good_97_3,129,5,`Echo`ing user input risks cross-site scripting vulnerability. You should use `htmlentities()` when showing data to users.,ERROR,php.lang.security.injection.echoed-request.echoed-request
../../CrossVul/CWE-79/php/good_97_3,129,5,"Found direct access to a PHP variable wihout HTML escaping inside an inline PHP statement setting data from `$_REQUEST[...]`. When untrusted input can be used to tamper with a web page rendering, it can lead to a Cross-site scripting (XSS) vulnerability. XSS vulnerabilities occur when untrusted input executes malicious JavaScript code, leading to issues such as account compromise and sensitive information leakage. To prevent this vulnerability, validate the user input, perform contextual output encoding or sanitize the input. In PHP you can encode or sanitize user input with `htmlspecialchars` or use automatic context-aware escaping with a template engine such as Latte.",WARNING,php.lang.security.taint-unsafe-echo-tag.taint-unsafe-echo-tag
../../CrossVul/CWE-79/php/good_97_3,152,82,`Echo`ing user input risks cross-site scripting vulnerability. You should use `htmlentities()` when showing data to users.,ERROR,php.lang.security.injection.echoed-request.echoed-request
../../CrossVul/CWE-79/php/good_97_3,152,82,"Found direct access to a PHP variable wihout HTML escaping inside an inline PHP statement setting data from `$_REQUEST[...]`. When untrusted input can be used to tamper with a web page rendering, it can lead to a Cross-site scripting (XSS) vulnerability. XSS vulnerabilities occur when untrusted input executes malicious JavaScript code, leading to issues such as account compromise and sensitive information leakage. To prevent this vulnerability, validate the user input, perform contextual output encoding or sanitize the input. In PHP you can encode or sanitize user input with `htmlspecialchars` or use automatic context-aware escaping with a template engine such as Latte.",WARNING,php.lang.security.taint-unsafe-echo-tag.taint-unsafe-echo-tag
../../CrossVul/CWE-79/php/good_97_3,173,18,"User data flows into this manually-constructed SQL string. User data can be safely inserted into SQL strings using prepared statements or an object-relational mapper (ORM). Manually-constructed SQL strings is a possible indicator of SQL injection, which could let an attacker steal or manipulate data from the database. Instead, use prepared statements (`$mysqli->prepare(""INSERT INTO test(id, label) VALUES (?, ?)"");`) or a safe library.",ERROR,php.lang.security.injection.tainted-sql-string.tainted-sql-string
../../CrossVul/CWE-79/php/good_97_3,187,79,`Echo`ing user input risks cross-site scripting vulnerability. You should use `htmlentities()` when showing data to users.,ERROR,php.lang.security.injection.echoed-request.echoed-request
../../CrossVul/CWE-79/php/good_97_3,187,79,"Found direct access to a PHP variable wihout HTML escaping inside an inline PHP statement setting data from `$_REQUEST[...]`. When untrusted input can be used to tamper with a web page rendering, it can lead to a Cross-site scripting (XSS) vulnerability. XSS vulnerabilities occur when untrusted input executes malicious JavaScript code, leading to issues such as account compromise and sensitive information leakage. To prevent this vulnerability, validate the user input, perform contextual output encoding or sanitize the input. In PHP you can encode or sanitize user input with `htmlspecialchars` or use automatic context-aware escaping with a template engine such as Latte.",WARNING,php.lang.security.taint-unsafe-echo-tag.taint-unsafe-echo-tag
../../CrossVul/CWE-79/php/good_97_3,187,103,`Echo`ing user input risks cross-site scripting vulnerability. You should use `htmlentities()` when showing data to users.,ERROR,php.lang.security.injection.echoed-request.echoed-request
../../CrossVul/CWE-79/php/good_97_3,187,103,"Found direct access to a PHP variable wihout HTML escaping inside an inline PHP statement setting data from `$_REQUEST[...]`. When untrusted input can be used to tamper with a web page rendering, it can lead to a Cross-site scripting (XSS) vulnerability. XSS vulnerabilities occur when untrusted input executes malicious JavaScript code, leading to issues such as account compromise and sensitive information leakage. To prevent this vulnerability, validate the user input, perform contextual output encoding or sanitize the input. In PHP you can encode or sanitize user input with `htmlspecialchars` or use automatic context-aware escaping with a template engine such as Latte.",WARNING,php.lang.security.taint-unsafe-echo-tag.taint-unsafe-echo-tag
../../CrossVul/CWE-79/php/good_97_3,190,18,"User data flows into this manually-constructed SQL string. User data can be safely inserted into SQL strings using prepared statements or an object-relational mapper (ORM). Manually-constructed SQL strings is a possible indicator of SQL injection, which could let an attacker steal or manipulate data from the database. Instead, use prepared statements (`$mysqli->prepare(""INSERT INTO test(id, label) VALUES (?, ?)"");`) or a safe library.",ERROR,php.lang.security.injection.tainted-sql-string.tainted-sql-string
../../CrossVul/CWE-79/php/good_97_3,208,22,"User data flows into this manually-constructed SQL string. User data can be safely inserted into SQL strings using prepared statements or an object-relational mapper (ORM). Manually-constructed SQL strings is a possible indicator of SQL injection, which could let an attacker steal or manipulate data from the database. Instead, use prepared statements (`$mysqli->prepare(""INSERT INTO test(id, label) VALUES (?, ?)"");`) or a safe library.",ERROR,php.lang.security.injection.tainted-sql-string.tainted-sql-string
../../CrossVul/CWE-79/php/good_97_3,220,67,`Echo`ing user input risks cross-site scripting vulnerability. You should use `htmlentities()` when showing data to users.,ERROR,php.lang.security.injection.echoed-request.echoed-request
../../CrossVul/CWE-79/php/good_97_3,220,67,"Found direct access to a PHP variable wihout HTML escaping inside an inline PHP statement setting data from `$_REQUEST[...]`. When untrusted input can be used to tamper with a web page rendering, it can lead to a Cross-site scripting (XSS) vulnerability. XSS vulnerabilities occur when untrusted input executes malicious JavaScript code, leading to issues such as account compromise and sensitive information leakage. To prevent this vulnerability, validate the user input, perform contextual output encoding or sanitize the input. In PHP you can encode or sanitize user input with `htmlspecialchars` or use automatic context-aware escaping with a template engine such as Latte.",WARNING,php.lang.security.taint-unsafe-echo-tag.taint-unsafe-echo-tag
../../CrossVul/CWE-79/php/good_97_3,220,129,`Echo`ing user input risks cross-site scripting vulnerability. You should use `htmlentities()` when showing data to users.,ERROR,php.lang.security.injection.echoed-request.echoed-request
../../CrossVul/CWE-79/php/good_97_3,220,129,"Found direct access to a PHP variable wihout HTML escaping inside an inline PHP statement setting data from `$_REQUEST[...]`. When untrusted input can be used to tamper with a web page rendering, it can lead to a Cross-site scripting (XSS) vulnerability. XSS vulnerabilities occur when untrusted input executes malicious JavaScript code, leading to issues such as account compromise and sensitive information leakage. To prevent this vulnerability, validate the user input, perform contextual output encoding or sanitize the input. In PHP you can encode or sanitize user input with `htmlspecialchars` or use automatic context-aware escaping with a template engine such as Latte.",WARNING,php.lang.security.taint-unsafe-echo-tag.taint-unsafe-echo-tag
../../CrossVul/CWE-79/php/good_97_2,638,71,`Echo`ing user input risks cross-site scripting vulnerability. You should use `htmlentities()` when showing data to users.,ERROR,php.lang.security.injection.echoed-request.echoed-request
../../CrossVul/CWE-79/php/good_97_2,638,71,"Found direct access to a PHP variable wihout HTML escaping inside an inline PHP statement setting data from `$_REQUEST[...]`. When untrusted input can be used to tamper with a web page rendering, it can lead to a Cross-site scripting (XSS) vulnerability. XSS vulnerabilities occur when untrusted input executes malicious JavaScript code, leading to issues such as account compromise and sensitive information leakage. To prevent this vulnerability, validate the user input, perform contextual output encoding or sanitize the input. In PHP you can encode or sanitize user input with `htmlspecialchars` or use automatic context-aware escaping with a template engine such as Latte.",WARNING,php.lang.security.taint-unsafe-echo-tag.taint-unsafe-echo-tag
../../CrossVul/CWE-79/php/good_97_2,645,72,`Echo`ing user input risks cross-site scripting vulnerability. You should use `htmlentities()` when showing data to users.,ERROR,php.lang.security.injection.echoed-request.echoed-request
../../CrossVul/CWE-79/php/good_97_2,645,72,"Found direct access to a PHP variable wihout HTML escaping inside an inline PHP statement setting data from `$_REQUEST[...]`. When untrusted input can be used to tamper with a web page rendering, it can lead to a Cross-site scripting (XSS) vulnerability. XSS vulnerabilities occur when untrusted input executes malicious JavaScript code, leading to issues such as account compromise and sensitive information leakage. To prevent this vulnerability, validate the user input, perform contextual output encoding or sanitize the input. In PHP you can encode or sanitize user input with `htmlspecialchars` or use automatic context-aware escaping with a template engine such as Latte.",WARNING,php.lang.security.taint-unsafe-echo-tag.taint-unsafe-echo-tag
../../CrossVul/CWE-79/php/good_97_2,654,77,`Echo`ing user input risks cross-site scripting vulnerability. You should use `htmlentities()` when showing data to users.,ERROR,php.lang.security.injection.echoed-request.echoed-request
../../CrossVul/CWE-79/php/good_97_2,654,77,"Found direct access to a PHP variable wihout HTML escaping inside an inline PHP statement setting data from `$_REQUEST[...]`. When untrusted input can be used to tamper with a web page rendering, it can lead to a Cross-site scripting (XSS) vulnerability. XSS vulnerabilities occur when untrusted input executes malicious JavaScript code, leading to issues such as account compromise and sensitive information leakage. To prevent this vulnerability, validate the user input, perform contextual output encoding or sanitize the input. In PHP you can encode or sanitize user input with `htmlspecialchars` or use automatic context-aware escaping with a template engine such as Latte.",WARNING,php.lang.security.taint-unsafe-echo-tag.taint-unsafe-echo-tag
../../CrossVul/CWE-79/php/good_97_2,663,71,`Echo`ing user input risks cross-site scripting vulnerability. You should use `htmlentities()` when showing data to users.,ERROR,php.lang.security.injection.echoed-request.echoed-request
../../CrossVul/CWE-79/php/good_97_2,663,71,"Found direct access to a PHP variable wihout HTML escaping inside an inline PHP statement setting data from `$_REQUEST[...]`. When untrusted input can be used to tamper with a web page rendering, it can lead to a Cross-site scripting (XSS) vulnerability. XSS vulnerabilities occur when untrusted input executes malicious JavaScript code, leading to issues such as account compromise and sensitive information leakage. To prevent this vulnerability, validate the user input, perform contextual output encoding or sanitize the input. In PHP you can encode or sanitize user input with `htmlspecialchars` or use automatic context-aware escaping with a template engine such as Latte.",WARNING,php.lang.security.taint-unsafe-echo-tag.taint-unsafe-echo-tag
../../CrossVul/CWE-79/php/good_97_2,680,67,`Echo`ing user input risks cross-site scripting vulnerability. You should use `htmlentities()` when showing data to users.,ERROR,php.lang.security.injection.echoed-request.echoed-request
../../CrossVul/CWE-79/php/good_97_2,680,67,"Found direct access to a PHP variable wihout HTML escaping inside an inline PHP statement setting data from `$_REQUEST[...]`. When untrusted input can be used to tamper with a web page rendering, it can lead to a Cross-site scripting (XSS) vulnerability. XSS vulnerabilities occur when untrusted input executes malicious JavaScript code, leading to issues such as account compromise and sensitive information leakage. To prevent this vulnerability, validate the user input, perform contextual output encoding or sanitize the input. In PHP you can encode or sanitize user input with `htmlspecialchars` or use automatic context-aware escaping with a template engine such as Latte.",WARNING,php.lang.security.taint-unsafe-echo-tag.taint-unsafe-echo-tag
../../CrossVul/CWE-79/php/good_97_2,687,66,`Echo`ing user input risks cross-site scripting vulnerability. You should use `htmlentities()` when showing data to users.,ERROR,php.lang.security.injection.echoed-request.echoed-request
../../CrossVul/CWE-79/php/good_97_2,687,66,"Found direct access to a PHP variable wihout HTML escaping inside an inline PHP statement setting data from `$_REQUEST[...]`. When untrusted input can be used to tamper with a web page rendering, it can lead to a Cross-site scripting (XSS) vulnerability. XSS vulnerabilities occur when untrusted input executes malicious JavaScript code, leading to issues such as account compromise and sensitive information leakage. To prevent this vulnerability, validate the user input, perform contextual output encoding or sanitize the input. In PHP you can encode or sanitize user input with `htmlspecialchars` or use automatic context-aware escaping with a template engine such as Latte.",WARNING,php.lang.security.taint-unsafe-echo-tag.taint-unsafe-echo-tag
../../CrossVul/CWE-79/php/good_97_2,694,72,`Echo`ing user input risks cross-site scripting vulnerability. You should use `htmlentities()` when showing data to users.,ERROR,php.lang.security.injection.echoed-request.echoed-request
../../CrossVul/CWE-79/php/good_97_2,694,72,"Found direct access to a PHP variable wihout HTML escaping inside an inline PHP statement setting data from `$_REQUEST[...]`. When untrusted input can be used to tamper with a web page rendering, it can lead to a Cross-site scripting (XSS) vulnerability. XSS vulnerabilities occur when untrusted input executes malicious JavaScript code, leading to issues such as account compromise and sensitive information leakage. To prevent this vulnerability, validate the user input, perform contextual output encoding or sanitize the input. In PHP you can encode or sanitize user input with `htmlspecialchars` or use automatic context-aware escaping with a template engine such as Latte.",WARNING,php.lang.security.taint-unsafe-echo-tag.taint-unsafe-echo-tag
../../CrossVul/CWE-79/php/good_97_2,701,67,`Echo`ing user input risks cross-site scripting vulnerability. You should use `htmlentities()` when showing data to users.,ERROR,php.lang.security.injection.echoed-request.echoed-request
../../CrossVul/CWE-79/php/good_97_2,701,67,"Found direct access to a PHP variable wihout HTML escaping inside an inline PHP statement setting data from `$_REQUEST[...]`. When untrusted input can be used to tamper with a web page rendering, it can lead to a Cross-site scripting (XSS) vulnerability. XSS vulnerabilities occur when untrusted input executes malicious JavaScript code, leading to issues such as account compromise and sensitive information leakage. To prevent this vulnerability, validate the user input, perform contextual output encoding or sanitize the input. In PHP you can encode or sanitize user input with `htmlspecialchars` or use automatic context-aware escaping with a template engine such as Latte.",WARNING,php.lang.security.taint-unsafe-echo-tag.taint-unsafe-echo-tag
../../CrossVul/CWE-79/php/good_97_2,708,70,`Echo`ing user input risks cross-site scripting vulnerability. You should use `htmlentities()` when showing data to users.,ERROR,php.lang.security.injection.echoed-request.echoed-request
../../CrossVul/CWE-79/php/good_97_2,708,70,"Found direct access to a PHP variable wihout HTML escaping inside an inline PHP statement setting data from `$_REQUEST[...]`. When untrusted input can be used to tamper with a web page rendering, it can lead to a Cross-site scripting (XSS) vulnerability. XSS vulnerabilities occur when untrusted input executes malicious JavaScript code, leading to issues such as account compromise and sensitive information leakage. To prevent this vulnerability, validate the user input, perform contextual output encoding or sanitize the input. In PHP you can encode or sanitize user input with `htmlspecialchars` or use automatic context-aware escaping with a template engine such as Latte.",WARNING,php.lang.security.taint-unsafe-echo-tag.taint-unsafe-echo-tag
../../CrossVul/CWE-79/php/good_97_2,773,13,"Untrusted input might be injected into a command executed by the application, which can lead to a command injection vulnerability. An attacker can execute arbitrary commands, potentially gaining complete control of the system. To prevent this vulnerability, avoid executing OS commands with user input. If this is unavoidable, validate and sanitize the user input, and use safe methods for executing the commands. In PHP, it is possible to use `escapeshellcmd(...)` and `escapeshellarg(...)` to correctly sanitize input that is used respectively as system commands or command arguments.",CRITICAL,php.lang.security.tainted-command-injection.tainted-command-injection
../../CrossVul/CWE-79/php/good_97_2,861,14,"User data flows into this manually-constructed SQL string. User data can be safely inserted into SQL strings using prepared statements or an object-relational mapper (ORM). Manually-constructed SQL strings is a possible indicator of SQL injection, which could let an attacker steal or manipulate data from the database. Instead, use prepared statements (`$mysqli->prepare(""INSERT INTO test(id, label) VALUES (?, ?)"");`) or a safe library.",ERROR,php.lang.security.injection.tainted-sql-string.tainted-sql-string
../../CrossVul/CWE-79/php/good_97_2,1002,49,`Echo`ing user input risks cross-site scripting vulnerability. You should use `htmlentities()` when showing data to users.,ERROR,php.lang.security.injection.echoed-request.echoed-request
../../CrossVul/CWE-79/php/good_97_2,1002,49,"Found direct access to a PHP variable wihout HTML escaping inside an inline PHP statement setting data from `$_REQUEST[...]`. When untrusted input can be used to tamper with a web page rendering, it can lead to a Cross-site scripting (XSS) vulnerability. XSS vulnerabilities occur when untrusted input executes malicious JavaScript code, leading to issues such as account compromise and sensitive information leakage. To prevent this vulnerability, validate the user input, perform contextual output encoding or sanitize the input. In PHP you can encode or sanitize user input with `htmlspecialchars` or use automatic context-aware escaping with a template engine such as Latte.",WARNING,php.lang.security.taint-unsafe-echo-tag.taint-unsafe-echo-tag
../../CrossVul/CWE-79/php/good_97_2,1002,77,`Echo`ing user input risks cross-site scripting vulnerability. You should use `htmlentities()` when showing data to users.,ERROR,php.lang.security.injection.echoed-request.echoed-request
../../CrossVul/CWE-79/php/good_97_2,1002,77,"Found direct access to a PHP variable wihout HTML escaping inside an inline PHP statement setting data from `$_REQUEST[...]`. When untrusted input can be used to tamper with a web page rendering, it can lead to a Cross-site scripting (XSS) vulnerability. XSS vulnerabilities occur when untrusted input executes malicious JavaScript code, leading to issues such as account compromise and sensitive information leakage. To prevent this vulnerability, validate the user input, perform contextual output encoding or sanitize the input. In PHP you can encode or sanitize user input with `htmlspecialchars` or use automatic context-aware escaping with a template engine such as Latte.",WARNING,php.lang.security.taint-unsafe-echo-tag.taint-unsafe-echo-tag
../../CrossVul/CWE-79/php/good_97_2,1005,52,`Echo`ing user input risks cross-site scripting vulnerability. You should use `htmlentities()` when showing data to users.,ERROR,php.lang.security.injection.echoed-request.echoed-request
../../CrossVul/CWE-79/php/good_97_2,1005,52,"Found direct access to a PHP variable wihout HTML escaping inside an inline PHP statement setting data from `$_REQUEST[...]`. When untrusted input can be used to tamper with a web page rendering, it can lead to a Cross-site scripting (XSS) vulnerability. XSS vulnerabilities occur when untrusted input executes malicious JavaScript code, leading to issues such as account compromise and sensitive information leakage. To prevent this vulnerability, validate the user input, perform contextual output encoding or sanitize the input. In PHP you can encode or sanitize user input with `htmlspecialchars` or use automatic context-aware escaping with a template engine such as Latte.",WARNING,php.lang.security.taint-unsafe-echo-tag.taint-unsafe-echo-tag
../../CrossVul/CWE-79/php/good_97_2,1006,13,`Echo`ing user input risks cross-site scripting vulnerability. You should use `htmlentities()` when showing data to users.,ERROR,php.lang.security.injection.echoed-request.echoed-request
../../CrossVul/CWE-79/php/good_97_2,1006,13,"Found direct access to a PHP variable wihout HTML escaping inside an inline PHP statement setting data from `$_REQUEST[...]`. When untrusted input can be used to tamper with a web page rendering, it can lead to a Cross-site scripting (XSS) vulnerability. XSS vulnerabilities occur when untrusted input executes malicious JavaScript code, leading to issues such as account compromise and sensitive information leakage. To prevent this vulnerability, validate the user input, perform contextual output encoding or sanitize the input. In PHP you can encode or sanitize user input with `htmlspecialchars` or use automatic context-aware escaping with a template engine such as Latte.",WARNING,php.lang.security.taint-unsafe-echo-tag.taint-unsafe-echo-tag
../../CrossVul/CWE-79/php/good_97_2,1009,49,`Echo`ing user input risks cross-site scripting vulnerability. You should use `htmlentities()` when showing data to users.,ERROR,php.lang.security.injection.echoed-request.echoed-request
../../CrossVul/CWE-79/php/good_97_2,1009,49,"Found direct access to a PHP variable wihout HTML escaping inside an inline PHP statement setting data from `$_REQUEST[...]`. When untrusted input can be used to tamper with a web page rendering, it can lead to a Cross-site scripting (XSS) vulnerability. XSS vulnerabilities occur when untrusted input executes malicious JavaScript code, leading to issues such as account compromise and sensitive information leakage. To prevent this vulnerability, validate the user input, perform contextual output encoding or sanitize the input. In PHP you can encode or sanitize user input with `htmlspecialchars` or use automatic context-aware escaping with a template engine such as Latte.",WARNING,php.lang.security.taint-unsafe-echo-tag.taint-unsafe-echo-tag
../../CrossVul/CWE-79/php/good_97_2,1010,28,`Echo`ing user input risks cross-site scripting vulnerability. You should use `htmlentities()` when showing data to users.,ERROR,php.lang.security.injection.echoed-request.echoed-request
../../CrossVul/CWE-79/php/good_97_2,1010,28,"Found direct access to a PHP variable wihout HTML escaping inside an inline PHP statement setting data from `$_REQUEST[...]`. When untrusted input can be used to tamper with a web page rendering, it can lead to a Cross-site scripting (XSS) vulnerability. XSS vulnerabilities occur when untrusted input executes malicious JavaScript code, leading to issues such as account compromise and sensitive information leakage. To prevent this vulnerability, validate the user input, perform contextual output encoding or sanitize the input. In PHP you can encode or sanitize user input with `htmlspecialchars` or use automatic context-aware escaping with a template engine such as Latte.",WARNING,php.lang.security.taint-unsafe-echo-tag.taint-unsafe-echo-tag
../../CrossVul/CWE-79/php/good_97_2,1013,18,`Echo`ing user input risks cross-site scripting vulnerability. You should use `htmlentities()` when showing data to users.,ERROR,php.lang.security.injection.echoed-request.echoed-request
../../CrossVul/CWE-79/php/good_97_2,1013,18,"Found direct access to a PHP variable wihout HTML escaping inside an inline PHP statement setting data from `$_REQUEST[...]`. When untrusted input can be used to tamper with a web page rendering, it can lead to a Cross-site scripting (XSS) vulnerability. XSS vulnerabilities occur when untrusted input executes malicious JavaScript code, leading to issues such as account compromise and sensitive information leakage. To prevent this vulnerability, validate the user input, perform contextual output encoding or sanitize the input. In PHP you can encode or sanitize user input with `htmlspecialchars` or use automatic context-aware escaping with a template engine such as Latte.",WARNING,php.lang.security.taint-unsafe-echo-tag.taint-unsafe-echo-tag
../../CrossVul/CWE-79/php/good_97_2,1016,18,`Echo`ing user input risks cross-site scripting vulnerability. You should use `htmlentities()` when showing data to users.,ERROR,php.lang.security.injection.echoed-request.echoed-request
../../CrossVul/CWE-79/php/good_97_2,1016,18,"Found direct access to a PHP variable wihout HTML escaping inside an inline PHP statement setting data from `$_REQUEST[...]`. When untrusted input can be used to tamper with a web page rendering, it can lead to a Cross-site scripting (XSS) vulnerability. XSS vulnerabilities occur when untrusted input executes malicious JavaScript code, leading to issues such as account compromise and sensitive information leakage. To prevent this vulnerability, validate the user input, perform contextual output encoding or sanitize the input. In PHP you can encode or sanitize user input with `htmlspecialchars` or use automatic context-aware escaping with a template engine such as Latte.",WARNING,php.lang.security.taint-unsafe-echo-tag.taint-unsafe-echo-tag
../../CrossVul/CWE-79/php/good_97_2,1031,15,`Echo`ing user input risks cross-site scripting vulnerability. You should use `htmlentities()` when showing data to users.,ERROR,php.lang.security.injection.echoed-request.echoed-request
../../CrossVul/CWE-79/php/good_97_2,1031,15,"Found direct access to a PHP variable wihout HTML escaping inside an inline PHP statement setting data from `$_REQUEST[...]`. When untrusted input can be used to tamper with a web page rendering, it can lead to a Cross-site scripting (XSS) vulnerability. XSS vulnerabilities occur when untrusted input executes malicious JavaScript code, leading to issues such as account compromise and sensitive information leakage. To prevent this vulnerability, validate the user input, perform contextual output encoding or sanitize the input. In PHP you can encode or sanitize user input with `htmlspecialchars` or use automatic context-aware escaping with a template engine such as Latte.",WARNING,php.lang.security.taint-unsafe-echo-tag.taint-unsafe-echo-tag
../../CrossVul/CWE-79/php/good_97_2,1035,49,`Echo`ing user input risks cross-site scripting vulnerability. You should use `htmlentities()` when showing data to users.,ERROR,php.lang.security.injection.echoed-request.echoed-request
../../CrossVul/CWE-79/php/good_97_2,1035,49,"Found direct access to a PHP variable wihout HTML escaping inside an inline PHP statement setting data from `$_REQUEST[...]`. When untrusted input can be used to tamper with a web page rendering, it can lead to a Cross-site scripting (XSS) vulnerability. XSS vulnerabilities occur when untrusted input executes malicious JavaScript code, leading to issues such as account compromise and sensitive information leakage. To prevent this vulnerability, validate the user input, perform contextual output encoding or sanitize the input. In PHP you can encode or sanitize user input with `htmlspecialchars` or use automatic context-aware escaping with a template engine such as Latte.",WARNING,php.lang.security.taint-unsafe-echo-tag.taint-unsafe-echo-tag
../../CrossVul/CWE-79/php/good_97_2,1041,13,`Echo`ing user input risks cross-site scripting vulnerability. You should use `htmlentities()` when showing data to users.,ERROR,php.lang.security.injection.echoed-request.echoed-request
../../CrossVul/CWE-79/php/good_97_2,1041,13,"Found direct access to a PHP variable wihout HTML escaping inside an inline PHP statement setting data from `$_REQUEST[...]`. When untrusted input can be used to tamper with a web page rendering, it can lead to a Cross-site scripting (XSS) vulnerability. XSS vulnerabilities occur when untrusted input executes malicious JavaScript code, leading to issues such as account compromise and sensitive information leakage. To prevent this vulnerability, validate the user input, perform contextual output encoding or sanitize the input. In PHP you can encode or sanitize user input with `htmlspecialchars` or use automatic context-aware escaping with a template engine such as Latte.",WARNING,php.lang.security.taint-unsafe-echo-tag.taint-unsafe-echo-tag
