file,line,column,message,severity,rule_id
../../CrossVul/CWE-22/php/bad_1152_0,65,22,File name based on user input risks server-side request forgery.,WARNING,php.lang.security.injection.tainted-filename.tainted-filename
../../CrossVul/CWE-22/php/bad_1152_0,66,15,File name based on user input risks server-side request forgery.,WARNING,php.lang.security.injection.tainted-filename.tainted-filename
../../CrossVul/CWE-22/php/bad_1158_0,91,20,File name based on user input risks server-side request forgery.,WARNING,php.lang.security.injection.tainted-filename.tainted-filename
../../CrossVul/CWE-22/php/bad_1158_0,92,17,File name based on user input risks server-side request forgery.,WARNING,php.lang.security.injection.tainted-filename.tainted-filename
../../CrossVul/CWE-22/php/bad_1158_0,110,40,File name based on user input risks server-side request forgery.,WARNING,php.lang.security.injection.tainted-filename.tainted-filename
../../CrossVul/CWE-22/php/bad_1158_0,242,18,File name based on user input risks server-side request forgery.,WARNING,php.lang.security.injection.tainted-filename.tainted-filename
../../CrossVul/CWE-22/php/bad_1158_0,245,17,File name based on user input risks server-side request forgery.,WARNING,php.lang.security.injection.tainted-filename.tainted-filename
../../CrossVul/CWE-22/php/bad_1158_0,293,15,File name based on user input risks server-side request forgery.,WARNING,php.lang.security.injection.tainted-filename.tainted-filename
../../CrossVul/CWE-22/php/bad_2928_0,125,45,`Echo`ing user input risks cross-site scripting vulnerability. You should use `htmlentities()` when showing data to users.,ERROR,php.lang.security.injection.echoed-request.echoed-request
../../CrossVul/CWE-22/php/bad_2928_0,125,45,"Found direct access to a PHP variable wihout HTML escaping inside an inline PHP statement setting data from `$_REQUEST[...]`. When untrusted input can be used to tamper with a web page rendering, it can lead to a Cross-site scripting (XSS) vulnerability. XSS vulnerabilities occur when untrusted input executes malicious JavaScript code, leading to issues such as account compromise and sensitive information leakage. To prevent this vulnerability, validate the user input, perform contextual output encoding or sanitize the input. In PHP you can encode or sanitize user input with `htmlspecialchars` or use automatic context-aware escaping with a template engine such as Latte.",WARNING,php.lang.security.taint-unsafe-echo-tag.taint-unsafe-echo-tag
../../CrossVul/CWE-22/php/bad_2928_0,153,98,`Echo`ing user input risks cross-site scripting vulnerability. You should use `htmlentities()` when showing data to users.,ERROR,php.lang.security.injection.echoed-request.echoed-request
../../CrossVul/CWE-22/php/bad_2928_0,153,98,"Found direct access to a PHP variable wihout HTML escaping inside an inline PHP statement setting data from `$_REQUEST[...]`. When untrusted input can be used to tamper with a web page rendering, it can lead to a Cross-site scripting (XSS) vulnerability. XSS vulnerabilities occur when untrusted input executes malicious JavaScript code, leading to issues such as account compromise and sensitive information leakage. To prevent this vulnerability, validate the user input, perform contextual output encoding or sanitize the input. In PHP you can encode or sanitize user input with `htmlspecialchars` or use automatic context-aware escaping with a template engine such as Latte.",WARNING,php.lang.security.taint-unsafe-echo-tag.taint-unsafe-echo-tag
../../CrossVul/CWE-22/php/bad_2928_0,153,178,`Echo`ing user input risks cross-site scripting vulnerability. You should use `htmlentities()` when showing data to users.,ERROR,php.lang.security.injection.echoed-request.echoed-request
../../CrossVul/CWE-22/php/bad_2928_0,153,178,"Found direct access to a PHP variable wihout HTML escaping inside an inline PHP statement setting data from `$_REQUEST[...]`. When untrusted input can be used to tamper with a web page rendering, it can lead to a Cross-site scripting (XSS) vulnerability. XSS vulnerabilities occur when untrusted input executes malicious JavaScript code, leading to issues such as account compromise and sensitive information leakage. To prevent this vulnerability, validate the user input, perform contextual output encoding or sanitize the input. In PHP you can encode or sanitize user input with `htmlspecialchars` or use automatic context-aware escaping with a template engine such as Latte.",WARNING,php.lang.security.taint-unsafe-echo-tag.taint-unsafe-echo-tag
../../CrossVul/CWE-22/php/bad_2928_0,154,41,`Echo`ing user input risks cross-site scripting vulnerability. You should use `htmlentities()` when showing data to users.,ERROR,php.lang.security.injection.echoed-request.echoed-request
../../CrossVul/CWE-22/php/bad_2928_0,154,41,"Found direct access to a PHP variable wihout HTML escaping inside an inline PHP statement setting data from `$_REQUEST[...]`. When untrusted input can be used to tamper with a web page rendering, it can lead to a Cross-site scripting (XSS) vulnerability. XSS vulnerabilities occur when untrusted input executes malicious JavaScript code, leading to issues such as account compromise and sensitive information leakage. To prevent this vulnerability, validate the user input, perform contextual output encoding or sanitize the input. In PHP you can encode or sanitize user input with `htmlspecialchars` or use automatic context-aware escaping with a template engine such as Latte.",WARNING,php.lang.security.taint-unsafe-echo-tag.taint-unsafe-echo-tag
../../CrossVul/CWE-22/php/bad_2928_0,263,94,`Echo`ing user input risks cross-site scripting vulnerability. You should use `htmlentities()` when showing data to users.,ERROR,php.lang.security.injection.echoed-request.echoed-request
../../CrossVul/CWE-22/php/bad_2928_0,263,94,"Found direct access to a PHP variable wihout HTML escaping inside an inline PHP statement setting data from `$_REQUEST[...]`. When untrusted input can be used to tamper with a web page rendering, it can lead to a Cross-site scripting (XSS) vulnerability. XSS vulnerabilities occur when untrusted input executes malicious JavaScript code, leading to issues such as account compromise and sensitive information leakage. To prevent this vulnerability, validate the user input, perform contextual output encoding or sanitize the input. In PHP you can encode or sanitize user input with `htmlspecialchars` or use automatic context-aware escaping with a template engine such as Latte.",WARNING,php.lang.security.taint-unsafe-echo-tag.taint-unsafe-echo-tag
../../CrossVul/CWE-22/php/bad_2928_0,269,94,`Echo`ing user input risks cross-site scripting vulnerability. You should use `htmlentities()` when showing data to users.,ERROR,php.lang.security.injection.echoed-request.echoed-request
../../CrossVul/CWE-22/php/bad_2928_0,269,94,"Found direct access to a PHP variable wihout HTML escaping inside an inline PHP statement setting data from `$_REQUEST[...]`. When untrusted input can be used to tamper with a web page rendering, it can lead to a Cross-site scripting (XSS) vulnerability. XSS vulnerabilities occur when untrusted input executes malicious JavaScript code, leading to issues such as account compromise and sensitive information leakage. To prevent this vulnerability, validate the user input, perform contextual output encoding or sanitize the input. In PHP you can encode or sanitize user input with `htmlspecialchars` or use automatic context-aware escaping with a template engine such as Latte.",WARNING,php.lang.security.taint-unsafe-echo-tag.taint-unsafe-echo-tag
../../CrossVul/CWE-22/php/bad_2928_0,275,98,`Echo`ing user input risks cross-site scripting vulnerability. You should use `htmlentities()` when showing data to users.,ERROR,php.lang.security.injection.echoed-request.echoed-request
../../CrossVul/CWE-22/php/bad_2928_0,275,98,"Found direct access to a PHP variable wihout HTML escaping inside an inline PHP statement setting data from `$_REQUEST[...]`. When untrusted input can be used to tamper with a web page rendering, it can lead to a Cross-site scripting (XSS) vulnerability. XSS vulnerabilities occur when untrusted input executes malicious JavaScript code, leading to issues such as account compromise and sensitive information leakage. To prevent this vulnerability, validate the user input, perform contextual output encoding or sanitize the input. In PHP you can encode or sanitize user input with `htmlspecialchars` or use automatic context-aware escaping with a template engine such as Latte.",WARNING,php.lang.security.taint-unsafe-echo-tag.taint-unsafe-echo-tag
../../CrossVul/CWE-22/php/bad_2928_0,281,94,`Echo`ing user input risks cross-site scripting vulnerability. You should use `htmlentities()` when showing data to users.,ERROR,php.lang.security.injection.echoed-request.echoed-request
../../CrossVul/CWE-22/php/bad_2928_0,281,94,"Found direct access to a PHP variable wihout HTML escaping inside an inline PHP statement setting data from `$_REQUEST[...]`. When untrusted input can be used to tamper with a web page rendering, it can lead to a Cross-site scripting (XSS) vulnerability. XSS vulnerabilities occur when untrusted input executes malicious JavaScript code, leading to issues such as account compromise and sensitive information leakage. To prevent this vulnerability, validate the user input, perform contextual output encoding or sanitize the input. In PHP you can encode or sanitize user input with `htmlspecialchars` or use automatic context-aware escaping with a template engine such as Latte.",WARNING,php.lang.security.taint-unsafe-echo-tag.taint-unsafe-echo-tag
../../CrossVul/CWE-22/php/bad_2928_0,287,98,`Echo`ing user input risks cross-site scripting vulnerability. You should use `htmlentities()` when showing data to users.,ERROR,php.lang.security.injection.echoed-request.echoed-request
../../CrossVul/CWE-22/php/bad_2928_0,287,98,"Found direct access to a PHP variable wihout HTML escaping inside an inline PHP statement setting data from `$_REQUEST[...]`. When untrusted input can be used to tamper with a web page rendering, it can lead to a Cross-site scripting (XSS) vulnerability. XSS vulnerabilities occur when untrusted input executes malicious JavaScript code, leading to issues such as account compromise and sensitive information leakage. To prevent this vulnerability, validate the user input, perform contextual output encoding or sanitize the input. In PHP you can encode or sanitize user input with `htmlspecialchars` or use automatic context-aware escaping with a template engine such as Latte.",WARNING,php.lang.security.taint-unsafe-echo-tag.taint-unsafe-echo-tag
../../CrossVul/CWE-22/php/bad_2928_0,293,94,`Echo`ing user input risks cross-site scripting vulnerability. You should use `htmlentities()` when showing data to users.,ERROR,php.lang.security.injection.echoed-request.echoed-request
../../CrossVul/CWE-22/php/bad_2928_0,293,94,"Found direct access to a PHP variable wihout HTML escaping inside an inline PHP statement setting data from `$_REQUEST[...]`. When untrusted input can be used to tamper with a web page rendering, it can lead to a Cross-site scripting (XSS) vulnerability. XSS vulnerabilities occur when untrusted input executes malicious JavaScript code, leading to issues such as account compromise and sensitive information leakage. To prevent this vulnerability, validate the user input, perform contextual output encoding or sanitize the input. In PHP you can encode or sanitize user input with `htmlspecialchars` or use automatic context-aware escaping with a template engine such as Latte.",WARNING,php.lang.security.taint-unsafe-echo-tag.taint-unsafe-echo-tag
../../CrossVul/CWE-22/php/bad_2928_0,323,59,`Echo`ing user input risks cross-site scripting vulnerability. You should use `htmlentities()` when showing data to users.,ERROR,php.lang.security.injection.echoed-request.echoed-request
../../CrossVul/CWE-22/php/bad_2928_0,323,59,"Found direct access to a PHP variable wihout HTML escaping inside an inline PHP statement setting data from `$_REQUEST[...]`. When untrusted input can be used to tamper with a web page rendering, it can lead to a Cross-site scripting (XSS) vulnerability. XSS vulnerabilities occur when untrusted input executes malicious JavaScript code, leading to issues such as account compromise and sensitive information leakage. To prevent this vulnerability, validate the user input, perform contextual output encoding or sanitize the input. In PHP you can encode or sanitize user input with `htmlspecialchars` or use automatic context-aware escaping with a template engine such as Latte.",WARNING,php.lang.security.taint-unsafe-echo-tag.taint-unsafe-echo-tag
../../CrossVul/CWE-22/php/bad_2928_0,324,59,`Echo`ing user input risks cross-site scripting vulnerability. You should use `htmlentities()` when showing data to users.,ERROR,php.lang.security.injection.echoed-request.echoed-request
../../CrossVul/CWE-22/php/bad_2928_0,324,59,"Found direct access to a PHP variable wihout HTML escaping inside an inline PHP statement setting data from `$_REQUEST[...]`. When untrusted input can be used to tamper with a web page rendering, it can lead to a Cross-site scripting (XSS) vulnerability. XSS vulnerabilities occur when untrusted input executes malicious JavaScript code, leading to issues such as account compromise and sensitive information leakage. To prevent this vulnerability, validate the user input, perform contextual output encoding or sanitize the input. In PHP you can encode or sanitize user input with `htmlspecialchars` or use automatic context-aware escaping with a template engine such as Latte.",WARNING,php.lang.security.taint-unsafe-echo-tag.taint-unsafe-echo-tag
../../CrossVul/CWE-22/php/bad_2928_0,325,59,`Echo`ing user input risks cross-site scripting vulnerability. You should use `htmlentities()` when showing data to users.,ERROR,php.lang.security.injection.echoed-request.echoed-request
../../CrossVul/CWE-22/php/bad_2928_0,325,59,"Found direct access to a PHP variable wihout HTML escaping inside an inline PHP statement setting data from `$_REQUEST[...]`. When untrusted input can be used to tamper with a web page rendering, it can lead to a Cross-site scripting (XSS) vulnerability. XSS vulnerabilities occur when untrusted input executes malicious JavaScript code, leading to issues such as account compromise and sensitive information leakage. To prevent this vulnerability, validate the user input, perform contextual output encoding or sanitize the input. In PHP you can encode or sanitize user input with `htmlspecialchars` or use automatic context-aware escaping with a template engine such as Latte.",WARNING,php.lang.security.taint-unsafe-echo-tag.taint-unsafe-echo-tag
../../CrossVul/CWE-22/php/bad_2928_0,326,59,`Echo`ing user input risks cross-site scripting vulnerability. You should use `htmlentities()` when showing data to users.,ERROR,php.lang.security.injection.echoed-request.echoed-request
../../CrossVul/CWE-22/php/bad_2928_0,326,59,"Found direct access to a PHP variable wihout HTML escaping inside an inline PHP statement setting data from `$_REQUEST[...]`. When untrusted input can be used to tamper with a web page rendering, it can lead to a Cross-site scripting (XSS) vulnerability. XSS vulnerabilities occur when untrusted input executes malicious JavaScript code, leading to issues such as account compromise and sensitive information leakage. To prevent this vulnerability, validate the user input, perform contextual output encoding or sanitize the input. In PHP you can encode or sanitize user input with `htmlspecialchars` or use automatic context-aware escaping with a template engine such as Latte.",WARNING,php.lang.security.taint-unsafe-echo-tag.taint-unsafe-echo-tag
../../CrossVul/CWE-22/php/bad_2928_0,327,59,`Echo`ing user input risks cross-site scripting vulnerability. You should use `htmlentities()` when showing data to users.,ERROR,php.lang.security.injection.echoed-request.echoed-request
../../CrossVul/CWE-22/php/bad_2928_0,327,59,"Found direct access to a PHP variable wihout HTML escaping inside an inline PHP statement setting data from `$_REQUEST[...]`. When untrusted input can be used to tamper with a web page rendering, it can lead to a Cross-site scripting (XSS) vulnerability. XSS vulnerabilities occur when untrusted input executes malicious JavaScript code, leading to issues such as account compromise and sensitive information leakage. To prevent this vulnerability, validate the user input, perform contextual output encoding or sanitize the input. In PHP you can encode or sanitize user input with `htmlspecialchars` or use automatic context-aware escaping with a template engine such as Latte.",WARNING,php.lang.security.taint-unsafe-echo-tag.taint-unsafe-echo-tag
../../CrossVul/CWE-22/php/bad_2928_0,328,61,`Echo`ing user input risks cross-site scripting vulnerability. You should use `htmlentities()` when showing data to users.,ERROR,php.lang.security.injection.echoed-request.echoed-request
../../CrossVul/CWE-22/php/bad_2928_0,328,61,"Found direct access to a PHP variable wihout HTML escaping inside an inline PHP statement setting data from `$_REQUEST[...]`. When untrusted input can be used to tamper with a web page rendering, it can lead to a Cross-site scripting (XSS) vulnerability. XSS vulnerabilities occur when untrusted input executes malicious JavaScript code, leading to issues such as account compromise and sensitive information leakage. To prevent this vulnerability, validate the user input, perform contextual output encoding or sanitize the input. In PHP you can encode or sanitize user input with `htmlspecialchars` or use automatic context-aware escaping with a template engine such as Latte.",WARNING,php.lang.security.taint-unsafe-echo-tag.taint-unsafe-echo-tag
../../CrossVul/CWE-22/php/bad_2928_0,427,59,`Echo`ing user input risks cross-site scripting vulnerability. You should use `htmlentities()` when showing data to users.,ERROR,php.lang.security.injection.echoed-request.echoed-request
../../CrossVul/CWE-22/php/bad_2928_0,427,59,"Found direct access to a PHP variable wihout HTML escaping inside an inline PHP statement setting data from `$_REQUEST[...]`. When untrusted input can be used to tamper with a web page rendering, it can lead to a Cross-site scripting (XSS) vulnerability. XSS vulnerabilities occur when untrusted input executes malicious JavaScript code, leading to issues such as account compromise and sensitive information leakage. To prevent this vulnerability, validate the user input, perform contextual output encoding or sanitize the input. In PHP you can encode or sanitize user input with `htmlspecialchars` or use automatic context-aware escaping with a template engine such as Latte.",WARNING,php.lang.security.taint-unsafe-echo-tag.taint-unsafe-echo-tag
../../CrossVul/CWE-22/php/bad_2928_0,428,59,`Echo`ing user input risks cross-site scripting vulnerability. You should use `htmlentities()` when showing data to users.,ERROR,php.lang.security.injection.echoed-request.echoed-request
../../CrossVul/CWE-22/php/bad_2928_0,428,59,"Found direct access to a PHP variable wihout HTML escaping inside an inline PHP statement setting data from `$_REQUEST[...]`. When untrusted input can be used to tamper with a web page rendering, it can lead to a Cross-site scripting (XSS) vulnerability. XSS vulnerabilities occur when untrusted input executes malicious JavaScript code, leading to issues such as account compromise and sensitive information leakage. To prevent this vulnerability, validate the user input, perform contextual output encoding or sanitize the input. In PHP you can encode or sanitize user input with `htmlspecialchars` or use automatic context-aware escaping with a template engine such as Latte.",WARNING,php.lang.security.taint-unsafe-echo-tag.taint-unsafe-echo-tag
../../CrossVul/CWE-22/php/bad_2928_0,429,59,`Echo`ing user input risks cross-site scripting vulnerability. You should use `htmlentities()` when showing data to users.,ERROR,php.lang.security.injection.echoed-request.echoed-request
../../CrossVul/CWE-22/php/bad_2928_0,429,59,"Found direct access to a PHP variable wihout HTML escaping inside an inline PHP statement setting data from `$_REQUEST[...]`. When untrusted input can be used to tamper with a web page rendering, it can lead to a Cross-site scripting (XSS) vulnerability. XSS vulnerabilities occur when untrusted input executes malicious JavaScript code, leading to issues such as account compromise and sensitive information leakage. To prevent this vulnerability, validate the user input, perform contextual output encoding or sanitize the input. In PHP you can encode or sanitize user input with `htmlspecialchars` or use automatic context-aware escaping with a template engine such as Latte.",WARNING,php.lang.security.taint-unsafe-echo-tag.taint-unsafe-echo-tag
../../CrossVul/CWE-22/php/bad_2928_0,430,59,`Echo`ing user input risks cross-site scripting vulnerability. You should use `htmlentities()` when showing data to users.,ERROR,php.lang.security.injection.echoed-request.echoed-request
../../CrossVul/CWE-22/php/bad_2928_0,430,59,"Found direct access to a PHP variable wihout HTML escaping inside an inline PHP statement setting data from `$_REQUEST[...]`. When untrusted input can be used to tamper with a web page rendering, it can lead to a Cross-site scripting (XSS) vulnerability. XSS vulnerabilities occur when untrusted input executes malicious JavaScript code, leading to issues such as account compromise and sensitive information leakage. To prevent this vulnerability, validate the user input, perform contextual output encoding or sanitize the input. In PHP you can encode or sanitize user input with `htmlspecialchars` or use automatic context-aware escaping with a template engine such as Latte.",WARNING,php.lang.security.taint-unsafe-echo-tag.taint-unsafe-echo-tag
../../CrossVul/CWE-22/php/bad_2928_0,431,61,`Echo`ing user input risks cross-site scripting vulnerability. You should use `htmlentities()` when showing data to users.,ERROR,php.lang.security.injection.echoed-request.echoed-request
../../CrossVul/CWE-22/php/bad_2928_0,431,61,"Found direct access to a PHP variable wihout HTML escaping inside an inline PHP statement setting data from `$_REQUEST[...]`. When untrusted input can be used to tamper with a web page rendering, it can lead to a Cross-site scripting (XSS) vulnerability. XSS vulnerabilities occur when untrusted input executes malicious JavaScript code, leading to issues such as account compromise and sensitive information leakage. To prevent this vulnerability, validate the user input, perform contextual output encoding or sanitize the input. In PHP you can encode or sanitize user input with `htmlspecialchars` or use automatic context-aware escaping with a template engine such as Latte.",WARNING,php.lang.security.taint-unsafe-echo-tag.taint-unsafe-echo-tag
../../CrossVul/CWE-22/php/bad_2928_0,450,59,`Echo`ing user input risks cross-site scripting vulnerability. You should use `htmlentities()` when showing data to users.,ERROR,php.lang.security.injection.echoed-request.echoed-request
../../CrossVul/CWE-22/php/bad_2928_0,450,59,"Found direct access to a PHP variable wihout HTML escaping inside an inline PHP statement setting data from `$_REQUEST[...]`. When untrusted input can be used to tamper with a web page rendering, it can lead to a Cross-site scripting (XSS) vulnerability. XSS vulnerabilities occur when untrusted input executes malicious JavaScript code, leading to issues such as account compromise and sensitive information leakage. To prevent this vulnerability, validate the user input, perform contextual output encoding or sanitize the input. In PHP you can encode or sanitize user input with `htmlspecialchars` or use automatic context-aware escaping with a template engine such as Latte.",WARNING,php.lang.security.taint-unsafe-echo-tag.taint-unsafe-echo-tag
../../CrossVul/CWE-22/php/bad_2928_0,451,59,`Echo`ing user input risks cross-site scripting vulnerability. You should use `htmlentities()` when showing data to users.,ERROR,php.lang.security.injection.echoed-request.echoed-request
../../CrossVul/CWE-22/php/bad_2928_0,451,59,"Found direct access to a PHP variable wihout HTML escaping inside an inline PHP statement setting data from `$_REQUEST[...]`. When untrusted input can be used to tamper with a web page rendering, it can lead to a Cross-site scripting (XSS) vulnerability. XSS vulnerabilities occur when untrusted input executes malicious JavaScript code, leading to issues such as account compromise and sensitive information leakage. To prevent this vulnerability, validate the user input, perform contextual output encoding or sanitize the input. In PHP you can encode or sanitize user input with `htmlspecialchars` or use automatic context-aware escaping with a template engine such as Latte.",WARNING,php.lang.security.taint-unsafe-echo-tag.taint-unsafe-echo-tag
../../CrossVul/CWE-22/php/bad_2928_0,452,59,`Echo`ing user input risks cross-site scripting vulnerability. You should use `htmlentities()` when showing data to users.,ERROR,php.lang.security.injection.echoed-request.echoed-request
../../CrossVul/CWE-22/php/bad_2928_0,452,59,"Found direct access to a PHP variable wihout HTML escaping inside an inline PHP statement setting data from `$_REQUEST[...]`. When untrusted input can be used to tamper with a web page rendering, it can lead to a Cross-site scripting (XSS) vulnerability. XSS vulnerabilities occur when untrusted input executes malicious JavaScript code, leading to issues such as account compromise and sensitive information leakage. To prevent this vulnerability, validate the user input, perform contextual output encoding or sanitize the input. In PHP you can encode or sanitize user input with `htmlspecialchars` or use automatic context-aware escaping with a template engine such as Latte.",WARNING,php.lang.security.taint-unsafe-echo-tag.taint-unsafe-echo-tag
../../CrossVul/CWE-22/php/bad_2928_0,453,59,`Echo`ing user input risks cross-site scripting vulnerability. You should use `htmlentities()` when showing data to users.,ERROR,php.lang.security.injection.echoed-request.echoed-request
../../CrossVul/CWE-22/php/bad_2928_0,453,59,"Found direct access to a PHP variable wihout HTML escaping inside an inline PHP statement setting data from `$_REQUEST[...]`. When untrusted input can be used to tamper with a web page rendering, it can lead to a Cross-site scripting (XSS) vulnerability. XSS vulnerabilities occur when untrusted input executes malicious JavaScript code, leading to issues such as account compromise and sensitive information leakage. To prevent this vulnerability, validate the user input, perform contextual output encoding or sanitize the input. In PHP you can encode or sanitize user input with `htmlspecialchars` or use automatic context-aware escaping with a template engine such as Latte.",WARNING,php.lang.security.taint-unsafe-echo-tag.taint-unsafe-echo-tag
../../CrossVul/CWE-22/php/bad_2928_0,454,61,`Echo`ing user input risks cross-site scripting vulnerability. You should use `htmlentities()` when showing data to users.,ERROR,php.lang.security.injection.echoed-request.echoed-request
../../CrossVul/CWE-22/php/bad_2928_0,454,61,"Found direct access to a PHP variable wihout HTML escaping inside an inline PHP statement setting data from `$_REQUEST[...]`. When untrusted input can be used to tamper with a web page rendering, it can lead to a Cross-site scripting (XSS) vulnerability. XSS vulnerabilities occur when untrusted input executes malicious JavaScript code, leading to issues such as account compromise and sensitive information leakage. To prevent this vulnerability, validate the user input, perform contextual output encoding or sanitize the input. In PHP you can encode or sanitize user input with `htmlspecialchars` or use automatic context-aware escaping with a template engine such as Latte.",WARNING,php.lang.security.taint-unsafe-echo-tag.taint-unsafe-echo-tag
../../CrossVul/CWE-22/php/bad_2928_0,458,98,`Echo`ing user input risks cross-site scripting vulnerability. You should use `htmlentities()` when showing data to users.,ERROR,php.lang.security.injection.echoed-request.echoed-request
../../CrossVul/CWE-22/php/bad_2928_0,458,98,"Found direct access to a PHP variable wihout HTML escaping inside an inline PHP statement setting data from `$_REQUEST[...]`. When untrusted input can be used to tamper with a web page rendering, it can lead to a Cross-site scripting (XSS) vulnerability. XSS vulnerabilities occur when untrusted input executes malicious JavaScript code, leading to issues such as account compromise and sensitive information leakage. To prevent this vulnerability, validate the user input, perform contextual output encoding or sanitize the input. In PHP you can encode or sanitize user input with `htmlspecialchars` or use automatic context-aware escaping with a template engine such as Latte.",WARNING,php.lang.security.taint-unsafe-echo-tag.taint-unsafe-echo-tag
../../CrossVul/CWE-22/php/bad_2928_0,464,102,`Echo`ing user input risks cross-site scripting vulnerability. You should use `htmlentities()` when showing data to users.,ERROR,php.lang.security.injection.echoed-request.echoed-request
../../CrossVul/CWE-22/php/bad_2928_0,464,102,"Found direct access to a PHP variable wihout HTML escaping inside an inline PHP statement setting data from `$_REQUEST[...]`. When untrusted input can be used to tamper with a web page rendering, it can lead to a Cross-site scripting (XSS) vulnerability. XSS vulnerabilities occur when untrusted input executes malicious JavaScript code, leading to issues such as account compromise and sensitive information leakage. To prevent this vulnerability, validate the user input, perform contextual output encoding or sanitize the input. In PHP you can encode or sanitize user input with `htmlspecialchars` or use automatic context-aware escaping with a template engine such as Latte.",WARNING,php.lang.security.taint-unsafe-echo-tag.taint-unsafe-echo-tag
../../CrossVul/CWE-22/php/bad_2928_0,470,101,`Echo`ing user input risks cross-site scripting vulnerability. You should use `htmlentities()` when showing data to users.,ERROR,php.lang.security.injection.echoed-request.echoed-request
../../CrossVul/CWE-22/php/bad_2928_0,470,101,"Found direct access to a PHP variable wihout HTML escaping inside an inline PHP statement setting data from `$_REQUEST[...]`. When untrusted input can be used to tamper with a web page rendering, it can lead to a Cross-site scripting (XSS) vulnerability. XSS vulnerabilities occur when untrusted input executes malicious JavaScript code, leading to issues such as account compromise and sensitive information leakage. To prevent this vulnerability, validate the user input, perform contextual output encoding or sanitize the input. In PHP you can encode or sanitize user input with `htmlspecialchars` or use automatic context-aware escaping with a template engine such as Latte.",WARNING,php.lang.security.taint-unsafe-echo-tag.taint-unsafe-echo-tag
../../CrossVul/CWE-22/php/bad_2928_0,506,59,`Echo`ing user input risks cross-site scripting vulnerability. You should use `htmlentities()` when showing data to users.,ERROR,php.lang.security.injection.echoed-request.echoed-request
../../CrossVul/CWE-22/php/bad_2928_0,506,59,"Found direct access to a PHP variable wihout HTML escaping inside an inline PHP statement setting data from `$_REQUEST[...]`. When untrusted input can be used to tamper with a web page rendering, it can lead to a Cross-site scripting (XSS) vulnerability. XSS vulnerabilities occur when untrusted input executes malicious JavaScript code, leading to issues such as account compromise and sensitive information leakage. To prevent this vulnerability, validate the user input, perform contextual output encoding or sanitize the input. In PHP you can encode or sanitize user input with `htmlspecialchars` or use automatic context-aware escaping with a template engine such as Latte.",WARNING,php.lang.security.taint-unsafe-echo-tag.taint-unsafe-echo-tag
../../CrossVul/CWE-22/php/bad_2928_0,507,59,`Echo`ing user input risks cross-site scripting vulnerability. You should use `htmlentities()` when showing data to users.,ERROR,php.lang.security.injection.echoed-request.echoed-request
../../CrossVul/CWE-22/php/bad_2928_0,507,59,"Found direct access to a PHP variable wihout HTML escaping inside an inline PHP statement setting data from `$_REQUEST[...]`. When untrusted input can be used to tamper with a web page rendering, it can lead to a Cross-site scripting (XSS) vulnerability. XSS vulnerabilities occur when untrusted input executes malicious JavaScript code, leading to issues such as account compromise and sensitive information leakage. To prevent this vulnerability, validate the user input, perform contextual output encoding or sanitize the input. In PHP you can encode or sanitize user input with `htmlspecialchars` or use automatic context-aware escaping with a template engine such as Latte.",WARNING,php.lang.security.taint-unsafe-echo-tag.taint-unsafe-echo-tag
../../CrossVul/CWE-22/php/bad_2928_0,508,59,`Echo`ing user input risks cross-site scripting vulnerability. You should use `htmlentities()` when showing data to users.,ERROR,php.lang.security.injection.echoed-request.echoed-request
../../CrossVul/CWE-22/php/bad_2928_0,508,59,"Found direct access to a PHP variable wihout HTML escaping inside an inline PHP statement setting data from `$_REQUEST[...]`. When untrusted input can be used to tamper with a web page rendering, it can lead to a Cross-site scripting (XSS) vulnerability. XSS vulnerabilities occur when untrusted input executes malicious JavaScript code, leading to issues such as account compromise and sensitive information leakage. To prevent this vulnerability, validate the user input, perform contextual output encoding or sanitize the input. In PHP you can encode or sanitize user input with `htmlspecialchars` or use automatic context-aware escaping with a template engine such as Latte.",WARNING,php.lang.security.taint-unsafe-echo-tag.taint-unsafe-echo-tag
../../CrossVul/CWE-22/php/bad_2928_0,509,59,`Echo`ing user input risks cross-site scripting vulnerability. You should use `htmlentities()` when showing data to users.,ERROR,php.lang.security.injection.echoed-request.echoed-request
../../CrossVul/CWE-22/php/bad_2928_0,509,59,"Found direct access to a PHP variable wihout HTML escaping inside an inline PHP statement setting data from `$_REQUEST[...]`. When untrusted input can be used to tamper with a web page rendering, it can lead to a Cross-site scripting (XSS) vulnerability. XSS vulnerabilities occur when untrusted input executes malicious JavaScript code, leading to issues such as account compromise and sensitive information leakage. To prevent this vulnerability, validate the user input, perform contextual output encoding or sanitize the input. In PHP you can encode or sanitize user input with `htmlspecialchars` or use automatic context-aware escaping with a template engine such as Latte.",WARNING,php.lang.security.taint-unsafe-echo-tag.taint-unsafe-echo-tag
../../CrossVul/CWE-22/php/bad_2928_0,510,61,`Echo`ing user input risks cross-site scripting vulnerability. You should use `htmlentities()` when showing data to users.,ERROR,php.lang.security.injection.echoed-request.echoed-request
../../CrossVul/CWE-22/php/bad_2928_0,510,61,"Found direct access to a PHP variable wihout HTML escaping inside an inline PHP statement setting data from `$_REQUEST[...]`. When untrusted input can be used to tamper with a web page rendering, it can lead to a Cross-site scripting (XSS) vulnerability. XSS vulnerabilities occur when untrusted input executes malicious JavaScript code, leading to issues such as account compromise and sensitive information leakage. To prevent this vulnerability, validate the user input, perform contextual output encoding or sanitize the input. In PHP you can encode or sanitize user input with `htmlspecialchars` or use automatic context-aware escaping with a template engine such as Latte.",WARNING,php.lang.security.taint-unsafe-echo-tag.taint-unsafe-echo-tag
../../CrossVul/CWE-22/php/bad_2929_0,117,45,`Echo`ing user input risks cross-site scripting vulnerability. You should use `htmlentities()` when showing data to users.,ERROR,php.lang.security.injection.echoed-request.echoed-request
../../CrossVul/CWE-22/php/bad_2929_0,117,45,"Found direct access to a PHP variable wihout HTML escaping inside an inline PHP statement setting data from `$_REQUEST[...]`. When untrusted input can be used to tamper with a web page rendering, it can lead to a Cross-site scripting (XSS) vulnerability. XSS vulnerabilities occur when untrusted input executes malicious JavaScript code, leading to issues such as account compromise and sensitive information leakage. To prevent this vulnerability, validate the user input, perform contextual output encoding or sanitize the input. In PHP you can encode or sanitize user input with `htmlspecialchars` or use automatic context-aware escaping with a template engine such as Latte.",WARNING,php.lang.security.taint-unsafe-echo-tag.taint-unsafe-echo-tag
../../CrossVul/CWE-22/php/bad_2929_0,137,98,`Echo`ing user input risks cross-site scripting vulnerability. You should use `htmlentities()` when showing data to users.,ERROR,php.lang.security.injection.echoed-request.echoed-request
../../CrossVul/CWE-22/php/bad_2929_0,137,98,"Found direct access to a PHP variable wihout HTML escaping inside an inline PHP statement setting data from `$_REQUEST[...]`. When untrusted input can be used to tamper with a web page rendering, it can lead to a Cross-site scripting (XSS) vulnerability. XSS vulnerabilities occur when untrusted input executes malicious JavaScript code, leading to issues such as account compromise and sensitive information leakage. To prevent this vulnerability, validate the user input, perform contextual output encoding or sanitize the input. In PHP you can encode or sanitize user input with `htmlspecialchars` or use automatic context-aware escaping with a template engine such as Latte.",WARNING,php.lang.security.taint-unsafe-echo-tag.taint-unsafe-echo-tag
../../CrossVul/CWE-22/php/bad_2929_0,137,178,`Echo`ing user input risks cross-site scripting vulnerability. You should use `htmlentities()` when showing data to users.,ERROR,php.lang.security.injection.echoed-request.echoed-request
../../CrossVul/CWE-22/php/bad_2929_0,137,178,"Found direct access to a PHP variable wihout HTML escaping inside an inline PHP statement setting data from `$_REQUEST[...]`. When untrusted input can be used to tamper with a web page rendering, it can lead to a Cross-site scripting (XSS) vulnerability. XSS vulnerabilities occur when untrusted input executes malicious JavaScript code, leading to issues such as account compromise and sensitive information leakage. To prevent this vulnerability, validate the user input, perform contextual output encoding or sanitize the input. In PHP you can encode or sanitize user input with `htmlspecialchars` or use automatic context-aware escaping with a template engine such as Latte.",WARNING,php.lang.security.taint-unsafe-echo-tag.taint-unsafe-echo-tag
../../CrossVul/CWE-22/php/bad_2929_0,138,41,`Echo`ing user input risks cross-site scripting vulnerability. You should use `htmlentities()` when showing data to users.,ERROR,php.lang.security.injection.echoed-request.echoed-request
../../CrossVul/CWE-22/php/bad_2929_0,138,41,"Found direct access to a PHP variable wihout HTML escaping inside an inline PHP statement setting data from `$_REQUEST[...]`. When untrusted input can be used to tamper with a web page rendering, it can lead to a Cross-site scripting (XSS) vulnerability. XSS vulnerabilities occur when untrusted input executes malicious JavaScript code, leading to issues such as account compromise and sensitive information leakage. To prevent this vulnerability, validate the user input, perform contextual output encoding or sanitize the input. In PHP you can encode or sanitize user input with `htmlspecialchars` or use automatic context-aware escaping with a template engine such as Latte.",WARNING,php.lang.security.taint-unsafe-echo-tag.taint-unsafe-echo-tag
../../CrossVul/CWE-22/php/bad_2929_0,226,94,`Echo`ing user input risks cross-site scripting vulnerability. You should use `htmlentities()` when showing data to users.,ERROR,php.lang.security.injection.echoed-request.echoed-request
../../CrossVul/CWE-22/php/bad_2929_0,226,94,"Found direct access to a PHP variable wihout HTML escaping inside an inline PHP statement setting data from `$_REQUEST[...]`. When untrusted input can be used to tamper with a web page rendering, it can lead to a Cross-site scripting (XSS) vulnerability. XSS vulnerabilities occur when untrusted input executes malicious JavaScript code, leading to issues such as account compromise and sensitive information leakage. To prevent this vulnerability, validate the user input, perform contextual output encoding or sanitize the input. In PHP you can encode or sanitize user input with `htmlspecialchars` or use automatic context-aware escaping with a template engine such as Latte.",WARNING,php.lang.security.taint-unsafe-echo-tag.taint-unsafe-echo-tag
../../CrossVul/CWE-22/php/bad_2929_0,232,94,`Echo`ing user input risks cross-site scripting vulnerability. You should use `htmlentities()` when showing data to users.,ERROR,php.lang.security.injection.echoed-request.echoed-request
../../CrossVul/CWE-22/php/bad_2929_0,232,94,"Found direct access to a PHP variable wihout HTML escaping inside an inline PHP statement setting data from `$_REQUEST[...]`. When untrusted input can be used to tamper with a web page rendering, it can lead to a Cross-site scripting (XSS) vulnerability. XSS vulnerabilities occur when untrusted input executes malicious JavaScript code, leading to issues such as account compromise and sensitive information leakage. To prevent this vulnerability, validate the user input, perform contextual output encoding or sanitize the input. In PHP you can encode or sanitize user input with `htmlspecialchars` or use automatic context-aware escaping with a template engine such as Latte.",WARNING,php.lang.security.taint-unsafe-echo-tag.taint-unsafe-echo-tag
../../CrossVul/CWE-22/php/bad_2929_0,238,98,`Echo`ing user input risks cross-site scripting vulnerability. You should use `htmlentities()` when showing data to users.,ERROR,php.lang.security.injection.echoed-request.echoed-request
../../CrossVul/CWE-22/php/bad_2929_0,238,98,"Found direct access to a PHP variable wihout HTML escaping inside an inline PHP statement setting data from `$_REQUEST[...]`. When untrusted input can be used to tamper with a web page rendering, it can lead to a Cross-site scripting (XSS) vulnerability. XSS vulnerabilities occur when untrusted input executes malicious JavaScript code, leading to issues such as account compromise and sensitive information leakage. To prevent this vulnerability, validate the user input, perform contextual output encoding or sanitize the input. In PHP you can encode or sanitize user input with `htmlspecialchars` or use automatic context-aware escaping with a template engine such as Latte.",WARNING,php.lang.security.taint-unsafe-echo-tag.taint-unsafe-echo-tag
../../CrossVul/CWE-22/php/bad_2929_0,244,94,`Echo`ing user input risks cross-site scripting vulnerability. You should use `htmlentities()` when showing data to users.,ERROR,php.lang.security.injection.echoed-request.echoed-request
../../CrossVul/CWE-22/php/bad_2929_0,244,94,"Found direct access to a PHP variable wihout HTML escaping inside an inline PHP statement setting data from `$_REQUEST[...]`. When untrusted input can be used to tamper with a web page rendering, it can lead to a Cross-site scripting (XSS) vulnerability. XSS vulnerabilities occur when untrusted input executes malicious JavaScript code, leading to issues such as account compromise and sensitive information leakage. To prevent this vulnerability, validate the user input, perform contextual output encoding or sanitize the input. In PHP you can encode or sanitize user input with `htmlspecialchars` or use automatic context-aware escaping with a template engine such as Latte.",WARNING,php.lang.security.taint-unsafe-echo-tag.taint-unsafe-echo-tag
../../CrossVul/CWE-22/php/bad_2929_0,250,98,`Echo`ing user input risks cross-site scripting vulnerability. You should use `htmlentities()` when showing data to users.,ERROR,php.lang.security.injection.echoed-request.echoed-request
../../CrossVul/CWE-22/php/bad_2929_0,250,98,"Found direct access to a PHP variable wihout HTML escaping inside an inline PHP statement setting data from `$_REQUEST[...]`. When untrusted input can be used to tamper with a web page rendering, it can lead to a Cross-site scripting (XSS) vulnerability. XSS vulnerabilities occur when untrusted input executes malicious JavaScript code, leading to issues such as account compromise and sensitive information leakage. To prevent this vulnerability, validate the user input, perform contextual output encoding or sanitize the input. In PHP you can encode or sanitize user input with `htmlspecialchars` or use automatic context-aware escaping with a template engine such as Latte.",WARNING,php.lang.security.taint-unsafe-echo-tag.taint-unsafe-echo-tag
../../CrossVul/CWE-22/php/bad_2929_0,256,94,`Echo`ing user input risks cross-site scripting vulnerability. You should use `htmlentities()` when showing data to users.,ERROR,php.lang.security.injection.echoed-request.echoed-request
../../CrossVul/CWE-22/php/bad_2929_0,256,94,"Found direct access to a PHP variable wihout HTML escaping inside an inline PHP statement setting data from `$_REQUEST[...]`. When untrusted input can be used to tamper with a web page rendering, it can lead to a Cross-site scripting (XSS) vulnerability. XSS vulnerabilities occur when untrusted input executes malicious JavaScript code, leading to issues such as account compromise and sensitive information leakage. To prevent this vulnerability, validate the user input, perform contextual output encoding or sanitize the input. In PHP you can encode or sanitize user input with `htmlspecialchars` or use automatic context-aware escaping with a template engine such as Latte.",WARNING,php.lang.security.taint-unsafe-echo-tag.taint-unsafe-echo-tag
../../CrossVul/CWE-22/php/bad_2929_0,286,59,`Echo`ing user input risks cross-site scripting vulnerability. You should use `htmlentities()` when showing data to users.,ERROR,php.lang.security.injection.echoed-request.echoed-request
../../CrossVul/CWE-22/php/bad_2929_0,286,59,"Found direct access to a PHP variable wihout HTML escaping inside an inline PHP statement setting data from `$_REQUEST[...]`. When untrusted input can be used to tamper with a web page rendering, it can lead to a Cross-site scripting (XSS) vulnerability. XSS vulnerabilities occur when untrusted input executes malicious JavaScript code, leading to issues such as account compromise and sensitive information leakage. To prevent this vulnerability, validate the user input, perform contextual output encoding or sanitize the input. In PHP you can encode or sanitize user input with `htmlspecialchars` or use automatic context-aware escaping with a template engine such as Latte.",WARNING,php.lang.security.taint-unsafe-echo-tag.taint-unsafe-echo-tag
../../CrossVul/CWE-22/php/bad_2929_0,287,59,`Echo`ing user input risks cross-site scripting vulnerability. You should use `htmlentities()` when showing data to users.,ERROR,php.lang.security.injection.echoed-request.echoed-request
../../CrossVul/CWE-22/php/bad_2929_0,287,59,"Found direct access to a PHP variable wihout HTML escaping inside an inline PHP statement setting data from `$_REQUEST[...]`. When untrusted input can be used to tamper with a web page rendering, it can lead to a Cross-site scripting (XSS) vulnerability. XSS vulnerabilities occur when untrusted input executes malicious JavaScript code, leading to issues such as account compromise and sensitive information leakage. To prevent this vulnerability, validate the user input, perform contextual output encoding or sanitize the input. In PHP you can encode or sanitize user input with `htmlspecialchars` or use automatic context-aware escaping with a template engine such as Latte.",WARNING,php.lang.security.taint-unsafe-echo-tag.taint-unsafe-echo-tag
../../CrossVul/CWE-22/php/bad_2929_0,288,59,`Echo`ing user input risks cross-site scripting vulnerability. You should use `htmlentities()` when showing data to users.,ERROR,php.lang.security.injection.echoed-request.echoed-request
../../CrossVul/CWE-22/php/bad_2929_0,288,59,"Found direct access to a PHP variable wihout HTML escaping inside an inline PHP statement setting data from `$_REQUEST[...]`. When untrusted input can be used to tamper with a web page rendering, it can lead to a Cross-site scripting (XSS) vulnerability. XSS vulnerabilities occur when untrusted input executes malicious JavaScript code, leading to issues such as account compromise and sensitive information leakage. To prevent this vulnerability, validate the user input, perform contextual output encoding or sanitize the input. In PHP you can encode or sanitize user input with `htmlspecialchars` or use automatic context-aware escaping with a template engine such as Latte.",WARNING,php.lang.security.taint-unsafe-echo-tag.taint-unsafe-echo-tag
../../CrossVul/CWE-22/php/bad_2929_0,289,59,`Echo`ing user input risks cross-site scripting vulnerability. You should use `htmlentities()` when showing data to users.,ERROR,php.lang.security.injection.echoed-request.echoed-request
../../CrossVul/CWE-22/php/bad_2929_0,289,59,"Found direct access to a PHP variable wihout HTML escaping inside an inline PHP statement setting data from `$_REQUEST[...]`. When untrusted input can be used to tamper with a web page rendering, it can lead to a Cross-site scripting (XSS) vulnerability. XSS vulnerabilities occur when untrusted input executes malicious JavaScript code, leading to issues such as account compromise and sensitive information leakage. To prevent this vulnerability, validate the user input, perform contextual output encoding or sanitize the input. In PHP you can encode or sanitize user input with `htmlspecialchars` or use automatic context-aware escaping with a template engine such as Latte.",WARNING,php.lang.security.taint-unsafe-echo-tag.taint-unsafe-echo-tag
../../CrossVul/CWE-22/php/bad_2929_0,290,59,`Echo`ing user input risks cross-site scripting vulnerability. You should use `htmlentities()` when showing data to users.,ERROR,php.lang.security.injection.echoed-request.echoed-request
../../CrossVul/CWE-22/php/bad_2929_0,290,59,"Found direct access to a PHP variable wihout HTML escaping inside an inline PHP statement setting data from `$_REQUEST[...]`. When untrusted input can be used to tamper with a web page rendering, it can lead to a Cross-site scripting (XSS) vulnerability. XSS vulnerabilities occur when untrusted input executes malicious JavaScript code, leading to issues such as account compromise and sensitive information leakage. To prevent this vulnerability, validate the user input, perform contextual output encoding or sanitize the input. In PHP you can encode or sanitize user input with `htmlspecialchars` or use automatic context-aware escaping with a template engine such as Latte.",WARNING,php.lang.security.taint-unsafe-echo-tag.taint-unsafe-echo-tag
../../CrossVul/CWE-22/php/bad_2929_0,291,61,`Echo`ing user input risks cross-site scripting vulnerability. You should use `htmlentities()` when showing data to users.,ERROR,php.lang.security.injection.echoed-request.echoed-request
../../CrossVul/CWE-22/php/bad_2929_0,291,61,"Found direct access to a PHP variable wihout HTML escaping inside an inline PHP statement setting data from `$_REQUEST[...]`. When untrusted input can be used to tamper with a web page rendering, it can lead to a Cross-site scripting (XSS) vulnerability. XSS vulnerabilities occur when untrusted input executes malicious JavaScript code, leading to issues such as account compromise and sensitive information leakage. To prevent this vulnerability, validate the user input, perform contextual output encoding or sanitize the input. In PHP you can encode or sanitize user input with `htmlspecialchars` or use automatic context-aware escaping with a template engine such as Latte.",WARNING,php.lang.security.taint-unsafe-echo-tag.taint-unsafe-echo-tag
../../CrossVul/CWE-22/php/bad_2929_0,390,59,`Echo`ing user input risks cross-site scripting vulnerability. You should use `htmlentities()` when showing data to users.,ERROR,php.lang.security.injection.echoed-request.echoed-request
../../CrossVul/CWE-22/php/bad_2929_0,390,59,"Found direct access to a PHP variable wihout HTML escaping inside an inline PHP statement setting data from `$_REQUEST[...]`. When untrusted input can be used to tamper with a web page rendering, it can lead to a Cross-site scripting (XSS) vulnerability. XSS vulnerabilities occur when untrusted input executes malicious JavaScript code, leading to issues such as account compromise and sensitive information leakage. To prevent this vulnerability, validate the user input, perform contextual output encoding or sanitize the input. In PHP you can encode or sanitize user input with `htmlspecialchars` or use automatic context-aware escaping with a template engine such as Latte.",WARNING,php.lang.security.taint-unsafe-echo-tag.taint-unsafe-echo-tag
../../CrossVul/CWE-22/php/bad_2929_0,391,59,`Echo`ing user input risks cross-site scripting vulnerability. You should use `htmlentities()` when showing data to users.,ERROR,php.lang.security.injection.echoed-request.echoed-request
../../CrossVul/CWE-22/php/bad_2929_0,391,59,"Found direct access to a PHP variable wihout HTML escaping inside an inline PHP statement setting data from `$_REQUEST[...]`. When untrusted input can be used to tamper with a web page rendering, it can lead to a Cross-site scripting (XSS) vulnerability. XSS vulnerabilities occur when untrusted input executes malicious JavaScript code, leading to issues such as account compromise and sensitive information leakage. To prevent this vulnerability, validate the user input, perform contextual output encoding or sanitize the input. In PHP you can encode or sanitize user input with `htmlspecialchars` or use automatic context-aware escaping with a template engine such as Latte.",WARNING,php.lang.security.taint-unsafe-echo-tag.taint-unsafe-echo-tag
../../CrossVul/CWE-22/php/bad_2929_0,392,59,`Echo`ing user input risks cross-site scripting vulnerability. You should use `htmlentities()` when showing data to users.,ERROR,php.lang.security.injection.echoed-request.echoed-request
../../CrossVul/CWE-22/php/bad_2929_0,392,59,"Found direct access to a PHP variable wihout HTML escaping inside an inline PHP statement setting data from `$_REQUEST[...]`. When untrusted input can be used to tamper with a web page rendering, it can lead to a Cross-site scripting (XSS) vulnerability. XSS vulnerabilities occur when untrusted input executes malicious JavaScript code, leading to issues such as account compromise and sensitive information leakage. To prevent this vulnerability, validate the user input, perform contextual output encoding or sanitize the input. In PHP you can encode or sanitize user input with `htmlspecialchars` or use automatic context-aware escaping with a template engine such as Latte.",WARNING,php.lang.security.taint-unsafe-echo-tag.taint-unsafe-echo-tag
../../CrossVul/CWE-22/php/bad_2929_0,393,59,`Echo`ing user input risks cross-site scripting vulnerability. You should use `htmlentities()` when showing data to users.,ERROR,php.lang.security.injection.echoed-request.echoed-request
../../CrossVul/CWE-22/php/bad_2929_0,393,59,"Found direct access to a PHP variable wihout HTML escaping inside an inline PHP statement setting data from `$_REQUEST[...]`. When untrusted input can be used to tamper with a web page rendering, it can lead to a Cross-site scripting (XSS) vulnerability. XSS vulnerabilities occur when untrusted input executes malicious JavaScript code, leading to issues such as account compromise and sensitive information leakage. To prevent this vulnerability, validate the user input, perform contextual output encoding or sanitize the input. In PHP you can encode or sanitize user input with `htmlspecialchars` or use automatic context-aware escaping with a template engine such as Latte.",WARNING,php.lang.security.taint-unsafe-echo-tag.taint-unsafe-echo-tag
../../CrossVul/CWE-22/php/bad_2929_0,394,61,`Echo`ing user input risks cross-site scripting vulnerability. You should use `htmlentities()` when showing data to users.,ERROR,php.lang.security.injection.echoed-request.echoed-request
../../CrossVul/CWE-22/php/bad_2929_0,394,61,"Found direct access to a PHP variable wihout HTML escaping inside an inline PHP statement setting data from `$_REQUEST[...]`. When untrusted input can be used to tamper with a web page rendering, it can lead to a Cross-site scripting (XSS) vulnerability. XSS vulnerabilities occur when untrusted input executes malicious JavaScript code, leading to issues such as account compromise and sensitive information leakage. To prevent this vulnerability, validate the user input, perform contextual output encoding or sanitize the input. In PHP you can encode or sanitize user input with `htmlspecialchars` or use automatic context-aware escaping with a template engine such as Latte.",WARNING,php.lang.security.taint-unsafe-echo-tag.taint-unsafe-echo-tag
../../CrossVul/CWE-22/php/bad_2929_0,413,59,`Echo`ing user input risks cross-site scripting vulnerability. You should use `htmlentities()` when showing data to users.,ERROR,php.lang.security.injection.echoed-request.echoed-request
../../CrossVul/CWE-22/php/bad_2929_0,413,59,"Found direct access to a PHP variable wihout HTML escaping inside an inline PHP statement setting data from `$_REQUEST[...]`. When untrusted input can be used to tamper with a web page rendering, it can lead to a Cross-site scripting (XSS) vulnerability. XSS vulnerabilities occur when untrusted input executes malicious JavaScript code, leading to issues such as account compromise and sensitive information leakage. To prevent this vulnerability, validate the user input, perform contextual output encoding or sanitize the input. In PHP you can encode or sanitize user input with `htmlspecialchars` or use automatic context-aware escaping with a template engine such as Latte.",WARNING,php.lang.security.taint-unsafe-echo-tag.taint-unsafe-echo-tag
../../CrossVul/CWE-22/php/bad_2929_0,414,59,`Echo`ing user input risks cross-site scripting vulnerability. You should use `htmlentities()` when showing data to users.,ERROR,php.lang.security.injection.echoed-request.echoed-request
../../CrossVul/CWE-22/php/bad_2929_0,414,59,"Found direct access to a PHP variable wihout HTML escaping inside an inline PHP statement setting data from `$_REQUEST[...]`. When untrusted input can be used to tamper with a web page rendering, it can lead to a Cross-site scripting (XSS) vulnerability. XSS vulnerabilities occur when untrusted input executes malicious JavaScript code, leading to issues such as account compromise and sensitive information leakage. To prevent this vulnerability, validate the user input, perform contextual output encoding or sanitize the input. In PHP you can encode or sanitize user input with `htmlspecialchars` or use automatic context-aware escaping with a template engine such as Latte.",WARNING,php.lang.security.taint-unsafe-echo-tag.taint-unsafe-echo-tag
../../CrossVul/CWE-22/php/bad_2929_0,415,59,`Echo`ing user input risks cross-site scripting vulnerability. You should use `htmlentities()` when showing data to users.,ERROR,php.lang.security.injection.echoed-request.echoed-request
../../CrossVul/CWE-22/php/bad_2929_0,415,59,"Found direct access to a PHP variable wihout HTML escaping inside an inline PHP statement setting data from `$_REQUEST[...]`. When untrusted input can be used to tamper with a web page rendering, it can lead to a Cross-site scripting (XSS) vulnerability. XSS vulnerabilities occur when untrusted input executes malicious JavaScript code, leading to issues such as account compromise and sensitive information leakage. To prevent this vulnerability, validate the user input, perform contextual output encoding or sanitize the input. In PHP you can encode or sanitize user input with `htmlspecialchars` or use automatic context-aware escaping with a template engine such as Latte.",WARNING,php.lang.security.taint-unsafe-echo-tag.taint-unsafe-echo-tag
../../CrossVul/CWE-22/php/bad_2929_0,416,59,`Echo`ing user input risks cross-site scripting vulnerability. You should use `htmlentities()` when showing data to users.,ERROR,php.lang.security.injection.echoed-request.echoed-request
../../CrossVul/CWE-22/php/bad_2929_0,416,59,"Found direct access to a PHP variable wihout HTML escaping inside an inline PHP statement setting data from `$_REQUEST[...]`. When untrusted input can be used to tamper with a web page rendering, it can lead to a Cross-site scripting (XSS) vulnerability. XSS vulnerabilities occur when untrusted input executes malicious JavaScript code, leading to issues such as account compromise and sensitive information leakage. To prevent this vulnerability, validate the user input, perform contextual output encoding or sanitize the input. In PHP you can encode or sanitize user input with `htmlspecialchars` or use automatic context-aware escaping with a template engine such as Latte.",WARNING,php.lang.security.taint-unsafe-echo-tag.taint-unsafe-echo-tag
../../CrossVul/CWE-22/php/bad_2929_0,417,61,`Echo`ing user input risks cross-site scripting vulnerability. You should use `htmlentities()` when showing data to users.,ERROR,php.lang.security.injection.echoed-request.echoed-request
../../CrossVul/CWE-22/php/bad_2929_0,417,61,"Found direct access to a PHP variable wihout HTML escaping inside an inline PHP statement setting data from `$_REQUEST[...]`. When untrusted input can be used to tamper with a web page rendering, it can lead to a Cross-site scripting (XSS) vulnerability. XSS vulnerabilities occur when untrusted input executes malicious JavaScript code, leading to issues such as account compromise and sensitive information leakage. To prevent this vulnerability, validate the user input, perform contextual output encoding or sanitize the input. In PHP you can encode or sanitize user input with `htmlspecialchars` or use automatic context-aware escaping with a template engine such as Latte.",WARNING,php.lang.security.taint-unsafe-echo-tag.taint-unsafe-echo-tag
../../CrossVul/CWE-22/php/bad_2929_0,421,98,`Echo`ing user input risks cross-site scripting vulnerability. You should use `htmlentities()` when showing data to users.,ERROR,php.lang.security.injection.echoed-request.echoed-request
../../CrossVul/CWE-22/php/bad_2929_0,421,98,"Found direct access to a PHP variable wihout HTML escaping inside an inline PHP statement setting data from `$_REQUEST[...]`. When untrusted input can be used to tamper with a web page rendering, it can lead to a Cross-site scripting (XSS) vulnerability. XSS vulnerabilities occur when untrusted input executes malicious JavaScript code, leading to issues such as account compromise and sensitive information leakage. To prevent this vulnerability, validate the user input, perform contextual output encoding or sanitize the input. In PHP you can encode or sanitize user input with `htmlspecialchars` or use automatic context-aware escaping with a template engine such as Latte.",WARNING,php.lang.security.taint-unsafe-echo-tag.taint-unsafe-echo-tag
../../CrossVul/CWE-22/php/bad_2929_0,427,102,`Echo`ing user input risks cross-site scripting vulnerability. You should use `htmlentities()` when showing data to users.,ERROR,php.lang.security.injection.echoed-request.echoed-request
../../CrossVul/CWE-22/php/bad_2929_0,427,102,"Found direct access to a PHP variable wihout HTML escaping inside an inline PHP statement setting data from `$_REQUEST[...]`. When untrusted input can be used to tamper with a web page rendering, it can lead to a Cross-site scripting (XSS) vulnerability. XSS vulnerabilities occur when untrusted input executes malicious JavaScript code, leading to issues such as account compromise and sensitive information leakage. To prevent this vulnerability, validate the user input, perform contextual output encoding or sanitize the input. In PHP you can encode or sanitize user input with `htmlspecialchars` or use automatic context-aware escaping with a template engine such as Latte.",WARNING,php.lang.security.taint-unsafe-echo-tag.taint-unsafe-echo-tag
../../CrossVul/CWE-22/php/bad_2929_0,433,101,`Echo`ing user input risks cross-site scripting vulnerability. You should use `htmlentities()` when showing data to users.,ERROR,php.lang.security.injection.echoed-request.echoed-request
../../CrossVul/CWE-22/php/bad_2929_0,433,101,"Found direct access to a PHP variable wihout HTML escaping inside an inline PHP statement setting data from `$_REQUEST[...]`. When untrusted input can be used to tamper with a web page rendering, it can lead to a Cross-site scripting (XSS) vulnerability. XSS vulnerabilities occur when untrusted input executes malicious JavaScript code, leading to issues such as account compromise and sensitive information leakage. To prevent this vulnerability, validate the user input, perform contextual output encoding or sanitize the input. In PHP you can encode or sanitize user input with `htmlspecialchars` or use automatic context-aware escaping with a template engine such as Latte.",WARNING,php.lang.security.taint-unsafe-echo-tag.taint-unsafe-echo-tag
../../CrossVul/CWE-22/php/bad_2929_0,469,59,`Echo`ing user input risks cross-site scripting vulnerability. You should use `htmlentities()` when showing data to users.,ERROR,php.lang.security.injection.echoed-request.echoed-request
../../CrossVul/CWE-22/php/bad_2929_0,469,59,"Found direct access to a PHP variable wihout HTML escaping inside an inline PHP statement setting data from `$_REQUEST[...]`. When untrusted input can be used to tamper with a web page rendering, it can lead to a Cross-site scripting (XSS) vulnerability. XSS vulnerabilities occur when untrusted input executes malicious JavaScript code, leading to issues such as account compromise and sensitive information leakage. To prevent this vulnerability, validate the user input, perform contextual output encoding or sanitize the input. In PHP you can encode or sanitize user input with `htmlspecialchars` or use automatic context-aware escaping with a template engine such as Latte.",WARNING,php.lang.security.taint-unsafe-echo-tag.taint-unsafe-echo-tag
../../CrossVul/CWE-22/php/bad_2929_0,470,59,`Echo`ing user input risks cross-site scripting vulnerability. You should use `htmlentities()` when showing data to users.,ERROR,php.lang.security.injection.echoed-request.echoed-request
../../CrossVul/CWE-22/php/bad_2929_0,470,59,"Found direct access to a PHP variable wihout HTML escaping inside an inline PHP statement setting data from `$_REQUEST[...]`. When untrusted input can be used to tamper with a web page rendering, it can lead to a Cross-site scripting (XSS) vulnerability. XSS vulnerabilities occur when untrusted input executes malicious JavaScript code, leading to issues such as account compromise and sensitive information leakage. To prevent this vulnerability, validate the user input, perform contextual output encoding or sanitize the input. In PHP you can encode or sanitize user input with `htmlspecialchars` or use automatic context-aware escaping with a template engine such as Latte.",WARNING,php.lang.security.taint-unsafe-echo-tag.taint-unsafe-echo-tag
../../CrossVul/CWE-22/php/bad_2929_0,471,59,`Echo`ing user input risks cross-site scripting vulnerability. You should use `htmlentities()` when showing data to users.,ERROR,php.lang.security.injection.echoed-request.echoed-request
../../CrossVul/CWE-22/php/bad_2929_0,471,59,"Found direct access to a PHP variable wihout HTML escaping inside an inline PHP statement setting data from `$_REQUEST[...]`. When untrusted input can be used to tamper with a web page rendering, it can lead to a Cross-site scripting (XSS) vulnerability. XSS vulnerabilities occur when untrusted input executes malicious JavaScript code, leading to issues such as account compromise and sensitive information leakage. To prevent this vulnerability, validate the user input, perform contextual output encoding or sanitize the input. In PHP you can encode or sanitize user input with `htmlspecialchars` or use automatic context-aware escaping with a template engine such as Latte.",WARNING,php.lang.security.taint-unsafe-echo-tag.taint-unsafe-echo-tag
../../CrossVul/CWE-22/php/bad_2929_0,472,59,`Echo`ing user input risks cross-site scripting vulnerability. You should use `htmlentities()` when showing data to users.,ERROR,php.lang.security.injection.echoed-request.echoed-request
../../CrossVul/CWE-22/php/bad_2929_0,472,59,"Found direct access to a PHP variable wihout HTML escaping inside an inline PHP statement setting data from `$_REQUEST[...]`. When untrusted input can be used to tamper with a web page rendering, it can lead to a Cross-site scripting (XSS) vulnerability. XSS vulnerabilities occur when untrusted input executes malicious JavaScript code, leading to issues such as account compromise and sensitive information leakage. To prevent this vulnerability, validate the user input, perform contextual output encoding or sanitize the input. In PHP you can encode or sanitize user input with `htmlspecialchars` or use automatic context-aware escaping with a template engine such as Latte.",WARNING,php.lang.security.taint-unsafe-echo-tag.taint-unsafe-echo-tag
../../CrossVul/CWE-22/php/bad_2929_0,473,61,`Echo`ing user input risks cross-site scripting vulnerability. You should use `htmlentities()` when showing data to users.,ERROR,php.lang.security.injection.echoed-request.echoed-request
../../CrossVul/CWE-22/php/bad_2929_0,473,61,"Found direct access to a PHP variable wihout HTML escaping inside an inline PHP statement setting data from `$_REQUEST[...]`. When untrusted input can be used to tamper with a web page rendering, it can lead to a Cross-site scripting (XSS) vulnerability. XSS vulnerabilities occur when untrusted input executes malicious JavaScript code, leading to issues such as account compromise and sensitive information leakage. To prevent this vulnerability, validate the user input, perform contextual output encoding or sanitize the input. In PHP you can encode or sanitize user input with `htmlspecialchars` or use automatic context-aware escaping with a template engine such as Latte.",WARNING,php.lang.security.taint-unsafe-echo-tag.taint-unsafe-echo-tag
../../CrossVul/CWE-22/php/bad_3113_4,123,3,"Found direct access to a PHP variable wihout HTML escaping inside an inline PHP statement setting data from `$_REQUEST[...]`. When untrusted input can be used to tamper with a web page rendering, it can lead to a Cross-site scripting (XSS) vulnerability. XSS vulnerabilities occur when untrusted input executes malicious JavaScript code, leading to issues such as account compromise and sensitive information leakage. To prevent this vulnerability, validate the user input, perform contextual output encoding or sanitize the input. In PHP you can encode or sanitize user input with `htmlspecialchars` or use automatic context-aware escaping with a template engine such as Latte.",WARNING,php.lang.security.taint-unsafe-echo-tag.taint-unsafe-echo-tag
../../CrossVul/CWE-22/php/bad_3329_0,60,13,File name based on user input risks server-side request forgery.,WARNING,php.lang.security.injection.tainted-filename.tainted-filename
../../CrossVul/CWE-22/php/bad_3329_0,66,20,File name based on user input risks server-side request forgery.,WARNING,php.lang.security.injection.tainted-filename.tainted-filename
../../CrossVul/CWE-22/php/bad_3329_0,72,30,File name based on user input risks server-side request forgery.,WARNING,php.lang.security.injection.tainted-filename.tainted-filename
../../CrossVul/CWE-22/php/bad_3329_0,73,57,File name based on user input risks server-side request forgery.,WARNING,php.lang.security.injection.tainted-filename.tainted-filename
../../CrossVul/CWE-22/php/bad_3329_0,73,76,File name based on user input risks server-side request forgery.,WARNING,php.lang.security.injection.tainted-filename.tainted-filename
../../CrossVul/CWE-22/php/bad_3329_0,74,68,File name based on user input risks server-side request forgery.,WARNING,php.lang.security.injection.tainted-filename.tainted-filename
../../CrossVul/CWE-22/php/bad_3329_0,74,87,File name based on user input risks server-side request forgery.,WARNING,php.lang.security.injection.tainted-filename.tainted-filename
../../CrossVul/CWE-22/php/bad_3329_0,75,40,File name based on user input risks server-side request forgery.,WARNING,php.lang.security.injection.tainted-filename.tainted-filename
../../CrossVul/CWE-22/php/bad_3329_0,76,40,File name based on user input risks server-side request forgery.,WARNING,php.lang.security.injection.tainted-filename.tainted-filename
../../CrossVul/CWE-22/php/bad_3329_0,77,44,File name based on user input risks server-side request forgery.,WARNING,php.lang.security.injection.tainted-filename.tainted-filename
../../CrossVul/CWE-22/php/bad_3329_0,83,2,`Echo`ing user input risks cross-site scripting vulnerability. You should use `htmlentities()` when showing data to users.,ERROR,php.lang.security.injection.echoed-request.echoed-request
../../CrossVul/CWE-22/php/bad_3329_0,83,2,"Found direct access to a PHP variable wihout HTML escaping inside an inline PHP statement setting data from `$_REQUEST[...]`. When untrusted input can be used to tamper with a web page rendering, it can lead to a Cross-site scripting (XSS) vulnerability. XSS vulnerabilities occur when untrusted input executes malicious JavaScript code, leading to issues such as account compromise and sensitive information leakage. To prevent this vulnerability, validate the user input, perform contextual output encoding or sanitize the input. In PHP you can encode or sanitize user input with `htmlspecialchars` or use automatic context-aware escaping with a template engine such as Latte.",WARNING,php.lang.security.taint-unsafe-echo-tag.taint-unsafe-echo-tag
../../CrossVul/CWE-22/php/bad_3329_0,83,68,File name based on user input risks server-side request forgery.,WARNING,php.lang.security.injection.tainted-filename.tainted-filename
../../CrossVul/CWE-22/php/bad_3329_0,111,46,File name based on user input risks server-side request forgery.,WARNING,php.lang.security.injection.tainted-filename.tainted-filename
../../CrossVul/CWE-22/php/bad_3329_0,112,38,File name based on user input risks server-side request forgery.,WARNING,php.lang.security.injection.tainted-filename.tainted-filename
../../CrossVul/CWE-22/php/bad_3329_0,116,11,File name based on user input risks server-side request forgery.,WARNING,php.lang.security.injection.tainted-filename.tainted-filename
../../CrossVul/CWE-22/php/bad_3613_0,560,2,`Printing user input risks cross-site scripting vulnerability. You should use `htmlentities()` when showing data to users.,ERROR,php.lang.security.injection.printed-request.printed-request
../../CrossVul/CWE-22/php/bad_3613_0,680,3,`Printing user input risks cross-site scripting vulnerability. You should use `htmlentities()` when showing data to users.,ERROR,php.lang.security.injection.printed-request.printed-request
../../CrossVul/CWE-22/php/bad_3613_5,297,5,`Printing user input risks cross-site scripting vulnerability. You should use `htmlentities()` when showing data to users.,ERROR,php.lang.security.injection.printed-request.printed-request
../../CrossVul/CWE-22/php/bad_3613_5,297,50,"Untrusted input could be used to tamper with a web page rendering, which can lead to a Cross-site scripting (XSS) vulnerability. XSS vulnerabilities occur when untrusted input executes malicious JavaScript code, leading to issues such as account compromise and sensitive information leakage. To prevent this vulnerability, validate the user input, perform contextual output encoding or sanitize the input. In PHP you can encode or sanitize user input with `htmlspecialchars` or use automatic context-aware escaping with a template engine such as Latte.",ERROR,php.lang.security.tainted-user-input-in-php-script.tainted-user-input-in-php-script
../../CrossVul/CWE-22/php/bad_3613_5,300,5,`Printing user input risks cross-site scripting vulnerability. You should use `htmlentities()` when showing data to users.,ERROR,php.lang.security.injection.printed-request.printed-request
../../CrossVul/CWE-22/php/bad_3613_5,300,50,"Untrusted input could be used to tamper with a web page rendering, which can lead to a Cross-site scripting (XSS) vulnerability. XSS vulnerabilities occur when untrusted input executes malicious JavaScript code, leading to issues such as account compromise and sensitive information leakage. To prevent this vulnerability, validate the user input, perform contextual output encoding or sanitize the input. In PHP you can encode or sanitize user input with `htmlspecialchars` or use automatic context-aware escaping with a template engine such as Latte.",ERROR,php.lang.security.tainted-user-input-in-php-script.tainted-user-input-in-php-script
../../CrossVul/CWE-22/php/bad_3613_5,328,5,`Printing user input risks cross-site scripting vulnerability. You should use `htmlentities()` when showing data to users.,ERROR,php.lang.security.injection.printed-request.printed-request
../../CrossVul/CWE-22/php/bad_3613_6,234,2,`Printing user input risks cross-site scripting vulnerability. You should use `htmlentities()` when showing data to users.,ERROR,php.lang.security.injection.printed-request.printed-request
../../CrossVul/CWE-22/php/bad_3613_6,243,2,`Printing user input risks cross-site scripting vulnerability. You should use `htmlentities()` when showing data to users.,ERROR,php.lang.security.injection.printed-request.printed-request
../../CrossVul/CWE-22/php/bad_3613_6,248,2,`Printing user input risks cross-site scripting vulnerability. You should use `htmlentities()` when showing data to users.,ERROR,php.lang.security.injection.printed-request.printed-request
../../CrossVul/CWE-22/php/bad_3613_7,458,1,`Printing user input risks cross-site scripting vulnerability. You should use `htmlentities()` when showing data to users.,ERROR,php.lang.security.injection.printed-request.printed-request
../../CrossVul/CWE-22/php/bad_3613_3,375,13,`Printing user input risks cross-site scripting vulnerability. You should use `htmlentities()` when showing data to users.,ERROR,php.lang.security.injection.printed-request.printed-request
../../CrossVul/CWE-22/php/bad_3613_3,375,64,"Untrusted input could be used to tamper with a web page rendering, which can lead to a Cross-site scripting (XSS) vulnerability. XSS vulnerabilities occur when untrusted input executes malicious JavaScript code, leading to issues such as account compromise and sensitive information leakage. To prevent this vulnerability, validate the user input, perform contextual output encoding or sanitize the input. In PHP you can encode or sanitize user input with `htmlspecialchars` or use automatic context-aware escaping with a template engine such as Latte.",ERROR,php.lang.security.tainted-user-input-in-php-script.tainted-user-input-in-php-script
../../CrossVul/CWE-22/php/bad_3613_3,376,13,`Printing user input risks cross-site scripting vulnerability. You should use `htmlentities()` when showing data to users.,ERROR,php.lang.security.injection.printed-request.printed-request
../../CrossVul/CWE-22/php/bad_3613_3,399,13,`Printing user input risks cross-site scripting vulnerability. You should use `htmlentities()` when showing data to users.,ERROR,php.lang.security.injection.printed-request.printed-request
../../CrossVul/CWE-22/php/bad_3613_3,402,13,`Printing user input risks cross-site scripting vulnerability. You should use `htmlentities()` when showing data to users.,ERROR,php.lang.security.injection.printed-request.printed-request
../../CrossVul/CWE-22/php/bad_3613_3,402,30,"Untrusted input could be used to tamper with a web page rendering, which can lead to a Cross-site scripting (XSS) vulnerability. XSS vulnerabilities occur when untrusted input executes malicious JavaScript code, leading to issues such as account compromise and sensitive information leakage. To prevent this vulnerability, validate the user input, perform contextual output encoding or sanitize the input. In PHP you can encode or sanitize user input with `htmlspecialchars` or use automatic context-aware escaping with a template engine such as Latte.",ERROR,php.lang.security.tainted-user-input-in-php-script.tainted-user-input-in-php-script
../../CrossVul/CWE-22/php/bad_3613_3,406,13,`Printing user input risks cross-site scripting vulnerability. You should use `htmlentities()` when showing data to users.,ERROR,php.lang.security.injection.printed-request.printed-request
../../CrossVul/CWE-22/php/bad_3613_3,406,30,"Untrusted input could be used to tamper with a web page rendering, which can lead to a Cross-site scripting (XSS) vulnerability. XSS vulnerabilities occur when untrusted input executes malicious JavaScript code, leading to issues such as account compromise and sensitive information leakage. To prevent this vulnerability, validate the user input, perform contextual output encoding or sanitize the input. In PHP you can encode or sanitize user input with `htmlspecialchars` or use automatic context-aware escaping with a template engine such as Latte.",ERROR,php.lang.security.tainted-user-input-in-php-script.tainted-user-input-in-php-script
../../CrossVul/CWE-22/php/bad_3613_3,412,13,`Printing user input risks cross-site scripting vulnerability. You should use `htmlentities()` when showing data to users.,ERROR,php.lang.security.injection.printed-request.printed-request
../../CrossVul/CWE-22/php/bad_3613_3,413,13,`Printing user input risks cross-site scripting vulnerability. You should use `htmlentities()` when showing data to users.,ERROR,php.lang.security.injection.printed-request.printed-request
../../CrossVul/CWE-22/php/bad_3613_3,419,13,`Printing user input risks cross-site scripting vulnerability. You should use `htmlentities()` when showing data to users.,ERROR,php.lang.security.injection.printed-request.printed-request
../../CrossVul/CWE-22/php/bad_3613_3,429,21,`Printing user input risks cross-site scripting vulnerability. You should use `htmlentities()` when showing data to users.,ERROR,php.lang.security.injection.printed-request.printed-request
../../CrossVul/CWE-22/php/bad_3613_3,440,13,`Printing user input risks cross-site scripting vulnerability. You should use `htmlentities()` when showing data to users.,ERROR,php.lang.security.injection.printed-request.printed-request
../../CrossVul/CWE-22/php/bad_3613_3,440,30,"Untrusted input could be used to tamper with a web page rendering, which can lead to a Cross-site scripting (XSS) vulnerability. XSS vulnerabilities occur when untrusted input executes malicious JavaScript code, leading to issues such as account compromise and sensitive information leakage. To prevent this vulnerability, validate the user input, perform contextual output encoding or sanitize the input. In PHP you can encode or sanitize user input with `htmlspecialchars` or use automatic context-aware escaping with a template engine such as Latte.",ERROR,php.lang.security.tainted-user-input-in-php-script.tainted-user-input-in-php-script
../../CrossVul/CWE-22/php/bad_3613_3,441,13,`Printing user input risks cross-site scripting vulnerability. You should use `htmlentities()` when showing data to users.,ERROR,php.lang.security.injection.printed-request.printed-request
../../CrossVul/CWE-22/php/bad_3613_3,441,26,"Untrusted input could be used to tamper with a web page rendering, which can lead to a Cross-site scripting (XSS) vulnerability. XSS vulnerabilities occur when untrusted input executes malicious JavaScript code, leading to issues such as account compromise and sensitive information leakage. To prevent this vulnerability, validate the user input, perform contextual output encoding or sanitize the input. In PHP you can encode or sanitize user input with `htmlspecialchars` or use automatic context-aware escaping with a template engine such as Latte.",ERROR,php.lang.security.tainted-user-input-in-php-script.tainted-user-input-in-php-script
../../CrossVul/CWE-22/php/bad_3613_3,444,13,`Printing user input risks cross-site scripting vulnerability. You should use `htmlentities()` when showing data to users.,ERROR,php.lang.security.injection.printed-request.printed-request
../../CrossVul/CWE-22/php/bad_3613_3,444,30,"Untrusted input could be used to tamper with a web page rendering, which can lead to a Cross-site scripting (XSS) vulnerability. XSS vulnerabilities occur when untrusted input executes malicious JavaScript code, leading to issues such as account compromise and sensitive information leakage. To prevent this vulnerability, validate the user input, perform contextual output encoding or sanitize the input. In PHP you can encode or sanitize user input with `htmlspecialchars` or use automatic context-aware escaping with a template engine such as Latte.",ERROR,php.lang.security.tainted-user-input-in-php-script.tainted-user-input-in-php-script
../../CrossVul/CWE-22/php/bad_3613_3,445,13,`Printing user input risks cross-site scripting vulnerability. You should use `htmlentities()` when showing data to users.,ERROR,php.lang.security.injection.printed-request.printed-request
../../CrossVul/CWE-22/php/bad_3613_3,445,26,"Untrusted input could be used to tamper with a web page rendering, which can lead to a Cross-site scripting (XSS) vulnerability. XSS vulnerabilities occur when untrusted input executes malicious JavaScript code, leading to issues such as account compromise and sensitive information leakage. To prevent this vulnerability, validate the user input, perform contextual output encoding or sanitize the input. In PHP you can encode or sanitize user input with `htmlspecialchars` or use automatic context-aware escaping with a template engine such as Latte.",ERROR,php.lang.security.tainted-user-input-in-php-script.tainted-user-input-in-php-script
../../CrossVul/CWE-22/php/bad_3613_3,449,13,`Printing user input risks cross-site scripting vulnerability. You should use `htmlentities()` when showing data to users.,ERROR,php.lang.security.injection.printed-request.printed-request
../../CrossVul/CWE-22/php/bad_3613_3,449,30,"Untrusted input could be used to tamper with a web page rendering, which can lead to a Cross-site scripting (XSS) vulnerability. XSS vulnerabilities occur when untrusted input executes malicious JavaScript code, leading to issues such as account compromise and sensitive information leakage. To prevent this vulnerability, validate the user input, perform contextual output encoding or sanitize the input. In PHP you can encode or sanitize user input with `htmlspecialchars` or use automatic context-aware escaping with a template engine such as Latte.",ERROR,php.lang.security.tainted-user-input-in-php-script.tainted-user-input-in-php-script
../../CrossVul/CWE-22/php/bad_3613_3,452,13,`Printing user input risks cross-site scripting vulnerability. You should use `htmlentities()` when showing data to users.,ERROR,php.lang.security.injection.printed-request.printed-request
../../CrossVul/CWE-22/php/bad_3613_3,452,30,"Untrusted input could be used to tamper with a web page rendering, which can lead to a Cross-site scripting (XSS) vulnerability. XSS vulnerabilities occur when untrusted input executes malicious JavaScript code, leading to issues such as account compromise and sensitive information leakage. To prevent this vulnerability, validate the user input, perform contextual output encoding or sanitize the input. In PHP you can encode or sanitize user input with `htmlspecialchars` or use automatic context-aware escaping with a template engine such as Latte.",ERROR,php.lang.security.tainted-user-input-in-php-script.tainted-user-input-in-php-script
../../CrossVul/CWE-22/php/bad_3613_3,457,13,`Printing user input risks cross-site scripting vulnerability. You should use `htmlentities()` when showing data to users.,ERROR,php.lang.security.injection.printed-request.printed-request
../../CrossVul/CWE-22/php/bad_3613_3,461,13,`Printing user input risks cross-site scripting vulnerability. You should use `htmlentities()` when showing data to users.,ERROR,php.lang.security.injection.printed-request.printed-request
../../CrossVul/CWE-22/php/bad_3613_3,461,43,"Untrusted input could be used to tamper with a web page rendering, which can lead to a Cross-site scripting (XSS) vulnerability. XSS vulnerabilities occur when untrusted input executes malicious JavaScript code, leading to issues such as account compromise and sensitive information leakage. To prevent this vulnerability, validate the user input, perform contextual output encoding or sanitize the input. In PHP you can encode or sanitize user input with `htmlspecialchars` or use automatic context-aware escaping with a template engine such as Latte.",ERROR,php.lang.security.tainted-user-input-in-php-script.tainted-user-input-in-php-script
../../CrossVul/CWE-22/php/bad_3613_3,556,13,`Printing user input risks cross-site scripting vulnerability. You should use `htmlentities()` when showing data to users.,ERROR,php.lang.security.injection.printed-request.printed-request
../../CrossVul/CWE-22/php/bad_3613_3,556,64,"Untrusted input could be used to tamper with a web page rendering, which can lead to a Cross-site scripting (XSS) vulnerability. XSS vulnerabilities occur when untrusted input executes malicious JavaScript code, leading to issues such as account compromise and sensitive information leakage. To prevent this vulnerability, validate the user input, perform contextual output encoding or sanitize the input. In PHP you can encode or sanitize user input with `htmlspecialchars` or use automatic context-aware escaping with a template engine such as Latte.",ERROR,php.lang.security.tainted-user-input-in-php-script.tainted-user-input-in-php-script
../../CrossVul/CWE-22/php/bad_3613_3,557,13,`Printing user input risks cross-site scripting vulnerability. You should use `htmlentities()` when showing data to users.,ERROR,php.lang.security.injection.printed-request.printed-request
../../CrossVul/CWE-22/php/bad_3613_3,571,13,`Printing user input risks cross-site scripting vulnerability. You should use `htmlentities()` when showing data to users.,ERROR,php.lang.security.injection.printed-request.printed-request
../../CrossVul/CWE-22/php/bad_3613_3,574,13,`Printing user input risks cross-site scripting vulnerability. You should use `htmlentities()` when showing data to users.,ERROR,php.lang.security.injection.printed-request.printed-request
../../CrossVul/CWE-22/php/bad_3613_3,574,30,"Untrusted input could be used to tamper with a web page rendering, which can lead to a Cross-site scripting (XSS) vulnerability. XSS vulnerabilities occur when untrusted input executes malicious JavaScript code, leading to issues such as account compromise and sensitive information leakage. To prevent this vulnerability, validate the user input, perform contextual output encoding or sanitize the input. In PHP you can encode or sanitize user input with `htmlspecialchars` or use automatic context-aware escaping with a template engine such as Latte.",ERROR,php.lang.security.tainted-user-input-in-php-script.tainted-user-input-in-php-script
../../CrossVul/CWE-22/php/bad_3613_3,577,13,`Printing user input risks cross-site scripting vulnerability. You should use `htmlentities()` when showing data to users.,ERROR,php.lang.security.injection.printed-request.printed-request
../../CrossVul/CWE-22/php/bad_3613_3,577,30,"Untrusted input could be used to tamper with a web page rendering, which can lead to a Cross-site scripting (XSS) vulnerability. XSS vulnerabilities occur when untrusted input executes malicious JavaScript code, leading to issues such as account compromise and sensitive information leakage. To prevent this vulnerability, validate the user input, perform contextual output encoding or sanitize the input. In PHP you can encode or sanitize user input with `htmlspecialchars` or use automatic context-aware escaping with a template engine such as Latte.",ERROR,php.lang.security.tainted-user-input-in-php-script.tainted-user-input-in-php-script
../../CrossVul/CWE-22/php/bad_3613_3,581,13,`Printing user input risks cross-site scripting vulnerability. You should use `htmlentities()` when showing data to users.,ERROR,php.lang.security.injection.printed-request.printed-request
../../CrossVul/CWE-22/php/bad_3613_3,582,13,`Printing user input risks cross-site scripting vulnerability. You should use `htmlentities()` when showing data to users.,ERROR,php.lang.security.injection.printed-request.printed-request
../../CrossVul/CWE-22/php/bad_3613_3,587,13,`Printing user input risks cross-site scripting vulnerability. You should use `htmlentities()` when showing data to users.,ERROR,php.lang.security.injection.printed-request.printed-request
../../CrossVul/CWE-22/php/bad_3613_3,595,17,`Printing user input risks cross-site scripting vulnerability. You should use `htmlentities()` when showing data to users.,ERROR,php.lang.security.injection.printed-request.printed-request
../../CrossVul/CWE-22/php/bad_3613_3,600,13,`Printing user input risks cross-site scripting vulnerability. You should use `htmlentities()` when showing data to users.,ERROR,php.lang.security.injection.printed-request.printed-request
../../CrossVul/CWE-22/php/bad_3613_3,600,30,"Untrusted input could be used to tamper with a web page rendering, which can lead to a Cross-site scripting (XSS) vulnerability. XSS vulnerabilities occur when untrusted input executes malicious JavaScript code, leading to issues such as account compromise and sensitive information leakage. To prevent this vulnerability, validate the user input, perform contextual output encoding or sanitize the input. In PHP you can encode or sanitize user input with `htmlspecialchars` or use automatic context-aware escaping with a template engine such as Latte.",ERROR,php.lang.security.tainted-user-input-in-php-script.tainted-user-input-in-php-script
../../CrossVul/CWE-22/php/bad_3613_3,601,13,`Printing user input risks cross-site scripting vulnerability. You should use `htmlentities()` when showing data to users.,ERROR,php.lang.security.injection.printed-request.printed-request
../../CrossVul/CWE-22/php/bad_3613_3,601,26,"Untrusted input could be used to tamper with a web page rendering, which can lead to a Cross-site scripting (XSS) vulnerability. XSS vulnerabilities occur when untrusted input executes malicious JavaScript code, leading to issues such as account compromise and sensitive information leakage. To prevent this vulnerability, validate the user input, perform contextual output encoding or sanitize the input. In PHP you can encode or sanitize user input with `htmlspecialchars` or use automatic context-aware escaping with a template engine such as Latte.",ERROR,php.lang.security.tainted-user-input-in-php-script.tainted-user-input-in-php-script
../../CrossVul/CWE-22/php/bad_3613_3,603,13,`Printing user input risks cross-site scripting vulnerability. You should use `htmlentities()` when showing data to users.,ERROR,php.lang.security.injection.printed-request.printed-request
../../CrossVul/CWE-22/php/bad_3613_3,603,30,"Untrusted input could be used to tamper with a web page rendering, which can lead to a Cross-site scripting (XSS) vulnerability. XSS vulnerabilities occur when untrusted input executes malicious JavaScript code, leading to issues such as account compromise and sensitive information leakage. To prevent this vulnerability, validate the user input, perform contextual output encoding or sanitize the input. In PHP you can encode or sanitize user input with `htmlspecialchars` or use automatic context-aware escaping with a template engine such as Latte.",ERROR,php.lang.security.tainted-user-input-in-php-script.tainted-user-input-in-php-script
../../CrossVul/CWE-22/php/bad_3613_3,604,13,`Printing user input risks cross-site scripting vulnerability. You should use `htmlentities()` when showing data to users.,ERROR,php.lang.security.injection.printed-request.printed-request
../../CrossVul/CWE-22/php/bad_3613_3,604,26,"Untrusted input could be used to tamper with a web page rendering, which can lead to a Cross-site scripting (XSS) vulnerability. XSS vulnerabilities occur when untrusted input executes malicious JavaScript code, leading to issues such as account compromise and sensitive information leakage. To prevent this vulnerability, validate the user input, perform contextual output encoding or sanitize the input. In PHP you can encode or sanitize user input with `htmlspecialchars` or use automatic context-aware escaping with a template engine such as Latte.",ERROR,php.lang.security.tainted-user-input-in-php-script.tainted-user-input-in-php-script
../../CrossVul/CWE-22/php/bad_3613_3,607,13,`Printing user input risks cross-site scripting vulnerability. You should use `htmlentities()` when showing data to users.,ERROR,php.lang.security.injection.printed-request.printed-request
../../CrossVul/CWE-22/php/bad_3613_3,607,30,"Untrusted input could be used to tamper with a web page rendering, which can lead to a Cross-site scripting (XSS) vulnerability. XSS vulnerabilities occur when untrusted input executes malicious JavaScript code, leading to issues such as account compromise and sensitive information leakage. To prevent this vulnerability, validate the user input, perform contextual output encoding or sanitize the input. In PHP you can encode or sanitize user input with `htmlspecialchars` or use automatic context-aware escaping with a template engine such as Latte.",ERROR,php.lang.security.tainted-user-input-in-php-script.tainted-user-input-in-php-script
../../CrossVul/CWE-22/php/bad_3613_3,612,17,`Printing user input risks cross-site scripting vulnerability. You should use `htmlentities()` when showing data to users.,ERROR,php.lang.security.injection.printed-request.printed-request
../../CrossVul/CWE-22/php/bad_3613_3,612,30,"Untrusted input could be used to tamper with a web page rendering, which can lead to a Cross-site scripting (XSS) vulnerability. XSS vulnerabilities occur when untrusted input executes malicious JavaScript code, leading to issues such as account compromise and sensitive information leakage. To prevent this vulnerability, validate the user input, perform contextual output encoding or sanitize the input. In PHP you can encode or sanitize user input with `htmlspecialchars` or use automatic context-aware escaping with a template engine such as Latte.",ERROR,php.lang.security.tainted-user-input-in-php-script.tainted-user-input-in-php-script
../../CrossVul/CWE-22/php/bad_3613_3,621,13,`Printing user input risks cross-site scripting vulnerability. You should use `htmlentities()` when showing data to users.,ERROR,php.lang.security.injection.printed-request.printed-request
../../CrossVul/CWE-22/php/bad_3613_3,621,127,"Untrusted input could be used to tamper with a web page rendering, which can lead to a Cross-site scripting (XSS) vulnerability. XSS vulnerabilities occur when untrusted input executes malicious JavaScript code, leading to issues such as account compromise and sensitive information leakage. To prevent this vulnerability, validate the user input, perform contextual output encoding or sanitize the input. In PHP you can encode or sanitize user input with `htmlspecialchars` or use automatic context-aware escaping with a template engine such as Latte.",ERROR,php.lang.security.tainted-user-input-in-php-script.tainted-user-input-in-php-script
../../CrossVul/CWE-22/php/bad_3613_3,631,13,`Printing user input risks cross-site scripting vulnerability. You should use `htmlentities()` when showing data to users.,ERROR,php.lang.security.injection.printed-request.printed-request
../../CrossVul/CWE-22/php/bad_3613_3,731,9,`Printing user input risks cross-site scripting vulnerability. You should use `htmlentities()` when showing data to users.,ERROR,php.lang.security.injection.printed-request.printed-request
../../CrossVul/CWE-22/php/bad_3613_3,756,9,`Printing user input risks cross-site scripting vulnerability. You should use `htmlentities()` when showing data to users.,ERROR,php.lang.security.injection.printed-request.printed-request
../../CrossVul/CWE-22/php/bad_3613_3,799,13,`Printing user input risks cross-site scripting vulnerability. You should use `htmlentities()` when showing data to users.,ERROR,php.lang.security.injection.printed-request.printed-request
../../CrossVul/CWE-22/php/bad_3613_3,799,35,"Untrusted input could be used to tamper with a web page rendering, which can lead to a Cross-site scripting (XSS) vulnerability. XSS vulnerabilities occur when untrusted input executes malicious JavaScript code, leading to issues such as account compromise and sensitive information leakage. To prevent this vulnerability, validate the user input, perform contextual output encoding or sanitize the input. In PHP you can encode or sanitize user input with `htmlspecialchars` or use automatic context-aware escaping with a template engine such as Latte.",ERROR,php.lang.security.tainted-user-input-in-php-script.tainted-user-input-in-php-script
../../CrossVul/CWE-22/php/bad_3613_3,811,9,`Printing user input risks cross-site scripting vulnerability. You should use `htmlentities()` when showing data to users.,ERROR,php.lang.security.injection.printed-request.printed-request
../../CrossVul/CWE-22/php/bad_3613_3,887,9,`Printing user input risks cross-site scripting vulnerability. You should use `htmlentities()` when showing data to users.,ERROR,php.lang.security.injection.printed-request.printed-request
../../CrossVul/CWE-22/php/bad_3613_3,889,9,`Printing user input risks cross-site scripting vulnerability. You should use `htmlentities()` when showing data to users.,ERROR,php.lang.security.injection.printed-request.printed-request
../../CrossVul/CWE-22/php/bad_3614_1,560,2,`Printing user input risks cross-site scripting vulnerability. You should use `htmlentities()` when showing data to users.,ERROR,php.lang.security.injection.printed-request.printed-request
../../CrossVul/CWE-22/php/bad_3614_1,680,3,`Printing user input risks cross-site scripting vulnerability. You should use `htmlentities()` when showing data to users.,ERROR,php.lang.security.injection.printed-request.printed-request
../../CrossVul/CWE-22/php/bad_3614_7,297,5,`Printing user input risks cross-site scripting vulnerability. You should use `htmlentities()` when showing data to users.,ERROR,php.lang.security.injection.printed-request.printed-request
../../CrossVul/CWE-22/php/bad_3614_7,297,50,"Untrusted input could be used to tamper with a web page rendering, which can lead to a Cross-site scripting (XSS) vulnerability. XSS vulnerabilities occur when untrusted input executes malicious JavaScript code, leading to issues such as account compromise and sensitive information leakage. To prevent this vulnerability, validate the user input, perform contextual output encoding or sanitize the input. In PHP you can encode or sanitize user input with `htmlspecialchars` or use automatic context-aware escaping with a template engine such as Latte.",ERROR,php.lang.security.tainted-user-input-in-php-script.tainted-user-input-in-php-script
../../CrossVul/CWE-22/php/bad_3614_7,300,5,`Printing user input risks cross-site scripting vulnerability. You should use `htmlentities()` when showing data to users.,ERROR,php.lang.security.injection.printed-request.printed-request
../../CrossVul/CWE-22/php/bad_3614_7,300,50,"Untrusted input could be used to tamper with a web page rendering, which can lead to a Cross-site scripting (XSS) vulnerability. XSS vulnerabilities occur when untrusted input executes malicious JavaScript code, leading to issues such as account compromise and sensitive information leakage. To prevent this vulnerability, validate the user input, perform contextual output encoding or sanitize the input. In PHP you can encode or sanitize user input with `htmlspecialchars` or use automatic context-aware escaping with a template engine such as Latte.",ERROR,php.lang.security.tainted-user-input-in-php-script.tainted-user-input-in-php-script
../../CrossVul/CWE-22/php/bad_3614_7,328,5,`Printing user input risks cross-site scripting vulnerability. You should use `htmlentities()` when showing data to users.,ERROR,php.lang.security.injection.printed-request.printed-request
../../CrossVul/CWE-22/php/bad_3614_8,234,2,`Printing user input risks cross-site scripting vulnerability. You should use `htmlentities()` when showing data to users.,ERROR,php.lang.security.injection.printed-request.printed-request
../../CrossVul/CWE-22/php/bad_3614_8,243,2,`Printing user input risks cross-site scripting vulnerability. You should use `htmlentities()` when showing data to users.,ERROR,php.lang.security.injection.printed-request.printed-request
../../CrossVul/CWE-22/php/bad_3614_8,248,2,`Printing user input risks cross-site scripting vulnerability. You should use `htmlentities()` when showing data to users.,ERROR,php.lang.security.injection.printed-request.printed-request
../../CrossVul/CWE-22/php/bad_3614_4,375,13,`Printing user input risks cross-site scripting vulnerability. You should use `htmlentities()` when showing data to users.,ERROR,php.lang.security.injection.printed-request.printed-request
../../CrossVul/CWE-22/php/bad_3614_4,375,64,"Untrusted input could be used to tamper with a web page rendering, which can lead to a Cross-site scripting (XSS) vulnerability. XSS vulnerabilities occur when untrusted input executes malicious JavaScript code, leading to issues such as account compromise and sensitive information leakage. To prevent this vulnerability, validate the user input, perform contextual output encoding or sanitize the input. In PHP you can encode or sanitize user input with `htmlspecialchars` or use automatic context-aware escaping with a template engine such as Latte.",ERROR,php.lang.security.tainted-user-input-in-php-script.tainted-user-input-in-php-script
../../CrossVul/CWE-22/php/bad_3614_4,376,13,`Printing user input risks cross-site scripting vulnerability. You should use `htmlentities()` when showing data to users.,ERROR,php.lang.security.injection.printed-request.printed-request
../../CrossVul/CWE-22/php/bad_3614_4,399,13,`Printing user input risks cross-site scripting vulnerability. You should use `htmlentities()` when showing data to users.,ERROR,php.lang.security.injection.printed-request.printed-request
../../CrossVul/CWE-22/php/bad_3614_4,402,13,`Printing user input risks cross-site scripting vulnerability. You should use `htmlentities()` when showing data to users.,ERROR,php.lang.security.injection.printed-request.printed-request
../../CrossVul/CWE-22/php/bad_3614_4,402,30,"Untrusted input could be used to tamper with a web page rendering, which can lead to a Cross-site scripting (XSS) vulnerability. XSS vulnerabilities occur when untrusted input executes malicious JavaScript code, leading to issues such as account compromise and sensitive information leakage. To prevent this vulnerability, validate the user input, perform contextual output encoding or sanitize the input. In PHP you can encode or sanitize user input with `htmlspecialchars` or use automatic context-aware escaping with a template engine such as Latte.",ERROR,php.lang.security.tainted-user-input-in-php-script.tainted-user-input-in-php-script
../../CrossVul/CWE-22/php/bad_3614_4,406,13,`Printing user input risks cross-site scripting vulnerability. You should use `htmlentities()` when showing data to users.,ERROR,php.lang.security.injection.printed-request.printed-request
../../CrossVul/CWE-22/php/bad_3614_4,406,30,"Untrusted input could be used to tamper with a web page rendering, which can lead to a Cross-site scripting (XSS) vulnerability. XSS vulnerabilities occur when untrusted input executes malicious JavaScript code, leading to issues such as account compromise and sensitive information leakage. To prevent this vulnerability, validate the user input, perform contextual output encoding or sanitize the input. In PHP you can encode or sanitize user input with `htmlspecialchars` or use automatic context-aware escaping with a template engine such as Latte.",ERROR,php.lang.security.tainted-user-input-in-php-script.tainted-user-input-in-php-script
../../CrossVul/CWE-22/php/bad_3614_4,412,13,`Printing user input risks cross-site scripting vulnerability. You should use `htmlentities()` when showing data to users.,ERROR,php.lang.security.injection.printed-request.printed-request
../../CrossVul/CWE-22/php/bad_3614_4,413,13,`Printing user input risks cross-site scripting vulnerability. You should use `htmlentities()` when showing data to users.,ERROR,php.lang.security.injection.printed-request.printed-request
../../CrossVul/CWE-22/php/bad_3614_4,419,13,`Printing user input risks cross-site scripting vulnerability. You should use `htmlentities()` when showing data to users.,ERROR,php.lang.security.injection.printed-request.printed-request
../../CrossVul/CWE-22/php/bad_3614_4,429,21,`Printing user input risks cross-site scripting vulnerability. You should use `htmlentities()` when showing data to users.,ERROR,php.lang.security.injection.printed-request.printed-request
../../CrossVul/CWE-22/php/bad_3614_4,440,13,`Printing user input risks cross-site scripting vulnerability. You should use `htmlentities()` when showing data to users.,ERROR,php.lang.security.injection.printed-request.printed-request
../../CrossVul/CWE-22/php/bad_3614_4,440,30,"Untrusted input could be used to tamper with a web page rendering, which can lead to a Cross-site scripting (XSS) vulnerability. XSS vulnerabilities occur when untrusted input executes malicious JavaScript code, leading to issues such as account compromise and sensitive information leakage. To prevent this vulnerability, validate the user input, perform contextual output encoding or sanitize the input. In PHP you can encode or sanitize user input with `htmlspecialchars` or use automatic context-aware escaping with a template engine such as Latte.",ERROR,php.lang.security.tainted-user-input-in-php-script.tainted-user-input-in-php-script
../../CrossVul/CWE-22/php/bad_3614_4,441,13,`Printing user input risks cross-site scripting vulnerability. You should use `htmlentities()` when showing data to users.,ERROR,php.lang.security.injection.printed-request.printed-request
../../CrossVul/CWE-22/php/bad_3614_4,441,26,"Untrusted input could be used to tamper with a web page rendering, which can lead to a Cross-site scripting (XSS) vulnerability. XSS vulnerabilities occur when untrusted input executes malicious JavaScript code, leading to issues such as account compromise and sensitive information leakage. To prevent this vulnerability, validate the user input, perform contextual output encoding or sanitize the input. In PHP you can encode or sanitize user input with `htmlspecialchars` or use automatic context-aware escaping with a template engine such as Latte.",ERROR,php.lang.security.tainted-user-input-in-php-script.tainted-user-input-in-php-script
../../CrossVul/CWE-22/php/bad_3614_4,444,13,`Printing user input risks cross-site scripting vulnerability. You should use `htmlentities()` when showing data to users.,ERROR,php.lang.security.injection.printed-request.printed-request
../../CrossVul/CWE-22/php/bad_3614_4,444,30,"Untrusted input could be used to tamper with a web page rendering, which can lead to a Cross-site scripting (XSS) vulnerability. XSS vulnerabilities occur when untrusted input executes malicious JavaScript code, leading to issues such as account compromise and sensitive information leakage. To prevent this vulnerability, validate the user input, perform contextual output encoding or sanitize the input. In PHP you can encode or sanitize user input with `htmlspecialchars` or use automatic context-aware escaping with a template engine such as Latte.",ERROR,php.lang.security.tainted-user-input-in-php-script.tainted-user-input-in-php-script
../../CrossVul/CWE-22/php/bad_3614_4,445,13,`Printing user input risks cross-site scripting vulnerability. You should use `htmlentities()` when showing data to users.,ERROR,php.lang.security.injection.printed-request.printed-request
../../CrossVul/CWE-22/php/bad_3614_4,445,26,"Untrusted input could be used to tamper with a web page rendering, which can lead to a Cross-site scripting (XSS) vulnerability. XSS vulnerabilities occur when untrusted input executes malicious JavaScript code, leading to issues such as account compromise and sensitive information leakage. To prevent this vulnerability, validate the user input, perform contextual output encoding or sanitize the input. In PHP you can encode or sanitize user input with `htmlspecialchars` or use automatic context-aware escaping with a template engine such as Latte.",ERROR,php.lang.security.tainted-user-input-in-php-script.tainted-user-input-in-php-script
../../CrossVul/CWE-22/php/bad_3614_4,449,13,`Printing user input risks cross-site scripting vulnerability. You should use `htmlentities()` when showing data to users.,ERROR,php.lang.security.injection.printed-request.printed-request
../../CrossVul/CWE-22/php/bad_3614_4,449,30,"Untrusted input could be used to tamper with a web page rendering, which can lead to a Cross-site scripting (XSS) vulnerability. XSS vulnerabilities occur when untrusted input executes malicious JavaScript code, leading to issues such as account compromise and sensitive information leakage. To prevent this vulnerability, validate the user input, perform contextual output encoding or sanitize the input. In PHP you can encode or sanitize user input with `htmlspecialchars` or use automatic context-aware escaping with a template engine such as Latte.",ERROR,php.lang.security.tainted-user-input-in-php-script.tainted-user-input-in-php-script
../../CrossVul/CWE-22/php/bad_3614_4,452,13,`Printing user input risks cross-site scripting vulnerability. You should use `htmlentities()` when showing data to users.,ERROR,php.lang.security.injection.printed-request.printed-request
../../CrossVul/CWE-22/php/bad_3614_4,452,30,"Untrusted input could be used to tamper with a web page rendering, which can lead to a Cross-site scripting (XSS) vulnerability. XSS vulnerabilities occur when untrusted input executes malicious JavaScript code, leading to issues such as account compromise and sensitive information leakage. To prevent this vulnerability, validate the user input, perform contextual output encoding or sanitize the input. In PHP you can encode or sanitize user input with `htmlspecialchars` or use automatic context-aware escaping with a template engine such as Latte.",ERROR,php.lang.security.tainted-user-input-in-php-script.tainted-user-input-in-php-script
../../CrossVul/CWE-22/php/bad_3614_4,457,13,`Printing user input risks cross-site scripting vulnerability. You should use `htmlentities()` when showing data to users.,ERROR,php.lang.security.injection.printed-request.printed-request
../../CrossVul/CWE-22/php/bad_3614_4,461,13,`Printing user input risks cross-site scripting vulnerability. You should use `htmlentities()` when showing data to users.,ERROR,php.lang.security.injection.printed-request.printed-request
../../CrossVul/CWE-22/php/bad_3614_4,461,43,"Untrusted input could be used to tamper with a web page rendering, which can lead to a Cross-site scripting (XSS) vulnerability. XSS vulnerabilities occur when untrusted input executes malicious JavaScript code, leading to issues such as account compromise and sensitive information leakage. To prevent this vulnerability, validate the user input, perform contextual output encoding or sanitize the input. In PHP you can encode or sanitize user input with `htmlspecialchars` or use automatic context-aware escaping with a template engine such as Latte.",ERROR,php.lang.security.tainted-user-input-in-php-script.tainted-user-input-in-php-script
../../CrossVul/CWE-22/php/bad_3614_4,556,13,`Printing user input risks cross-site scripting vulnerability. You should use `htmlentities()` when showing data to users.,ERROR,php.lang.security.injection.printed-request.printed-request
../../CrossVul/CWE-22/php/bad_3614_4,556,64,"Untrusted input could be used to tamper with a web page rendering, which can lead to a Cross-site scripting (XSS) vulnerability. XSS vulnerabilities occur when untrusted input executes malicious JavaScript code, leading to issues such as account compromise and sensitive information leakage. To prevent this vulnerability, validate the user input, perform contextual output encoding or sanitize the input. In PHP you can encode or sanitize user input with `htmlspecialchars` or use automatic context-aware escaping with a template engine such as Latte.",ERROR,php.lang.security.tainted-user-input-in-php-script.tainted-user-input-in-php-script
../../CrossVul/CWE-22/php/bad_3614_4,557,13,`Printing user input risks cross-site scripting vulnerability. You should use `htmlentities()` when showing data to users.,ERROR,php.lang.security.injection.printed-request.printed-request
../../CrossVul/CWE-22/php/bad_3614_4,571,13,`Printing user input risks cross-site scripting vulnerability. You should use `htmlentities()` when showing data to users.,ERROR,php.lang.security.injection.printed-request.printed-request
../../CrossVul/CWE-22/php/bad_3614_4,574,13,`Printing user input risks cross-site scripting vulnerability. You should use `htmlentities()` when showing data to users.,ERROR,php.lang.security.injection.printed-request.printed-request
../../CrossVul/CWE-22/php/bad_3614_4,574,30,"Untrusted input could be used to tamper with a web page rendering, which can lead to a Cross-site scripting (XSS) vulnerability. XSS vulnerabilities occur when untrusted input executes malicious JavaScript code, leading to issues such as account compromise and sensitive information leakage. To prevent this vulnerability, validate the user input, perform contextual output encoding or sanitize the input. In PHP you can encode or sanitize user input with `htmlspecialchars` or use automatic context-aware escaping with a template engine such as Latte.",ERROR,php.lang.security.tainted-user-input-in-php-script.tainted-user-input-in-php-script
../../CrossVul/CWE-22/php/bad_3614_4,577,13,`Printing user input risks cross-site scripting vulnerability. You should use `htmlentities()` when showing data to users.,ERROR,php.lang.security.injection.printed-request.printed-request
../../CrossVul/CWE-22/php/bad_3614_4,577,30,"Untrusted input could be used to tamper with a web page rendering, which can lead to a Cross-site scripting (XSS) vulnerability. XSS vulnerabilities occur when untrusted input executes malicious JavaScript code, leading to issues such as account compromise and sensitive information leakage. To prevent this vulnerability, validate the user input, perform contextual output encoding or sanitize the input. In PHP you can encode or sanitize user input with `htmlspecialchars` or use automatic context-aware escaping with a template engine such as Latte.",ERROR,php.lang.security.tainted-user-input-in-php-script.tainted-user-input-in-php-script
../../CrossVul/CWE-22/php/bad_3614_4,581,13,`Printing user input risks cross-site scripting vulnerability. You should use `htmlentities()` when showing data to users.,ERROR,php.lang.security.injection.printed-request.printed-request
../../CrossVul/CWE-22/php/bad_3614_4,582,13,`Printing user input risks cross-site scripting vulnerability. You should use `htmlentities()` when showing data to users.,ERROR,php.lang.security.injection.printed-request.printed-request
../../CrossVul/CWE-22/php/bad_3614_4,587,13,`Printing user input risks cross-site scripting vulnerability. You should use `htmlentities()` when showing data to users.,ERROR,php.lang.security.injection.printed-request.printed-request
../../CrossVul/CWE-22/php/bad_3614_4,595,17,`Printing user input risks cross-site scripting vulnerability. You should use `htmlentities()` when showing data to users.,ERROR,php.lang.security.injection.printed-request.printed-request
../../CrossVul/CWE-22/php/bad_3614_4,600,13,`Printing user input risks cross-site scripting vulnerability. You should use `htmlentities()` when showing data to users.,ERROR,php.lang.security.injection.printed-request.printed-request
../../CrossVul/CWE-22/php/bad_3614_4,600,30,"Untrusted input could be used to tamper with a web page rendering, which can lead to a Cross-site scripting (XSS) vulnerability. XSS vulnerabilities occur when untrusted input executes malicious JavaScript code, leading to issues such as account compromise and sensitive information leakage. To prevent this vulnerability, validate the user input, perform contextual output encoding or sanitize the input. In PHP you can encode or sanitize user input with `htmlspecialchars` or use automatic context-aware escaping with a template engine such as Latte.",ERROR,php.lang.security.tainted-user-input-in-php-script.tainted-user-input-in-php-script
../../CrossVul/CWE-22/php/bad_3614_4,601,13,`Printing user input risks cross-site scripting vulnerability. You should use `htmlentities()` when showing data to users.,ERROR,php.lang.security.injection.printed-request.printed-request
../../CrossVul/CWE-22/php/bad_3614_4,601,26,"Untrusted input could be used to tamper with a web page rendering, which can lead to a Cross-site scripting (XSS) vulnerability. XSS vulnerabilities occur when untrusted input executes malicious JavaScript code, leading to issues such as account compromise and sensitive information leakage. To prevent this vulnerability, validate the user input, perform contextual output encoding or sanitize the input. In PHP you can encode or sanitize user input with `htmlspecialchars` or use automatic context-aware escaping with a template engine such as Latte.",ERROR,php.lang.security.tainted-user-input-in-php-script.tainted-user-input-in-php-script
../../CrossVul/CWE-22/php/bad_3614_4,603,13,`Printing user input risks cross-site scripting vulnerability. You should use `htmlentities()` when showing data to users.,ERROR,php.lang.security.injection.printed-request.printed-request
../../CrossVul/CWE-22/php/bad_3614_4,603,30,"Untrusted input could be used to tamper with a web page rendering, which can lead to a Cross-site scripting (XSS) vulnerability. XSS vulnerabilities occur when untrusted input executes malicious JavaScript code, leading to issues such as account compromise and sensitive information leakage. To prevent this vulnerability, validate the user input, perform contextual output encoding or sanitize the input. In PHP you can encode or sanitize user input with `htmlspecialchars` or use automatic context-aware escaping with a template engine such as Latte.",ERROR,php.lang.security.tainted-user-input-in-php-script.tainted-user-input-in-php-script
../../CrossVul/CWE-22/php/bad_3614_4,604,13,`Printing user input risks cross-site scripting vulnerability. You should use `htmlentities()` when showing data to users.,ERROR,php.lang.security.injection.printed-request.printed-request
../../CrossVul/CWE-22/php/bad_3614_4,604,26,"Untrusted input could be used to tamper with a web page rendering, which can lead to a Cross-site scripting (XSS) vulnerability. XSS vulnerabilities occur when untrusted input executes malicious JavaScript code, leading to issues such as account compromise and sensitive information leakage. To prevent this vulnerability, validate the user input, perform contextual output encoding or sanitize the input. In PHP you can encode or sanitize user input with `htmlspecialchars` or use automatic context-aware escaping with a template engine such as Latte.",ERROR,php.lang.security.tainted-user-input-in-php-script.tainted-user-input-in-php-script
../../CrossVul/CWE-22/php/bad_3614_4,607,13,`Printing user input risks cross-site scripting vulnerability. You should use `htmlentities()` when showing data to users.,ERROR,php.lang.security.injection.printed-request.printed-request
../../CrossVul/CWE-22/php/bad_3614_4,607,30,"Untrusted input could be used to tamper with a web page rendering, which can lead to a Cross-site scripting (XSS) vulnerability. XSS vulnerabilities occur when untrusted input executes malicious JavaScript code, leading to issues such as account compromise and sensitive information leakage. To prevent this vulnerability, validate the user input, perform contextual output encoding or sanitize the input. In PHP you can encode or sanitize user input with `htmlspecialchars` or use automatic context-aware escaping with a template engine such as Latte.",ERROR,php.lang.security.tainted-user-input-in-php-script.tainted-user-input-in-php-script
../../CrossVul/CWE-22/php/bad_3614_4,612,17,`Printing user input risks cross-site scripting vulnerability. You should use `htmlentities()` when showing data to users.,ERROR,php.lang.security.injection.printed-request.printed-request
../../CrossVul/CWE-22/php/bad_3614_4,612,30,"Untrusted input could be used to tamper with a web page rendering, which can lead to a Cross-site scripting (XSS) vulnerability. XSS vulnerabilities occur when untrusted input executes malicious JavaScript code, leading to issues such as account compromise and sensitive information leakage. To prevent this vulnerability, validate the user input, perform contextual output encoding or sanitize the input. In PHP you can encode or sanitize user input with `htmlspecialchars` or use automatic context-aware escaping with a template engine such as Latte.",ERROR,php.lang.security.tainted-user-input-in-php-script.tainted-user-input-in-php-script
../../CrossVul/CWE-22/php/bad_3614_4,621,13,`Printing user input risks cross-site scripting vulnerability. You should use `htmlentities()` when showing data to users.,ERROR,php.lang.security.injection.printed-request.printed-request
../../CrossVul/CWE-22/php/bad_3614_4,621,127,"Untrusted input could be used to tamper with a web page rendering, which can lead to a Cross-site scripting (XSS) vulnerability. XSS vulnerabilities occur when untrusted input executes malicious JavaScript code, leading to issues such as account compromise and sensitive information leakage. To prevent this vulnerability, validate the user input, perform contextual output encoding or sanitize the input. In PHP you can encode or sanitize user input with `htmlspecialchars` or use automatic context-aware escaping with a template engine such as Latte.",ERROR,php.lang.security.tainted-user-input-in-php-script.tainted-user-input-in-php-script
../../CrossVul/CWE-22/php/bad_3614_4,631,13,`Printing user input risks cross-site scripting vulnerability. You should use `htmlentities()` when showing data to users.,ERROR,php.lang.security.injection.printed-request.printed-request
../../CrossVul/CWE-22/php/bad_3614_4,731,9,`Printing user input risks cross-site scripting vulnerability. You should use `htmlentities()` when showing data to users.,ERROR,php.lang.security.injection.printed-request.printed-request
../../CrossVul/CWE-22/php/bad_3614_4,756,9,`Printing user input risks cross-site scripting vulnerability. You should use `htmlentities()` when showing data to users.,ERROR,php.lang.security.injection.printed-request.printed-request
../../CrossVul/CWE-22/php/bad_3614_4,799,13,`Printing user input risks cross-site scripting vulnerability. You should use `htmlentities()` when showing data to users.,ERROR,php.lang.security.injection.printed-request.printed-request
../../CrossVul/CWE-22/php/bad_3614_4,799,35,"Untrusted input could be used to tamper with a web page rendering, which can lead to a Cross-site scripting (XSS) vulnerability. XSS vulnerabilities occur when untrusted input executes malicious JavaScript code, leading to issues such as account compromise and sensitive information leakage. To prevent this vulnerability, validate the user input, perform contextual output encoding or sanitize the input. In PHP you can encode or sanitize user input with `htmlspecialchars` or use automatic context-aware escaping with a template engine such as Latte.",ERROR,php.lang.security.tainted-user-input-in-php-script.tainted-user-input-in-php-script
../../CrossVul/CWE-22/php/bad_3614_4,811,9,`Printing user input risks cross-site scripting vulnerability. You should use `htmlentities()` when showing data to users.,ERROR,php.lang.security.injection.printed-request.printed-request
../../CrossVul/CWE-22/php/bad_3614_4,887,9,`Printing user input risks cross-site scripting vulnerability. You should use `htmlentities()` when showing data to users.,ERROR,php.lang.security.injection.printed-request.printed-request
../../CrossVul/CWE-22/php/bad_3614_4,889,9,`Printing user input risks cross-site scripting vulnerability. You should use `htmlentities()` when showing data to users.,ERROR,php.lang.security.injection.printed-request.printed-request
../../CrossVul/CWE-22/php/bad_3623_0,89,29,File name based on user input risks server-side request forgery.,WARNING,php.lang.security.injection.tainted-filename.tainted-filename
../../CrossVul/CWE-22/php/bad_3623_0,90,33,File name based on user input risks server-side request forgery.,WARNING,php.lang.security.injection.tainted-filename.tainted-filename
../../CrossVul/CWE-22/php/bad_3623_0,96,59,File name based on user input risks server-side request forgery.,WARNING,php.lang.security.injection.tainted-filename.tainted-filename
../../CrossVul/CWE-22/php/bad_3623_0,121,13,`Echo`ing user input risks cross-site scripting vulnerability. You should use `htmlentities()` when showing data to users.,ERROR,php.lang.security.injection.echoed-request.echoed-request
../../CrossVul/CWE-22/php/bad_3623_0,121,13,"Found direct access to a PHP variable wihout HTML escaping inside an inline PHP statement setting data from `$_REQUEST[...]`. When untrusted input can be used to tamper with a web page rendering, it can lead to a Cross-site scripting (XSS) vulnerability. XSS vulnerabilities occur when untrusted input executes malicious JavaScript code, leading to issues such as account compromise and sensitive information leakage. To prevent this vulnerability, validate the user input, perform contextual output encoding or sanitize the input. In PHP you can encode or sanitize user input with `htmlspecialchars` or use automatic context-aware escaping with a template engine such as Latte.",WARNING,php.lang.security.taint-unsafe-echo-tag.taint-unsafe-echo-tag
../../CrossVul/CWE-22/php/bad_3623_0,125,13,`Echo`ing user input risks cross-site scripting vulnerability. You should use `htmlentities()` when showing data to users.,ERROR,php.lang.security.injection.echoed-request.echoed-request
../../CrossVul/CWE-22/php/bad_3623_0,125,13,"Found direct access to a PHP variable wihout HTML escaping inside an inline PHP statement setting data from `$_REQUEST[...]`. When untrusted input can be used to tamper with a web page rendering, it can lead to a Cross-site scripting (XSS) vulnerability. XSS vulnerabilities occur when untrusted input executes malicious JavaScript code, leading to issues such as account compromise and sensitive information leakage. To prevent this vulnerability, validate the user input, perform contextual output encoding or sanitize the input. In PHP you can encode or sanitize user input with `htmlspecialchars` or use automatic context-aware escaping with a template engine such as Latte.",WARNING,php.lang.security.taint-unsafe-echo-tag.taint-unsafe-echo-tag
../../CrossVul/CWE-22/php/bad_3623_0,130,29,File name based on user input risks server-side request forgery.,WARNING,php.lang.security.injection.tainted-filename.tainted-filename
../../CrossVul/CWE-22/php/bad_3623_1,89,29,File name based on user input risks server-side request forgery.,WARNING,php.lang.security.injection.tainted-filename.tainted-filename
../../CrossVul/CWE-22/php/bad_3623_1,90,33,File name based on user input risks server-side request forgery.,WARNING,php.lang.security.injection.tainted-filename.tainted-filename
../../CrossVul/CWE-22/php/bad_3623_1,96,59,File name based on user input risks server-side request forgery.,WARNING,php.lang.security.injection.tainted-filename.tainted-filename
../../CrossVul/CWE-22/php/bad_3623_1,121,13,`Echo`ing user input risks cross-site scripting vulnerability. You should use `htmlentities()` when showing data to users.,ERROR,php.lang.security.injection.echoed-request.echoed-request
../../CrossVul/CWE-22/php/bad_3623_1,121,13,"Found direct access to a PHP variable wihout HTML escaping inside an inline PHP statement setting data from `$_REQUEST[...]`. When untrusted input can be used to tamper with a web page rendering, it can lead to a Cross-site scripting (XSS) vulnerability. XSS vulnerabilities occur when untrusted input executes malicious JavaScript code, leading to issues such as account compromise and sensitive information leakage. To prevent this vulnerability, validate the user input, perform contextual output encoding or sanitize the input. In PHP you can encode or sanitize user input with `htmlspecialchars` or use automatic context-aware escaping with a template engine such as Latte.",WARNING,php.lang.security.taint-unsafe-echo-tag.taint-unsafe-echo-tag
../../CrossVul/CWE-22/php/bad_3623_1,125,13,`Echo`ing user input risks cross-site scripting vulnerability. You should use `htmlentities()` when showing data to users.,ERROR,php.lang.security.injection.echoed-request.echoed-request
../../CrossVul/CWE-22/php/bad_3623_1,125,13,"Found direct access to a PHP variable wihout HTML escaping inside an inline PHP statement setting data from `$_REQUEST[...]`. When untrusted input can be used to tamper with a web page rendering, it can lead to a Cross-site scripting (XSS) vulnerability. XSS vulnerabilities occur when untrusted input executes malicious JavaScript code, leading to issues such as account compromise and sensitive information leakage. To prevent this vulnerability, validate the user input, perform contextual output encoding or sanitize the input. In PHP you can encode or sanitize user input with `htmlspecialchars` or use automatic context-aware escaping with a template engine such as Latte.",WARNING,php.lang.security.taint-unsafe-echo-tag.taint-unsafe-echo-tag
../../CrossVul/CWE-22/php/bad_3623_1,130,29,File name based on user input risks server-side request forgery.,WARNING,php.lang.security.injection.tainted-filename.tainted-filename
../../CrossVul/CWE-22/php/bad_3624_0,92,29,File name based on user input risks server-side request forgery.,WARNING,php.lang.security.injection.tainted-filename.tainted-filename
../../CrossVul/CWE-22/php/bad_3624_0,93,33,File name based on user input risks server-side request forgery.,WARNING,php.lang.security.injection.tainted-filename.tainted-filename
../../CrossVul/CWE-22/php/bad_3624_0,100,59,File name based on user input risks server-side request forgery.,WARNING,php.lang.security.injection.tainted-filename.tainted-filename
../../CrossVul/CWE-22/php/bad_3624_0,126,13,`Echo`ing user input risks cross-site scripting vulnerability. You should use `htmlentities()` when showing data to users.,ERROR,php.lang.security.injection.echoed-request.echoed-request
../../CrossVul/CWE-22/php/bad_3624_0,126,13,"Found direct access to a PHP variable wihout HTML escaping inside an inline PHP statement setting data from `$_REQUEST[...]`. When untrusted input can be used to tamper with a web page rendering, it can lead to a Cross-site scripting (XSS) vulnerability. XSS vulnerabilities occur when untrusted input executes malicious JavaScript code, leading to issues such as account compromise and sensitive information leakage. To prevent this vulnerability, validate the user input, perform contextual output encoding or sanitize the input. In PHP you can encode or sanitize user input with `htmlspecialchars` or use automatic context-aware escaping with a template engine such as Latte.",WARNING,php.lang.security.taint-unsafe-echo-tag.taint-unsafe-echo-tag
../../CrossVul/CWE-22/php/bad_3624_0,132,13,`Echo`ing user input risks cross-site scripting vulnerability. You should use `htmlentities()` when showing data to users.,ERROR,php.lang.security.injection.echoed-request.echoed-request
../../CrossVul/CWE-22/php/bad_3624_0,132,13,"Found direct access to a PHP variable wihout HTML escaping inside an inline PHP statement setting data from `$_REQUEST[...]`. When untrusted input can be used to tamper with a web page rendering, it can lead to a Cross-site scripting (XSS) vulnerability. XSS vulnerabilities occur when untrusted input executes malicious JavaScript code, leading to issues such as account compromise and sensitive information leakage. To prevent this vulnerability, validate the user input, perform contextual output encoding or sanitize the input. In PHP you can encode or sanitize user input with `htmlspecialchars` or use automatic context-aware escaping with a template engine such as Latte.",WARNING,php.lang.security.taint-unsafe-echo-tag.taint-unsafe-echo-tag
../../CrossVul/CWE-22/php/bad_3624_0,137,29,File name based on user input risks server-side request forgery.,WARNING,php.lang.security.injection.tainted-filename.tainted-filename
../../CrossVul/CWE-22/php/bad_3624_1,92,29,File name based on user input risks server-side request forgery.,WARNING,php.lang.security.injection.tainted-filename.tainted-filename
../../CrossVul/CWE-22/php/bad_3624_1,93,33,File name based on user input risks server-side request forgery.,WARNING,php.lang.security.injection.tainted-filename.tainted-filename
../../CrossVul/CWE-22/php/bad_3624_1,100,59,File name based on user input risks server-side request forgery.,WARNING,php.lang.security.injection.tainted-filename.tainted-filename
../../CrossVul/CWE-22/php/bad_3624_1,126,13,`Echo`ing user input risks cross-site scripting vulnerability. You should use `htmlentities()` when showing data to users.,ERROR,php.lang.security.injection.echoed-request.echoed-request
../../CrossVul/CWE-22/php/bad_3624_1,126,13,"Found direct access to a PHP variable wihout HTML escaping inside an inline PHP statement setting data from `$_REQUEST[...]`. When untrusted input can be used to tamper with a web page rendering, it can lead to a Cross-site scripting (XSS) vulnerability. XSS vulnerabilities occur when untrusted input executes malicious JavaScript code, leading to issues such as account compromise and sensitive information leakage. To prevent this vulnerability, validate the user input, perform contextual output encoding or sanitize the input. In PHP you can encode or sanitize user input with `htmlspecialchars` or use automatic context-aware escaping with a template engine such as Latte.",WARNING,php.lang.security.taint-unsafe-echo-tag.taint-unsafe-echo-tag
../../CrossVul/CWE-22/php/bad_3624_1,132,13,`Echo`ing user input risks cross-site scripting vulnerability. You should use `htmlentities()` when showing data to users.,ERROR,php.lang.security.injection.echoed-request.echoed-request
../../CrossVul/CWE-22/php/bad_3624_1,132,13,"Found direct access to a PHP variable wihout HTML escaping inside an inline PHP statement setting data from `$_REQUEST[...]`. When untrusted input can be used to tamper with a web page rendering, it can lead to a Cross-site scripting (XSS) vulnerability. XSS vulnerabilities occur when untrusted input executes malicious JavaScript code, leading to issues such as account compromise and sensitive information leakage. To prevent this vulnerability, validate the user input, perform contextual output encoding or sanitize the input. In PHP you can encode or sanitize user input with `htmlspecialchars` or use automatic context-aware escaping with a template engine such as Latte.",WARNING,php.lang.security.taint-unsafe-echo-tag.taint-unsafe-echo-tag
../../CrossVul/CWE-22/php/bad_3624_1,137,29,File name based on user input risks server-side request forgery.,WARNING,php.lang.security.injection.tainted-filename.tainted-filename
../../CrossVul/CWE-22/php/bad_387_2,373,19,File name based on user input risks server-side request forgery.,WARNING,php.lang.security.injection.tainted-filename.tainted-filename
../../CrossVul/CWE-22/php/bad_387_2,388,36,File name based on user input risks server-side request forgery.,WARNING,php.lang.security.injection.tainted-filename.tainted-filename
../../CrossVul/CWE-22/php/bad_387_2,391,35,File name based on user input risks server-side request forgery.,WARNING,php.lang.security.injection.tainted-filename.tainted-filename
../../CrossVul/CWE-22/php/bad_387_2,441,32,File name based on user input risks server-side request forgery.,WARNING,php.lang.security.injection.tainted-filename.tainted-filename
../../CrossVul/CWE-22/php/bad_387_2,450,1,`Echo`ing user input risks cross-site scripting vulnerability. You should use `htmlentities()` when showing data to users.,ERROR,php.lang.security.injection.echoed-request.echoed-request
../../CrossVul/CWE-22/php/bad_387_2,450,1,"Found direct access to a PHP variable wihout HTML escaping inside an inline PHP statement setting data from `$_REQUEST[...]`. When untrusted input can be used to tamper with a web page rendering, it can lead to a Cross-site scripting (XSS) vulnerability. XSS vulnerabilities occur when untrusted input executes malicious JavaScript code, leading to issues such as account compromise and sensitive information leakage. To prevent this vulnerability, validate the user input, perform contextual output encoding or sanitize the input. In PHP you can encode or sanitize user input with `htmlspecialchars` or use automatic context-aware escaping with a template engine such as Latte.",WARNING,php.lang.security.taint-unsafe-echo-tag.taint-unsafe-echo-tag
../../CrossVul/CWE-22/php/bad_3982_0,343,14,File name based on user input risks server-side request forgery.,WARNING,php.lang.security.injection.tainted-filename.tainted-filename
../../CrossVul/CWE-22/php/bad_3982_0,403,37,File name based on user input risks server-side request forgery.,WARNING,php.lang.security.injection.tainted-filename.tainted-filename
../../CrossVul/CWE-22/php/bad_3982_0,411,21,File name based on user input risks server-side request forgery.,WARNING,php.lang.security.injection.tainted-filename.tainted-filename
../../CrossVul/CWE-22/php/bad_3982_0,421,9,`Echo`ing user input risks cross-site scripting vulnerability. You should use `htmlentities()` when showing data to users.,ERROR,php.lang.security.injection.echoed-request.echoed-request
../../CrossVul/CWE-22/php/bad_3982_0,421,9,"Found direct access to a PHP variable wihout HTML escaping inside an inline PHP statement setting data from `$_REQUEST[...]`. When untrusted input can be used to tamper with a web page rendering, it can lead to a Cross-site scripting (XSS) vulnerability. XSS vulnerabilities occur when untrusted input executes malicious JavaScript code, leading to issues such as account compromise and sensitive information leakage. To prevent this vulnerability, validate the user input, perform contextual output encoding or sanitize the input. In PHP you can encode or sanitize user input with `htmlspecialchars` or use automatic context-aware escaping with a template engine such as Latte.",WARNING,php.lang.security.taint-unsafe-echo-tag.taint-unsafe-echo-tag
../../CrossVul/CWE-22/php/bad_3982_0,480,9,`Echo`ing user input risks cross-site scripting vulnerability. You should use `htmlentities()` when showing data to users.,ERROR,php.lang.security.injection.echoed-request.echoed-request
../../CrossVul/CWE-22/php/bad_3982_0,480,9,"Found direct access to a PHP variable wihout HTML escaping inside an inline PHP statement setting data from `$_REQUEST[...]`. When untrusted input can be used to tamper with a web page rendering, it can lead to a Cross-site scripting (XSS) vulnerability. XSS vulnerabilities occur when untrusted input executes malicious JavaScript code, leading to issues such as account compromise and sensitive information leakage. To prevent this vulnerability, validate the user input, perform contextual output encoding or sanitize the input. In PHP you can encode or sanitize user input with `htmlspecialchars` or use automatic context-aware escaping with a template engine such as Latte.",WARNING,php.lang.security.taint-unsafe-echo-tag.taint-unsafe-echo-tag
../../CrossVul/CWE-22/php/bad_3982_0,569,26,File name based on user input risks server-side request forgery.,WARNING,php.lang.security.injection.tainted-filename.tainted-filename
../../CrossVul/CWE-22/php/bad_3982_0,593,30,File name based on user input risks server-side request forgery.,WARNING,php.lang.security.injection.tainted-filename.tainted-filename
../../CrossVul/CWE-22/php/bad_3982_0,595,28,File name based on user input risks server-side request forgery.,WARNING,php.lang.security.injection.tainted-filename.tainted-filename
../../CrossVul/CWE-22/php/bad_3982_0,663,24,File name based on user input risks server-side request forgery.,WARNING,php.lang.security.injection.tainted-filename.tainted-filename
../../CrossVul/CWE-22/php/bad_3982_0,671,31,File name based on user input risks server-side request forgery.,WARNING,php.lang.security.injection.tainted-filename.tainted-filename
../../CrossVul/CWE-22/php/bad_3982_0,706,17,File name based on user input risks server-side request forgery.,WARNING,php.lang.security.injection.tainted-filename.tainted-filename
../../CrossVul/CWE-22/php/bad_3982_0,787,30,File name based on user input risks server-side request forgery.,WARNING,php.lang.security.injection.tainted-filename.tainted-filename
../../CrossVul/CWE-22/php/bad_3982_0,796,46,File name based on user input risks server-side request forgery.,WARNING,php.lang.security.injection.tainted-filename.tainted-filename
../../CrossVul/CWE-22/php/bad_3982_0,798,18,File name based on user input risks server-side request forgery.,WARNING,php.lang.security.injection.tainted-filename.tainted-filename
../../CrossVul/CWE-22/php/bad_3982_0,830,25,File name based on user input risks server-side request forgery.,WARNING,php.lang.security.injection.tainted-filename.tainted-filename
../../CrossVul/CWE-22/php/bad_3982_0,835,21,File name based on user input risks server-side request forgery.,WARNING,php.lang.security.injection.tainted-filename.tainted-filename
../../CrossVul/CWE-22/php/bad_3982_0,844,34,File name based on user input risks server-side request forgery.,WARNING,php.lang.security.injection.tainted-filename.tainted-filename
../../CrossVul/CWE-22/php/bad_3982_0,869,5,`Echo`ing user input risks cross-site scripting vulnerability. You should use `htmlentities()` when showing data to users.,ERROR,php.lang.security.injection.echoed-request.echoed-request
../../CrossVul/CWE-22/php/bad_3982_0,869,5,"Found direct access to a PHP variable wihout HTML escaping inside an inline PHP statement setting data from `$_REQUEST[...]`. When untrusted input can be used to tamper with a web page rendering, it can lead to a Cross-site scripting (XSS) vulnerability. XSS vulnerabilities occur when untrusted input executes malicious JavaScript code, leading to issues such as account compromise and sensitive information leakage. To prevent this vulnerability, validate the user input, perform contextual output encoding or sanitize the input. In PHP you can encode or sanitize user input with `htmlspecialchars` or use automatic context-aware escaping with a template engine such as Latte.",WARNING,php.lang.security.taint-unsafe-echo-tag.taint-unsafe-echo-tag
../../CrossVul/CWE-22/php/bad_3982_0,964,33,File name based on user input risks server-side request forgery.,WARNING,php.lang.security.injection.tainted-filename.tainted-filename
../../CrossVul/CWE-22/php/bad_3982_0,1018,34,File name based on user input risks server-side request forgery.,WARNING,php.lang.security.injection.tainted-filename.tainted-filename
../../CrossVul/CWE-22/php/bad_3982_0,1018,66,File name based on user input risks server-side request forgery.,WARNING,php.lang.security.injection.tainted-filename.tainted-filename
../../CrossVul/CWE-22/php/bad_3982_0,1052,16,File name based on user input risks server-side request forgery.,WARNING,php.lang.security.injection.tainted-filename.tainted-filename
../../CrossVul/CWE-22/php/bad_3982_0,1211,25,`Echo`ing user input risks cross-site scripting vulnerability. You should use `htmlentities()` when showing data to users.,ERROR,php.lang.security.injection.echoed-request.echoed-request
../../CrossVul/CWE-22/php/bad_3982_0,1211,25,"Found direct access to a PHP variable wihout HTML escaping inside an inline PHP statement setting data from `$_REQUEST[...]`. When untrusted input can be used to tamper with a web page rendering, it can lead to a Cross-site scripting (XSS) vulnerability. XSS vulnerabilities occur when untrusted input executes malicious JavaScript code, leading to issues such as account compromise and sensitive information leakage. To prevent this vulnerability, validate the user input, perform contextual output encoding or sanitize the input. In PHP you can encode or sanitize user input with `htmlspecialchars` or use automatic context-aware escaping with a template engine such as Latte.",WARNING,php.lang.security.taint-unsafe-echo-tag.taint-unsafe-echo-tag
../../CrossVul/CWE-22/php/bad_3982_0,1214,80,`Echo`ing user input risks cross-site scripting vulnerability. You should use `htmlentities()` when showing data to users.,ERROR,php.lang.security.injection.echoed-request.echoed-request
../../CrossVul/CWE-22/php/bad_3982_0,1214,80,"Found direct access to a PHP variable wihout HTML escaping inside an inline PHP statement setting data from `$_REQUEST[...]`. When untrusted input can be used to tamper with a web page rendering, it can lead to a Cross-site scripting (XSS) vulnerability. XSS vulnerabilities occur when untrusted input executes malicious JavaScript code, leading to issues such as account compromise and sensitive information leakage. To prevent this vulnerability, validate the user input, perform contextual output encoding or sanitize the input. In PHP you can encode or sanitize user input with `htmlspecialchars` or use automatic context-aware escaping with a template engine such as Latte.",WARNING,php.lang.security.taint-unsafe-echo-tag.taint-unsafe-echo-tag
../../CrossVul/CWE-22/php/bad_3982_0,1237,37,File name based on user input risks server-side request forgery.,WARNING,php.lang.security.injection.tainted-filename.tainted-filename
../../CrossVul/CWE-22/php/bad_3982_0,1248,32,`Echo`ing user input risks cross-site scripting vulnerability. You should use `htmlentities()` when showing data to users.,ERROR,php.lang.security.injection.echoed-request.echoed-request
../../CrossVul/CWE-22/php/bad_3982_0,1248,32,"Found direct access to a PHP variable wihout HTML escaping inside an inline PHP statement setting data from `$_REQUEST[...]`. When untrusted input can be used to tamper with a web page rendering, it can lead to a Cross-site scripting (XSS) vulnerability. XSS vulnerabilities occur when untrusted input executes malicious JavaScript code, leading to issues such as account compromise and sensitive information leakage. To prevent this vulnerability, validate the user input, perform contextual output encoding or sanitize the input. In PHP you can encode or sanitize user input with `htmlspecialchars` or use automatic context-aware escaping with a template engine such as Latte.",WARNING,php.lang.security.taint-unsafe-echo-tag.taint-unsafe-echo-tag
../../CrossVul/CWE-22/php/bad_3982_0,1252,76,`Echo`ing user input risks cross-site scripting vulnerability. You should use `htmlentities()` when showing data to users.,ERROR,php.lang.security.injection.echoed-request.echoed-request
../../CrossVul/CWE-22/php/bad_3982_0,1252,76,"Found direct access to a PHP variable wihout HTML escaping inside an inline PHP statement setting data from `$_REQUEST[...]`. When untrusted input can be used to tamper with a web page rendering, it can lead to a Cross-site scripting (XSS) vulnerability. XSS vulnerabilities occur when untrusted input executes malicious JavaScript code, leading to issues such as account compromise and sensitive information leakage. To prevent this vulnerability, validate the user input, perform contextual output encoding or sanitize the input. In PHP you can encode or sanitize user input with `htmlspecialchars` or use automatic context-aware escaping with a template engine such as Latte.",WARNING,php.lang.security.taint-unsafe-echo-tag.taint-unsafe-echo-tag
../../CrossVul/CWE-22/php/bad_3982_0,1253,76,`Echo`ing user input risks cross-site scripting vulnerability. You should use `htmlentities()` when showing data to users.,ERROR,php.lang.security.injection.echoed-request.echoed-request
../../CrossVul/CWE-22/php/bad_3982_0,1253,76,"Found direct access to a PHP variable wihout HTML escaping inside an inline PHP statement setting data from `$_REQUEST[...]`. When untrusted input can be used to tamper with a web page rendering, it can lead to a Cross-site scripting (XSS) vulnerability. XSS vulnerabilities occur when untrusted input executes malicious JavaScript code, leading to issues such as account compromise and sensitive information leakage. To prevent this vulnerability, validate the user input, perform contextual output encoding or sanitize the input. In PHP you can encode or sanitize user input with `htmlspecialchars` or use automatic context-aware escaping with a template engine such as Latte.",WARNING,php.lang.security.taint-unsafe-echo-tag.taint-unsafe-echo-tag
../../CrossVul/CWE-22/php/bad_3982_0,1261,81,`Echo`ing user input risks cross-site scripting vulnerability. You should use `htmlentities()` when showing data to users.,ERROR,php.lang.security.injection.echoed-request.echoed-request
../../CrossVul/CWE-22/php/bad_3982_0,1261,81,"Found direct access to a PHP variable wihout HTML escaping inside an inline PHP statement setting data from `$_REQUEST[...]`. When untrusted input can be used to tamper with a web page rendering, it can lead to a Cross-site scripting (XSS) vulnerability. XSS vulnerabilities occur when untrusted input executes malicious JavaScript code, leading to issues such as account compromise and sensitive information leakage. To prevent this vulnerability, validate the user input, perform contextual output encoding or sanitize the input. In PHP you can encode or sanitize user input with `htmlspecialchars` or use automatic context-aware escaping with a template engine such as Latte.",WARNING,php.lang.security.taint-unsafe-echo-tag.taint-unsafe-echo-tag
../../CrossVul/CWE-22/php/bad_3982_0,1267,103,`Echo`ing user input risks cross-site scripting vulnerability. You should use `htmlentities()` when showing data to users.,ERROR,php.lang.security.injection.echoed-request.echoed-request
../../CrossVul/CWE-22/php/bad_3982_0,1267,103,"Found direct access to a PHP variable wihout HTML escaping inside an inline PHP statement setting data from `$_REQUEST[...]`. When untrusted input can be used to tamper with a web page rendering, it can lead to a Cross-site scripting (XSS) vulnerability. XSS vulnerabilities occur when untrusted input executes malicious JavaScript code, leading to issues such as account compromise and sensitive information leakage. To prevent this vulnerability, validate the user input, perform contextual output encoding or sanitize the input. In PHP you can encode or sanitize user input with `htmlspecialchars` or use automatic context-aware escaping with a template engine such as Latte.",WARNING,php.lang.security.taint-unsafe-echo-tag.taint-unsafe-echo-tag
../../CrossVul/CWE-22/php/bad_3982_0,1454,33,File name based on user input risks server-side request forgery.,WARNING,php.lang.security.injection.tainted-filename.tainted-filename
../../CrossVul/CWE-22/php/bad_3982_0,1469,42,File name based on user input risks server-side request forgery.,WARNING,php.lang.security.injection.tainted-filename.tainted-filename
../../CrossVul/CWE-22/php/bad_3982_0,1502,38,File name based on user input risks server-side request forgery.,WARNING,php.lang.security.injection.tainted-filename.tainted-filename
../../CrossVul/CWE-22/php/bad_3982_0,1509,75,`Echo`ing user input risks cross-site scripting vulnerability. You should use `htmlentities()` when showing data to users.,ERROR,php.lang.security.injection.echoed-request.echoed-request
../../CrossVul/CWE-22/php/bad_3982_0,1509,75,"Found direct access to a PHP variable wihout HTML escaping inside an inline PHP statement setting data from `$_REQUEST[...]`. When untrusted input can be used to tamper with a web page rendering, it can lead to a Cross-site scripting (XSS) vulnerability. XSS vulnerabilities occur when untrusted input executes malicious JavaScript code, leading to issues such as account compromise and sensitive information leakage. To prevent this vulnerability, validate the user input, perform contextual output encoding or sanitize the input. In PHP you can encode or sanitize user input with `htmlspecialchars` or use automatic context-aware escaping with a template engine such as Latte.",WARNING,php.lang.security.taint-unsafe-echo-tag.taint-unsafe-echo-tag
../../CrossVul/CWE-22/php/bad_3982_0,1511,38,`Echo`ing user input risks cross-site scripting vulnerability. You should use `htmlentities()` when showing data to users.,ERROR,php.lang.security.injection.echoed-request.echoed-request
../../CrossVul/CWE-22/php/bad_3982_0,1511,38,"Found direct access to a PHP variable wihout HTML escaping inside an inline PHP statement setting data from `$_REQUEST[...]`. When untrusted input can be used to tamper with a web page rendering, it can lead to a Cross-site scripting (XSS) vulnerability. XSS vulnerabilities occur when untrusted input executes malicious JavaScript code, leading to issues such as account compromise and sensitive information leakage. To prevent this vulnerability, validate the user input, perform contextual output encoding or sanitize the input. In PHP you can encode or sanitize user input with `htmlspecialchars` or use automatic context-aware escaping with a template engine such as Latte.",WARNING,php.lang.security.taint-unsafe-echo-tag.taint-unsafe-echo-tag
../../CrossVul/CWE-22/php/bad_3982_0,1513,33,`Echo`ing user input risks cross-site scripting vulnerability. You should use `htmlentities()` when showing data to users.,ERROR,php.lang.security.injection.echoed-request.echoed-request
../../CrossVul/CWE-22/php/bad_3982_0,1513,33,"Found direct access to a PHP variable wihout HTML escaping inside an inline PHP statement setting data from `$_REQUEST[...]`. When untrusted input can be used to tamper with a web page rendering, it can lead to a Cross-site scripting (XSS) vulnerability. XSS vulnerabilities occur when untrusted input executes malicious JavaScript code, leading to issues such as account compromise and sensitive information leakage. To prevent this vulnerability, validate the user input, perform contextual output encoding or sanitize the input. In PHP you can encode or sanitize user input with `htmlspecialchars` or use automatic context-aware escaping with a template engine such as Latte.",WARNING,php.lang.security.taint-unsafe-echo-tag.taint-unsafe-echo-tag
../../CrossVul/CWE-22/php/bad_3982_0,1513,107,`Echo`ing user input risks cross-site scripting vulnerability. You should use `htmlentities()` when showing data to users.,ERROR,php.lang.security.injection.echoed-request.echoed-request
../../CrossVul/CWE-22/php/bad_3982_0,1513,107,"Found direct access to a PHP variable wihout HTML escaping inside an inline PHP statement setting data from `$_REQUEST[...]`. When untrusted input can be used to tamper with a web page rendering, it can lead to a Cross-site scripting (XSS) vulnerability. XSS vulnerabilities occur when untrusted input executes malicious JavaScript code, leading to issues such as account compromise and sensitive information leakage. To prevent this vulnerability, validate the user input, perform contextual output encoding or sanitize the input. In PHP you can encode or sanitize user input with `htmlspecialchars` or use automatic context-aware escaping with a template engine such as Latte.",WARNING,php.lang.security.taint-unsafe-echo-tag.taint-unsafe-echo-tag
../../CrossVul/CWE-22/php/bad_3982_0,1515,38,`Echo`ing user input risks cross-site scripting vulnerability. You should use `htmlentities()` when showing data to users.,ERROR,php.lang.security.injection.echoed-request.echoed-request
../../CrossVul/CWE-22/php/bad_3982_0,1515,38,"Found direct access to a PHP variable wihout HTML escaping inside an inline PHP statement setting data from `$_REQUEST[...]`. When untrusted input can be used to tamper with a web page rendering, it can lead to a Cross-site scripting (XSS) vulnerability. XSS vulnerabilities occur when untrusted input executes malicious JavaScript code, leading to issues such as account compromise and sensitive information leakage. To prevent this vulnerability, validate the user input, perform contextual output encoding or sanitize the input. In PHP you can encode or sanitize user input with `htmlspecialchars` or use automatic context-aware escaping with a template engine such as Latte.",WARNING,php.lang.security.taint-unsafe-echo-tag.taint-unsafe-echo-tag
../../CrossVul/CWE-22/php/bad_3982_0,1531,43,`Echo`ing user input risks cross-site scripting vulnerability. You should use `htmlentities()` when showing data to users.,ERROR,php.lang.security.injection.echoed-request.echoed-request
../../CrossVul/CWE-22/php/bad_3982_0,1531,43,"Found direct access to a PHP variable wihout HTML escaping inside an inline PHP statement setting data from `$_REQUEST[...]`. When untrusted input can be used to tamper with a web page rendering, it can lead to a Cross-site scripting (XSS) vulnerability. XSS vulnerabilities occur when untrusted input executes malicious JavaScript code, leading to issues such as account compromise and sensitive information leakage. To prevent this vulnerability, validate the user input, perform contextual output encoding or sanitize the input. In PHP you can encode or sanitize user input with `htmlspecialchars` or use automatic context-aware escaping with a template engine such as Latte.",WARNING,php.lang.security.taint-unsafe-echo-tag.taint-unsafe-echo-tag
../../CrossVul/CWE-22/php/bad_3982_0,1532,48,`Echo`ing user input risks cross-site scripting vulnerability. You should use `htmlentities()` when showing data to users.,ERROR,php.lang.security.injection.echoed-request.echoed-request
../../CrossVul/CWE-22/php/bad_3982_0,1532,48,"Found direct access to a PHP variable wihout HTML escaping inside an inline PHP statement setting data from `$_REQUEST[...]`. When untrusted input can be used to tamper with a web page rendering, it can lead to a Cross-site scripting (XSS) vulnerability. XSS vulnerabilities occur when untrusted input executes malicious JavaScript code, leading to issues such as account compromise and sensitive information leakage. To prevent this vulnerability, validate the user input, perform contextual output encoding or sanitize the input. In PHP you can encode or sanitize user input with `htmlspecialchars` or use automatic context-aware escaping with a template engine such as Latte.",WARNING,php.lang.security.taint-unsafe-echo-tag.taint-unsafe-echo-tag
../../CrossVul/CWE-22/php/bad_3982_0,1533,44,`Echo`ing user input risks cross-site scripting vulnerability. You should use `htmlentities()` when showing data to users.,ERROR,php.lang.security.injection.echoed-request.echoed-request
../../CrossVul/CWE-22/php/bad_3982_0,1533,44,"Found direct access to a PHP variable wihout HTML escaping inside an inline PHP statement setting data from `$_REQUEST[...]`. When untrusted input can be used to tamper with a web page rendering, it can lead to a Cross-site scripting (XSS) vulnerability. XSS vulnerabilities occur when untrusted input executes malicious JavaScript code, leading to issues such as account compromise and sensitive information leakage. To prevent this vulnerability, validate the user input, perform contextual output encoding or sanitize the input. In PHP you can encode or sanitize user input with `htmlspecialchars` or use automatic context-aware escaping with a template engine such as Latte.",WARNING,php.lang.security.taint-unsafe-echo-tag.taint-unsafe-echo-tag
../../CrossVul/CWE-22/php/bad_3982_0,1538,52,File name based on user input risks server-side request forgery.,WARNING,php.lang.security.injection.tainted-filename.tainted-filename
../../CrossVul/CWE-22/php/bad_3982_0,1539,25,`Echo`ing user input risks cross-site scripting vulnerability. You should use `htmlentities()` when showing data to users.,ERROR,php.lang.security.injection.echoed-request.echoed-request
../../CrossVul/CWE-22/php/bad_3982_0,1539,25,"Found direct access to a PHP variable wihout HTML escaping inside an inline PHP statement setting data from `$_REQUEST[...]`. When untrusted input can be used to tamper with a web page rendering, it can lead to a Cross-site scripting (XSS) vulnerability. XSS vulnerabilities occur when untrusted input executes malicious JavaScript code, leading to issues such as account compromise and sensitive information leakage. To prevent this vulnerability, validate the user input, perform contextual output encoding or sanitize the input. In PHP you can encode or sanitize user input with `htmlspecialchars` or use automatic context-aware escaping with a template engine such as Latte.",WARNING,php.lang.security.taint-unsafe-echo-tag.taint-unsafe-echo-tag
../../CrossVul/CWE-22/php/bad_3982_0,1554,82,`Echo`ing user input risks cross-site scripting vulnerability. You should use `htmlentities()` when showing data to users.,ERROR,php.lang.security.injection.echoed-request.echoed-request
../../CrossVul/CWE-22/php/bad_3982_0,1554,82,"Found direct access to a PHP variable wihout HTML escaping inside an inline PHP statement setting data from `$_REQUEST[...]`. When untrusted input can be used to tamper with a web page rendering, it can lead to a Cross-site scripting (XSS) vulnerability. XSS vulnerabilities occur when untrusted input executes malicious JavaScript code, leading to issues such as account compromise and sensitive information leakage. To prevent this vulnerability, validate the user input, perform contextual output encoding or sanitize the input. In PHP you can encode or sanitize user input with `htmlspecialchars` or use automatic context-aware escaping with a template engine such as Latte.",WARNING,php.lang.security.taint-unsafe-echo-tag.taint-unsafe-echo-tag
../../CrossVul/CWE-22/php/bad_3982_0,1555,39,`Echo`ing user input risks cross-site scripting vulnerability. You should use `htmlentities()` when showing data to users.,ERROR,php.lang.security.injection.echoed-request.echoed-request
../../CrossVul/CWE-22/php/bad_3982_0,1555,39,"Found direct access to a PHP variable wihout HTML escaping inside an inline PHP statement setting data from `$_REQUEST[...]`. When untrusted input can be used to tamper with a web page rendering, it can lead to a Cross-site scripting (XSS) vulnerability. XSS vulnerabilities occur when untrusted input executes malicious JavaScript code, leading to issues such as account compromise and sensitive information leakage. To prevent this vulnerability, validate the user input, perform contextual output encoding or sanitize the input. In PHP you can encode or sanitize user input with `htmlspecialchars` or use automatic context-aware escaping with a template engine such as Latte.",WARNING,php.lang.security.taint-unsafe-echo-tag.taint-unsafe-echo-tag
../../CrossVul/CWE-22/php/bad_3982_0,1562,89,`Echo`ing user input risks cross-site scripting vulnerability. You should use `htmlentities()` when showing data to users.,ERROR,php.lang.security.injection.echoed-request.echoed-request
../../CrossVul/CWE-22/php/bad_3982_0,1562,89,"Found direct access to a PHP variable wihout HTML escaping inside an inline PHP statement setting data from `$_REQUEST[...]`. When untrusted input can be used to tamper with a web page rendering, it can lead to a Cross-site scripting (XSS) vulnerability. XSS vulnerabilities occur when untrusted input executes malicious JavaScript code, leading to issues such as account compromise and sensitive information leakage. To prevent this vulnerability, validate the user input, perform contextual output encoding or sanitize the input. In PHP you can encode or sanitize user input with `htmlspecialchars` or use automatic context-aware escaping with a template engine such as Latte.",WARNING,php.lang.security.taint-unsafe-echo-tag.taint-unsafe-echo-tag
../../CrossVul/CWE-22/php/bad_3982_0,1563,89,"Found direct access to a PHP variable wihout HTML escaping inside an inline PHP statement setting data from `$_REQUEST[...]`. When untrusted input can be used to tamper with a web page rendering, it can lead to a Cross-site scripting (XSS) vulnerability. XSS vulnerabilities occur when untrusted input executes malicious JavaScript code, leading to issues such as account compromise and sensitive information leakage. To prevent this vulnerability, validate the user input, perform contextual output encoding or sanitize the input. In PHP you can encode or sanitize user input with `htmlspecialchars` or use automatic context-aware escaping with a template engine such as Latte.",WARNING,php.lang.security.taint-unsafe-echo-tag.taint-unsafe-echo-tag
../../CrossVul/CWE-22/php/bad_3982_0,1563,152,"Found direct access to a PHP variable wihout HTML escaping inside an inline PHP statement setting data from `$_REQUEST[...]`. When untrusted input can be used to tamper with a web page rendering, it can lead to a Cross-site scripting (XSS) vulnerability. XSS vulnerabilities occur when untrusted input executes malicious JavaScript code, leading to issues such as account compromise and sensitive information leakage. To prevent this vulnerability, validate the user input, perform contextual output encoding or sanitize the input. In PHP you can encode or sanitize user input with `htmlspecialchars` or use automatic context-aware escaping with a template engine such as Latte.",WARNING,php.lang.security.taint-unsafe-echo-tag.taint-unsafe-echo-tag
../../CrossVul/CWE-22/php/bad_3982_0,1569,94,`Echo`ing user input risks cross-site scripting vulnerability. You should use `htmlentities()` when showing data to users.,ERROR,php.lang.security.injection.echoed-request.echoed-request
../../CrossVul/CWE-22/php/bad_3982_0,1569,94,"Found direct access to a PHP variable wihout HTML escaping inside an inline PHP statement setting data from `$_REQUEST[...]`. When untrusted input can be used to tamper with a web page rendering, it can lead to a Cross-site scripting (XSS) vulnerability. XSS vulnerabilities occur when untrusted input executes malicious JavaScript code, leading to issues such as account compromise and sensitive information leakage. To prevent this vulnerability, validate the user input, perform contextual output encoding or sanitize the input. In PHP you can encode or sanitize user input with `htmlspecialchars` or use automatic context-aware escaping with a template engine such as Latte.",WARNING,php.lang.security.taint-unsafe-echo-tag.taint-unsafe-echo-tag
../../CrossVul/CWE-22/php/bad_3982_0,1571,94,"Found direct access to a PHP variable wihout HTML escaping inside an inline PHP statement setting data from `$_REQUEST[...]`. When untrusted input can be used to tamper with a web page rendering, it can lead to a Cross-site scripting (XSS) vulnerability. XSS vulnerabilities occur when untrusted input executes malicious JavaScript code, leading to issues such as account compromise and sensitive information leakage. To prevent this vulnerability, validate the user input, perform contextual output encoding or sanitize the input. In PHP you can encode or sanitize user input with `htmlspecialchars` or use automatic context-aware escaping with a template engine such as Latte.",WARNING,php.lang.security.taint-unsafe-echo-tag.taint-unsafe-echo-tag
../../CrossVul/CWE-22/php/bad_3982_0,1581,21,`Echo`ing user input risks cross-site scripting vulnerability. You should use `htmlentities()` when showing data to users.,ERROR,php.lang.security.injection.echoed-request.echoed-request
../../CrossVul/CWE-22/php/bad_3982_0,1581,21,"Found direct access to a PHP variable wihout HTML escaping inside an inline PHP statement setting data from `$_REQUEST[...]`. When untrusted input can be used to tamper with a web page rendering, it can lead to a Cross-site scripting (XSS) vulnerability. XSS vulnerabilities occur when untrusted input executes malicious JavaScript code, leading to issues such as account compromise and sensitive information leakage. To prevent this vulnerability, validate the user input, perform contextual output encoding or sanitize the input. In PHP you can encode or sanitize user input with `htmlspecialchars` or use automatic context-aware escaping with a template engine such as Latte.",WARNING,php.lang.security.taint-unsafe-echo-tag.taint-unsafe-echo-tag
../../CrossVul/CWE-22/php/bad_3982_0,1583,21,`Echo`ing user input risks cross-site scripting vulnerability. You should use `htmlentities()` when showing data to users.,ERROR,php.lang.security.injection.echoed-request.echoed-request
../../CrossVul/CWE-22/php/bad_3982_0,1583,21,"Found direct access to a PHP variable wihout HTML escaping inside an inline PHP statement setting data from `$_REQUEST[...]`. When untrusted input can be used to tamper with a web page rendering, it can lead to a Cross-site scripting (XSS) vulnerability. XSS vulnerabilities occur when untrusted input executes malicious JavaScript code, leading to issues such as account compromise and sensitive information leakage. To prevent this vulnerability, validate the user input, perform contextual output encoding or sanitize the input. In PHP you can encode or sanitize user input with `htmlspecialchars` or use automatic context-aware escaping with a template engine such as Latte.",WARNING,php.lang.security.taint-unsafe-echo-tag.taint-unsafe-echo-tag
../../CrossVul/CWE-22/php/bad_3982_0,1591,29,`Echo`ing user input risks cross-site scripting vulnerability. You should use `htmlentities()` when showing data to users.,ERROR,php.lang.security.injection.echoed-request.echoed-request
../../CrossVul/CWE-22/php/bad_3982_0,1591,29,"Found direct access to a PHP variable wihout HTML escaping inside an inline PHP statement setting data from `$_REQUEST[...]`. When untrusted input can be used to tamper with a web page rendering, it can lead to a Cross-site scripting (XSS) vulnerability. XSS vulnerabilities occur when untrusted input executes malicious JavaScript code, leading to issues such as account compromise and sensitive information leakage. To prevent this vulnerability, validate the user input, perform contextual output encoding or sanitize the input. In PHP you can encode or sanitize user input with `htmlspecialchars` or use automatic context-aware escaping with a template engine such as Latte.",WARNING,php.lang.security.taint-unsafe-echo-tag.taint-unsafe-echo-tag
../../CrossVul/CWE-22/php/bad_3982_0,1591,42,"Untrusted input could be used to tamper with a web page rendering, which can lead to a Cross-site scripting (XSS) vulnerability. XSS vulnerabilities occur when untrusted input executes malicious JavaScript code, leading to issues such as account compromise and sensitive information leakage. To prevent this vulnerability, validate the user input, perform contextual output encoding or sanitize the input. In PHP you can encode or sanitize user input with `htmlspecialchars` or use automatic context-aware escaping with a template engine such as Latte.",ERROR,php.lang.security.tainted-user-input-in-php-script.tainted-user-input-in-php-script
../../CrossVul/CWE-22/php/bad_3982_0,1593,29,`Echo`ing user input risks cross-site scripting vulnerability. You should use `htmlentities()` when showing data to users.,ERROR,php.lang.security.injection.echoed-request.echoed-request
../../CrossVul/CWE-22/php/bad_3982_0,1593,29,"Found direct access to a PHP variable wihout HTML escaping inside an inline PHP statement setting data from `$_REQUEST[...]`. When untrusted input can be used to tamper with a web page rendering, it can lead to a Cross-site scripting (XSS) vulnerability. XSS vulnerabilities occur when untrusted input executes malicious JavaScript code, leading to issues such as account compromise and sensitive information leakage. To prevent this vulnerability, validate the user input, perform contextual output encoding or sanitize the input. In PHP you can encode or sanitize user input with `htmlspecialchars` or use automatic context-aware escaping with a template engine such as Latte.",WARNING,php.lang.security.taint-unsafe-echo-tag.taint-unsafe-echo-tag
../../CrossVul/CWE-22/php/bad_3982_0,1603,21,`Echo`ing user input risks cross-site scripting vulnerability. You should use `htmlentities()` when showing data to users.,ERROR,php.lang.security.injection.echoed-request.echoed-request
../../CrossVul/CWE-22/php/bad_3982_0,1603,21,"Found direct access to a PHP variable wihout HTML escaping inside an inline PHP statement setting data from `$_REQUEST[...]`. When untrusted input can be used to tamper with a web page rendering, it can lead to a Cross-site scripting (XSS) vulnerability. XSS vulnerabilities occur when untrusted input executes malicious JavaScript code, leading to issues such as account compromise and sensitive information leakage. To prevent this vulnerability, validate the user input, perform contextual output encoding or sanitize the input. In PHP you can encode or sanitize user input with `htmlspecialchars` or use automatic context-aware escaping with a template engine such as Latte.",WARNING,php.lang.security.taint-unsafe-echo-tag.taint-unsafe-echo-tag
../../CrossVul/CWE-22/php/bad_3982_0,1603,44,"Untrusted input could be used to tamper with a web page rendering, which can lead to a Cross-site scripting (XSS) vulnerability. XSS vulnerabilities occur when untrusted input executes malicious JavaScript code, leading to issues such as account compromise and sensitive information leakage. To prevent this vulnerability, validate the user input, perform contextual output encoding or sanitize the input. In PHP you can encode or sanitize user input with `htmlspecialchars` or use automatic context-aware escaping with a template engine such as Latte.",ERROR,php.lang.security.tainted-user-input-in-php-script.tainted-user-input-in-php-script
../../CrossVul/CWE-22/php/bad_3982_0,1607,17,`Echo`ing user input risks cross-site scripting vulnerability. You should use `htmlentities()` when showing data to users.,ERROR,php.lang.security.injection.echoed-request.echoed-request
../../CrossVul/CWE-22/php/bad_3982_0,1607,17,"Found direct access to a PHP variable wihout HTML escaping inside an inline PHP statement setting data from `$_REQUEST[...]`. When untrusted input can be used to tamper with a web page rendering, it can lead to a Cross-site scripting (XSS) vulnerability. XSS vulnerabilities occur when untrusted input executes malicious JavaScript code, leading to issues such as account compromise and sensitive information leakage. To prevent this vulnerability, validate the user input, perform contextual output encoding or sanitize the input. In PHP you can encode or sanitize user input with `htmlspecialchars` or use automatic context-aware escaping with a template engine such as Latte.",WARNING,php.lang.security.taint-unsafe-echo-tag.taint-unsafe-echo-tag
../../CrossVul/CWE-22/php/bad_3982_0,1607,42,"Untrusted input could be used to tamper with a web page rendering, which can lead to a Cross-site scripting (XSS) vulnerability. XSS vulnerabilities occur when untrusted input executes malicious JavaScript code, leading to issues such as account compromise and sensitive information leakage. To prevent this vulnerability, validate the user input, perform contextual output encoding or sanitize the input. In PHP you can encode or sanitize user input with `htmlspecialchars` or use automatic context-aware escaping with a template engine such as Latte.",ERROR,php.lang.security.tainted-user-input-in-php-script.tainted-user-input-in-php-script
../../CrossVul/CWE-22/php/bad_3982_0,1610,17,`Echo`ing user input risks cross-site scripting vulnerability. You should use `htmlentities()` when showing data to users.,ERROR,php.lang.security.injection.echoed-request.echoed-request
../../CrossVul/CWE-22/php/bad_3982_0,1610,17,"Found direct access to a PHP variable wihout HTML escaping inside an inline PHP statement setting data from `$_REQUEST[...]`. When untrusted input can be used to tamper with a web page rendering, it can lead to a Cross-site scripting (XSS) vulnerability. XSS vulnerabilities occur when untrusted input executes malicious JavaScript code, leading to issues such as account compromise and sensitive information leakage. To prevent this vulnerability, validate the user input, perform contextual output encoding or sanitize the input. In PHP you can encode or sanitize user input with `htmlspecialchars` or use automatic context-aware escaping with a template engine such as Latte.",WARNING,php.lang.security.taint-unsafe-echo-tag.taint-unsafe-echo-tag
../../CrossVul/CWE-22/php/bad_3982_0,1630,42,"Untrusted input could be used to tamper with a web page rendering, which can lead to a Cross-site scripting (XSS) vulnerability. XSS vulnerabilities occur when untrusted input executes malicious JavaScript code, leading to issues such as account compromise and sensitive information leakage. To prevent this vulnerability, validate the user input, perform contextual output encoding or sanitize the input. In PHP you can encode or sanitize user input with `htmlspecialchars` or use automatic context-aware escaping with a template engine such as Latte.",ERROR,php.lang.security.tainted-user-input-in-php-script.tainted-user-input-in-php-script
../../CrossVul/CWE-22/php/bad_3982_0,1632,17,`Echo`ing user input risks cross-site scripting vulnerability. You should use `htmlentities()` when showing data to users.,ERROR,php.lang.security.injection.echoed-request.echoed-request
../../CrossVul/CWE-22/php/bad_3982_0,1632,17,"Found direct access to a PHP variable wihout HTML escaping inside an inline PHP statement setting data from `$_REQUEST[...]`. When untrusted input can be used to tamper with a web page rendering, it can lead to a Cross-site scripting (XSS) vulnerability. XSS vulnerabilities occur when untrusted input executes malicious JavaScript code, leading to issues such as account compromise and sensitive information leakage. To prevent this vulnerability, validate the user input, perform contextual output encoding or sanitize the input. In PHP you can encode or sanitize user input with `htmlspecialchars` or use automatic context-aware escaping with a template engine such as Latte.",WARNING,php.lang.security.taint-unsafe-echo-tag.taint-unsafe-echo-tag
../../CrossVul/CWE-22/php/bad_3982_0,1649,33,File name based on user input risks server-side request forgery.,WARNING,php.lang.security.injection.tainted-filename.tainted-filename
../../CrossVul/CWE-22/php/bad_3982_0,1671,21,File name based on user input risks server-side request forgery.,WARNING,php.lang.security.injection.tainted-filename.tainted-filename
../../CrossVul/CWE-22/php/bad_3982_0,1679,26,File name based on user input risks server-side request forgery.,WARNING,php.lang.security.injection.tainted-filename.tainted-filename
../../CrossVul/CWE-22/php/bad_3982_0,1685,38,File name based on user input risks server-side request forgery.,WARNING,php.lang.security.injection.tainted-filename.tainted-filename
../../CrossVul/CWE-22/php/bad_3982_0,1709,135,`Echo`ing user input risks cross-site scripting vulnerability. You should use `htmlentities()` when showing data to users.,ERROR,php.lang.security.injection.echoed-request.echoed-request
../../CrossVul/CWE-22/php/bad_3982_0,1709,135,"Found direct access to a PHP variable wihout HTML escaping inside an inline PHP statement setting data from `$_REQUEST[...]`. When untrusted input can be used to tamper with a web page rendering, it can lead to a Cross-site scripting (XSS) vulnerability. XSS vulnerabilities occur when untrusted input executes malicious JavaScript code, leading to issues such as account compromise and sensitive information leakage. To prevent this vulnerability, validate the user input, perform contextual output encoding or sanitize the input. In PHP you can encode or sanitize user input with `htmlspecialchars` or use automatic context-aware escaping with a template engine such as Latte.",WARNING,php.lang.security.taint-unsafe-echo-tag.taint-unsafe-echo-tag
../../CrossVul/CWE-22/php/bad_3982_0,1710,138,`Echo`ing user input risks cross-site scripting vulnerability. You should use `htmlentities()` when showing data to users.,ERROR,php.lang.security.injection.echoed-request.echoed-request
../../CrossVul/CWE-22/php/bad_3982_0,1710,138,"Found direct access to a PHP variable wihout HTML escaping inside an inline PHP statement setting data from `$_REQUEST[...]`. When untrusted input can be used to tamper with a web page rendering, it can lead to a Cross-site scripting (XSS) vulnerability. XSS vulnerabilities occur when untrusted input executes malicious JavaScript code, leading to issues such as account compromise and sensitive information leakage. To prevent this vulnerability, validate the user input, perform contextual output encoding or sanitize the input. In PHP you can encode or sanitize user input with `htmlspecialchars` or use automatic context-aware escaping with a template engine such as Latte.",WARNING,php.lang.security.taint-unsafe-echo-tag.taint-unsafe-echo-tag
../../CrossVul/CWE-22/php/bad_3982_0,1713,147,`Echo`ing user input risks cross-site scripting vulnerability. You should use `htmlentities()` when showing data to users.,ERROR,php.lang.security.injection.echoed-request.echoed-request
../../CrossVul/CWE-22/php/bad_3982_0,1713,147,"Found direct access to a PHP variable wihout HTML escaping inside an inline PHP statement setting data from `$_REQUEST[...]`. When untrusted input can be used to tamper with a web page rendering, it can lead to a Cross-site scripting (XSS) vulnerability. XSS vulnerabilities occur when untrusted input executes malicious JavaScript code, leading to issues such as account compromise and sensitive information leakage. To prevent this vulnerability, validate the user input, perform contextual output encoding or sanitize the input. In PHP you can encode or sanitize user input with `htmlspecialchars` or use automatic context-aware escaping with a template engine such as Latte.",WARNING,php.lang.security.taint-unsafe-echo-tag.taint-unsafe-echo-tag
../../CrossVul/CWE-22/php/bad_3982_0,1714,113,`Echo`ing user input risks cross-site scripting vulnerability. You should use `htmlentities()` when showing data to users.,ERROR,php.lang.security.injection.echoed-request.echoed-request
../../CrossVul/CWE-22/php/bad_3982_0,1714,113,"Found direct access to a PHP variable wihout HTML escaping inside an inline PHP statement setting data from `$_REQUEST[...]`. When untrusted input can be used to tamper with a web page rendering, it can lead to a Cross-site scripting (XSS) vulnerability. XSS vulnerabilities occur when untrusted input executes malicious JavaScript code, leading to issues such as account compromise and sensitive information leakage. To prevent this vulnerability, validate the user input, perform contextual output encoding or sanitize the input. In PHP you can encode or sanitize user input with `htmlspecialchars` or use automatic context-aware escaping with a template engine such as Latte.",WARNING,php.lang.security.taint-unsafe-echo-tag.taint-unsafe-echo-tag
../../CrossVul/CWE-22/php/bad_3982_0,1717,151,`Echo`ing user input risks cross-site scripting vulnerability. You should use `htmlentities()` when showing data to users.,ERROR,php.lang.security.injection.echoed-request.echoed-request
../../CrossVul/CWE-22/php/bad_3982_0,1717,151,"Found direct access to a PHP variable wihout HTML escaping inside an inline PHP statement setting data from `$_REQUEST[...]`. When untrusted input can be used to tamper with a web page rendering, it can lead to a Cross-site scripting (XSS) vulnerability. XSS vulnerabilities occur when untrusted input executes malicious JavaScript code, leading to issues such as account compromise and sensitive information leakage. To prevent this vulnerability, validate the user input, perform contextual output encoding or sanitize the input. In PHP you can encode or sanitize user input with `htmlspecialchars` or use automatic context-aware escaping with a template engine such as Latte.",WARNING,php.lang.security.taint-unsafe-echo-tag.taint-unsafe-echo-tag
../../CrossVul/CWE-22/php/bad_3982_0,1718,114,`Echo`ing user input risks cross-site scripting vulnerability. You should use `htmlentities()` when showing data to users.,ERROR,php.lang.security.injection.echoed-request.echoed-request
../../CrossVul/CWE-22/php/bad_3982_0,1718,114,"Found direct access to a PHP variable wihout HTML escaping inside an inline PHP statement setting data from `$_REQUEST[...]`. When untrusted input can be used to tamper with a web page rendering, it can lead to a Cross-site scripting (XSS) vulnerability. XSS vulnerabilities occur when untrusted input executes malicious JavaScript code, leading to issues such as account compromise and sensitive information leakage. To prevent this vulnerability, validate the user input, perform contextual output encoding or sanitize the input. In PHP you can encode or sanitize user input with `htmlspecialchars` or use automatic context-aware escaping with a template engine such as Latte.",WARNING,php.lang.security.taint-unsafe-echo-tag.taint-unsafe-echo-tag
../../CrossVul/CWE-22/php/bad_3982_0,1744,34,File name based on user input risks server-side request forgery.,WARNING,php.lang.security.injection.tainted-filename.tainted-filename
../../CrossVul/CWE-22/php/bad_3982_0,1744,66,File name based on user input risks server-side request forgery.,WARNING,php.lang.security.injection.tainted-filename.tainted-filename
../../CrossVul/CWE-22/php/bad_3982_0,1755,23,File name based on user input risks server-side request forgery.,WARNING,php.lang.security.injection.tainted-filename.tainted-filename
../../CrossVul/CWE-22/php/bad_3982_0,1765,38,`Echo`ing user input risks cross-site scripting vulnerability. You should use `htmlentities()` when showing data to users.,ERROR,php.lang.security.injection.echoed-request.echoed-request
../../CrossVul/CWE-22/php/bad_3982_0,1765,38,"Found direct access to a PHP variable wihout HTML escaping inside an inline PHP statement setting data from `$_REQUEST[...]`. When untrusted input can be used to tamper with a web page rendering, it can lead to a Cross-site scripting (XSS) vulnerability. XSS vulnerabilities occur when untrusted input executes malicious JavaScript code, leading to issues such as account compromise and sensitive information leakage. To prevent this vulnerability, validate the user input, perform contextual output encoding or sanitize the input. In PHP you can encode or sanitize user input with `htmlspecialchars` or use automatic context-aware escaping with a template engine such as Latte.",WARNING,php.lang.security.taint-unsafe-echo-tag.taint-unsafe-echo-tag
../../CrossVul/CWE-22/php/bad_3982_0,1769,68,`Echo`ing user input risks cross-site scripting vulnerability. You should use `htmlentities()` when showing data to users.,ERROR,php.lang.security.injection.echoed-request.echoed-request
../../CrossVul/CWE-22/php/bad_3982_0,1769,68,"Found direct access to a PHP variable wihout HTML escaping inside an inline PHP statement setting data from `$_REQUEST[...]`. When untrusted input can be used to tamper with a web page rendering, it can lead to a Cross-site scripting (XSS) vulnerability. XSS vulnerabilities occur when untrusted input executes malicious JavaScript code, leading to issues such as account compromise and sensitive information leakage. To prevent this vulnerability, validate the user input, perform contextual output encoding or sanitize the input. In PHP you can encode or sanitize user input with `htmlspecialchars` or use automatic context-aware escaping with a template engine such as Latte.",WARNING,php.lang.security.taint-unsafe-echo-tag.taint-unsafe-echo-tag
../../CrossVul/CWE-22/php/bad_3982_0,3706,60,`Echo`ing user input risks cross-site scripting vulnerability. You should use `htmlentities()` when showing data to users.,ERROR,php.lang.security.injection.echoed-request.echoed-request
../../CrossVul/CWE-22/php/bad_3982_0,3706,60,"Found direct access to a PHP variable wihout HTML escaping inside an inline PHP statement setting data from `$_REQUEST[...]`. When untrusted input can be used to tamper with a web page rendering, it can lead to a Cross-site scripting (XSS) vulnerability. XSS vulnerabilities occur when untrusted input executes malicious JavaScript code, leading to issues such as account compromise and sensitive information leakage. To prevent this vulnerability, validate the user input, perform contextual output encoding or sanitize the input. In PHP you can encode or sanitize user input with `htmlspecialchars` or use automatic context-aware escaping with a template engine such as Latte.",WARNING,php.lang.security.taint-unsafe-echo-tag.taint-unsafe-echo-tag
../../CrossVul/CWE-22/php/good_1152_0,70,22,File name based on user input risks server-side request forgery.,WARNING,php.lang.security.injection.tainted-filename.tainted-filename
../../CrossVul/CWE-22/php/good_1152_0,71,15,File name based on user input risks server-side request forgery.,WARNING,php.lang.security.injection.tainted-filename.tainted-filename
../../CrossVul/CWE-22/php/good_1158_0,94,20,File name based on user input risks server-side request forgery.,WARNING,php.lang.security.injection.tainted-filename.tainted-filename
../../CrossVul/CWE-22/php/good_1158_0,95,17,File name based on user input risks server-side request forgery.,WARNING,php.lang.security.injection.tainted-filename.tainted-filename
../../CrossVul/CWE-22/php/good_1158_0,113,40,File name based on user input risks server-side request forgery.,WARNING,php.lang.security.injection.tainted-filename.tainted-filename
../../CrossVul/CWE-22/php/good_1158_0,245,18,File name based on user input risks server-side request forgery.,WARNING,php.lang.security.injection.tainted-filename.tainted-filename
../../CrossVul/CWE-22/php/good_1158_0,248,17,File name based on user input risks server-side request forgery.,WARNING,php.lang.security.injection.tainted-filename.tainted-filename
../../CrossVul/CWE-22/php/good_1158_0,304,16,File name based on user input risks server-side request forgery.,WARNING,php.lang.security.injection.tainted-filename.tainted-filename
../../CrossVul/CWE-22/php/good_2928_0,127,45,`Echo`ing user input risks cross-site scripting vulnerability. You should use `htmlentities()` when showing data to users.,ERROR,php.lang.security.injection.echoed-request.echoed-request
../../CrossVul/CWE-22/php/good_2928_0,127,45,"Found direct access to a PHP variable wihout HTML escaping inside an inline PHP statement setting data from `$_REQUEST[...]`. When untrusted input can be used to tamper with a web page rendering, it can lead to a Cross-site scripting (XSS) vulnerability. XSS vulnerabilities occur when untrusted input executes malicious JavaScript code, leading to issues such as account compromise and sensitive information leakage. To prevent this vulnerability, validate the user input, perform contextual output encoding or sanitize the input. In PHP you can encode or sanitize user input with `htmlspecialchars` or use automatic context-aware escaping with a template engine such as Latte.",WARNING,php.lang.security.taint-unsafe-echo-tag.taint-unsafe-echo-tag
../../CrossVul/CWE-22/php/good_2928_0,155,98,`Echo`ing user input risks cross-site scripting vulnerability. You should use `htmlentities()` when showing data to users.,ERROR,php.lang.security.injection.echoed-request.echoed-request
../../CrossVul/CWE-22/php/good_2928_0,155,98,"Found direct access to a PHP variable wihout HTML escaping inside an inline PHP statement setting data from `$_REQUEST[...]`. When untrusted input can be used to tamper with a web page rendering, it can lead to a Cross-site scripting (XSS) vulnerability. XSS vulnerabilities occur when untrusted input executes malicious JavaScript code, leading to issues such as account compromise and sensitive information leakage. To prevent this vulnerability, validate the user input, perform contextual output encoding or sanitize the input. In PHP you can encode or sanitize user input with `htmlspecialchars` or use automatic context-aware escaping with a template engine such as Latte.",WARNING,php.lang.security.taint-unsafe-echo-tag.taint-unsafe-echo-tag
../../CrossVul/CWE-22/php/good_2928_0,155,178,`Echo`ing user input risks cross-site scripting vulnerability. You should use `htmlentities()` when showing data to users.,ERROR,php.lang.security.injection.echoed-request.echoed-request
../../CrossVul/CWE-22/php/good_2928_0,155,178,"Found direct access to a PHP variable wihout HTML escaping inside an inline PHP statement setting data from `$_REQUEST[...]`. When untrusted input can be used to tamper with a web page rendering, it can lead to a Cross-site scripting (XSS) vulnerability. XSS vulnerabilities occur when untrusted input executes malicious JavaScript code, leading to issues such as account compromise and sensitive information leakage. To prevent this vulnerability, validate the user input, perform contextual output encoding or sanitize the input. In PHP you can encode or sanitize user input with `htmlspecialchars` or use automatic context-aware escaping with a template engine such as Latte.",WARNING,php.lang.security.taint-unsafe-echo-tag.taint-unsafe-echo-tag
../../CrossVul/CWE-22/php/good_2928_0,156,41,`Echo`ing user input risks cross-site scripting vulnerability. You should use `htmlentities()` when showing data to users.,ERROR,php.lang.security.injection.echoed-request.echoed-request
../../CrossVul/CWE-22/php/good_2928_0,156,41,"Found direct access to a PHP variable wihout HTML escaping inside an inline PHP statement setting data from `$_REQUEST[...]`. When untrusted input can be used to tamper with a web page rendering, it can lead to a Cross-site scripting (XSS) vulnerability. XSS vulnerabilities occur when untrusted input executes malicious JavaScript code, leading to issues such as account compromise and sensitive information leakage. To prevent this vulnerability, validate the user input, perform contextual output encoding or sanitize the input. In PHP you can encode or sanitize user input with `htmlspecialchars` or use automatic context-aware escaping with a template engine such as Latte.",WARNING,php.lang.security.taint-unsafe-echo-tag.taint-unsafe-echo-tag
../../CrossVul/CWE-22/php/good_2928_0,265,94,`Echo`ing user input risks cross-site scripting vulnerability. You should use `htmlentities()` when showing data to users.,ERROR,php.lang.security.injection.echoed-request.echoed-request
../../CrossVul/CWE-22/php/good_2928_0,265,94,"Found direct access to a PHP variable wihout HTML escaping inside an inline PHP statement setting data from `$_REQUEST[...]`. When untrusted input can be used to tamper with a web page rendering, it can lead to a Cross-site scripting (XSS) vulnerability. XSS vulnerabilities occur when untrusted input executes malicious JavaScript code, leading to issues such as account compromise and sensitive information leakage. To prevent this vulnerability, validate the user input, perform contextual output encoding or sanitize the input. In PHP you can encode or sanitize user input with `htmlspecialchars` or use automatic context-aware escaping with a template engine such as Latte.",WARNING,php.lang.security.taint-unsafe-echo-tag.taint-unsafe-echo-tag
../../CrossVul/CWE-22/php/good_2928_0,271,94,`Echo`ing user input risks cross-site scripting vulnerability. You should use `htmlentities()` when showing data to users.,ERROR,php.lang.security.injection.echoed-request.echoed-request
../../CrossVul/CWE-22/php/good_2928_0,271,94,"Found direct access to a PHP variable wihout HTML escaping inside an inline PHP statement setting data from `$_REQUEST[...]`. When untrusted input can be used to tamper with a web page rendering, it can lead to a Cross-site scripting (XSS) vulnerability. XSS vulnerabilities occur when untrusted input executes malicious JavaScript code, leading to issues such as account compromise and sensitive information leakage. To prevent this vulnerability, validate the user input, perform contextual output encoding or sanitize the input. In PHP you can encode or sanitize user input with `htmlspecialchars` or use automatic context-aware escaping with a template engine such as Latte.",WARNING,php.lang.security.taint-unsafe-echo-tag.taint-unsafe-echo-tag
../../CrossVul/CWE-22/php/good_2928_0,277,98,`Echo`ing user input risks cross-site scripting vulnerability. You should use `htmlentities()` when showing data to users.,ERROR,php.lang.security.injection.echoed-request.echoed-request
../../CrossVul/CWE-22/php/good_2928_0,277,98,"Found direct access to a PHP variable wihout HTML escaping inside an inline PHP statement setting data from `$_REQUEST[...]`. When untrusted input can be used to tamper with a web page rendering, it can lead to a Cross-site scripting (XSS) vulnerability. XSS vulnerabilities occur when untrusted input executes malicious JavaScript code, leading to issues such as account compromise and sensitive information leakage. To prevent this vulnerability, validate the user input, perform contextual output encoding or sanitize the input. In PHP you can encode or sanitize user input with `htmlspecialchars` or use automatic context-aware escaping with a template engine such as Latte.",WARNING,php.lang.security.taint-unsafe-echo-tag.taint-unsafe-echo-tag
../../CrossVul/CWE-22/php/good_2928_0,283,94,`Echo`ing user input risks cross-site scripting vulnerability. You should use `htmlentities()` when showing data to users.,ERROR,php.lang.security.injection.echoed-request.echoed-request
../../CrossVul/CWE-22/php/good_2928_0,283,94,"Found direct access to a PHP variable wihout HTML escaping inside an inline PHP statement setting data from `$_REQUEST[...]`. When untrusted input can be used to tamper with a web page rendering, it can lead to a Cross-site scripting (XSS) vulnerability. XSS vulnerabilities occur when untrusted input executes malicious JavaScript code, leading to issues such as account compromise and sensitive information leakage. To prevent this vulnerability, validate the user input, perform contextual output encoding or sanitize the input. In PHP you can encode or sanitize user input with `htmlspecialchars` or use automatic context-aware escaping with a template engine such as Latte.",WARNING,php.lang.security.taint-unsafe-echo-tag.taint-unsafe-echo-tag
../../CrossVul/CWE-22/php/good_2928_0,289,98,`Echo`ing user input risks cross-site scripting vulnerability. You should use `htmlentities()` when showing data to users.,ERROR,php.lang.security.injection.echoed-request.echoed-request
../../CrossVul/CWE-22/php/good_2928_0,289,98,"Found direct access to a PHP variable wihout HTML escaping inside an inline PHP statement setting data from `$_REQUEST[...]`. When untrusted input can be used to tamper with a web page rendering, it can lead to a Cross-site scripting (XSS) vulnerability. XSS vulnerabilities occur when untrusted input executes malicious JavaScript code, leading to issues such as account compromise and sensitive information leakage. To prevent this vulnerability, validate the user input, perform contextual output encoding or sanitize the input. In PHP you can encode or sanitize user input with `htmlspecialchars` or use automatic context-aware escaping with a template engine such as Latte.",WARNING,php.lang.security.taint-unsafe-echo-tag.taint-unsafe-echo-tag
../../CrossVul/CWE-22/php/good_2928_0,295,94,`Echo`ing user input risks cross-site scripting vulnerability. You should use `htmlentities()` when showing data to users.,ERROR,php.lang.security.injection.echoed-request.echoed-request
../../CrossVul/CWE-22/php/good_2928_0,295,94,"Found direct access to a PHP variable wihout HTML escaping inside an inline PHP statement setting data from `$_REQUEST[...]`. When untrusted input can be used to tamper with a web page rendering, it can lead to a Cross-site scripting (XSS) vulnerability. XSS vulnerabilities occur when untrusted input executes malicious JavaScript code, leading to issues such as account compromise and sensitive information leakage. To prevent this vulnerability, validate the user input, perform contextual output encoding or sanitize the input. In PHP you can encode or sanitize user input with `htmlspecialchars` or use automatic context-aware escaping with a template engine such as Latte.",WARNING,php.lang.security.taint-unsafe-echo-tag.taint-unsafe-echo-tag
../../CrossVul/CWE-22/php/good_2928_0,325,59,`Echo`ing user input risks cross-site scripting vulnerability. You should use `htmlentities()` when showing data to users.,ERROR,php.lang.security.injection.echoed-request.echoed-request
../../CrossVul/CWE-22/php/good_2928_0,325,59,"Found direct access to a PHP variable wihout HTML escaping inside an inline PHP statement setting data from `$_REQUEST[...]`. When untrusted input can be used to tamper with a web page rendering, it can lead to a Cross-site scripting (XSS) vulnerability. XSS vulnerabilities occur when untrusted input executes malicious JavaScript code, leading to issues such as account compromise and sensitive information leakage. To prevent this vulnerability, validate the user input, perform contextual output encoding or sanitize the input. In PHP you can encode or sanitize user input with `htmlspecialchars` or use automatic context-aware escaping with a template engine such as Latte.",WARNING,php.lang.security.taint-unsafe-echo-tag.taint-unsafe-echo-tag
../../CrossVul/CWE-22/php/good_2928_0,326,59,`Echo`ing user input risks cross-site scripting vulnerability. You should use `htmlentities()` when showing data to users.,ERROR,php.lang.security.injection.echoed-request.echoed-request
../../CrossVul/CWE-22/php/good_2928_0,326,59,"Found direct access to a PHP variable wihout HTML escaping inside an inline PHP statement setting data from `$_REQUEST[...]`. When untrusted input can be used to tamper with a web page rendering, it can lead to a Cross-site scripting (XSS) vulnerability. XSS vulnerabilities occur when untrusted input executes malicious JavaScript code, leading to issues such as account compromise and sensitive information leakage. To prevent this vulnerability, validate the user input, perform contextual output encoding or sanitize the input. In PHP you can encode or sanitize user input with `htmlspecialchars` or use automatic context-aware escaping with a template engine such as Latte.",WARNING,php.lang.security.taint-unsafe-echo-tag.taint-unsafe-echo-tag
../../CrossVul/CWE-22/php/good_2928_0,327,59,`Echo`ing user input risks cross-site scripting vulnerability. You should use `htmlentities()` when showing data to users.,ERROR,php.lang.security.injection.echoed-request.echoed-request
../../CrossVul/CWE-22/php/good_2928_0,327,59,"Found direct access to a PHP variable wihout HTML escaping inside an inline PHP statement setting data from `$_REQUEST[...]`. When untrusted input can be used to tamper with a web page rendering, it can lead to a Cross-site scripting (XSS) vulnerability. XSS vulnerabilities occur when untrusted input executes malicious JavaScript code, leading to issues such as account compromise and sensitive information leakage. To prevent this vulnerability, validate the user input, perform contextual output encoding or sanitize the input. In PHP you can encode or sanitize user input with `htmlspecialchars` or use automatic context-aware escaping with a template engine such as Latte.",WARNING,php.lang.security.taint-unsafe-echo-tag.taint-unsafe-echo-tag
../../CrossVul/CWE-22/php/good_2928_0,328,59,`Echo`ing user input risks cross-site scripting vulnerability. You should use `htmlentities()` when showing data to users.,ERROR,php.lang.security.injection.echoed-request.echoed-request
../../CrossVul/CWE-22/php/good_2928_0,328,59,"Found direct access to a PHP variable wihout HTML escaping inside an inline PHP statement setting data from `$_REQUEST[...]`. When untrusted input can be used to tamper with a web page rendering, it can lead to a Cross-site scripting (XSS) vulnerability. XSS vulnerabilities occur when untrusted input executes malicious JavaScript code, leading to issues such as account compromise and sensitive information leakage. To prevent this vulnerability, validate the user input, perform contextual output encoding or sanitize the input. In PHP you can encode or sanitize user input with `htmlspecialchars` or use automatic context-aware escaping with a template engine such as Latte.",WARNING,php.lang.security.taint-unsafe-echo-tag.taint-unsafe-echo-tag
../../CrossVul/CWE-22/php/good_2928_0,329,59,`Echo`ing user input risks cross-site scripting vulnerability. You should use `htmlentities()` when showing data to users.,ERROR,php.lang.security.injection.echoed-request.echoed-request
../../CrossVul/CWE-22/php/good_2928_0,329,59,"Found direct access to a PHP variable wihout HTML escaping inside an inline PHP statement setting data from `$_REQUEST[...]`. When untrusted input can be used to tamper with a web page rendering, it can lead to a Cross-site scripting (XSS) vulnerability. XSS vulnerabilities occur when untrusted input executes malicious JavaScript code, leading to issues such as account compromise and sensitive information leakage. To prevent this vulnerability, validate the user input, perform contextual output encoding or sanitize the input. In PHP you can encode or sanitize user input with `htmlspecialchars` or use automatic context-aware escaping with a template engine such as Latte.",WARNING,php.lang.security.taint-unsafe-echo-tag.taint-unsafe-echo-tag
../../CrossVul/CWE-22/php/good_2928_0,330,61,`Echo`ing user input risks cross-site scripting vulnerability. You should use `htmlentities()` when showing data to users.,ERROR,php.lang.security.injection.echoed-request.echoed-request
../../CrossVul/CWE-22/php/good_2928_0,330,61,"Found direct access to a PHP variable wihout HTML escaping inside an inline PHP statement setting data from `$_REQUEST[...]`. When untrusted input can be used to tamper with a web page rendering, it can lead to a Cross-site scripting (XSS) vulnerability. XSS vulnerabilities occur when untrusted input executes malicious JavaScript code, leading to issues such as account compromise and sensitive information leakage. To prevent this vulnerability, validate the user input, perform contextual output encoding or sanitize the input. In PHP you can encode or sanitize user input with `htmlspecialchars` or use automatic context-aware escaping with a template engine such as Latte.",WARNING,php.lang.security.taint-unsafe-echo-tag.taint-unsafe-echo-tag
../../CrossVul/CWE-22/php/good_2928_0,429,59,`Echo`ing user input risks cross-site scripting vulnerability. You should use `htmlentities()` when showing data to users.,ERROR,php.lang.security.injection.echoed-request.echoed-request
../../CrossVul/CWE-22/php/good_2928_0,429,59,"Found direct access to a PHP variable wihout HTML escaping inside an inline PHP statement setting data from `$_REQUEST[...]`. When untrusted input can be used to tamper with a web page rendering, it can lead to a Cross-site scripting (XSS) vulnerability. XSS vulnerabilities occur when untrusted input executes malicious JavaScript code, leading to issues such as account compromise and sensitive information leakage. To prevent this vulnerability, validate the user input, perform contextual output encoding or sanitize the input. In PHP you can encode or sanitize user input with `htmlspecialchars` or use automatic context-aware escaping with a template engine such as Latte.",WARNING,php.lang.security.taint-unsafe-echo-tag.taint-unsafe-echo-tag
../../CrossVul/CWE-22/php/good_2928_0,430,59,`Echo`ing user input risks cross-site scripting vulnerability. You should use `htmlentities()` when showing data to users.,ERROR,php.lang.security.injection.echoed-request.echoed-request
../../CrossVul/CWE-22/php/good_2928_0,430,59,"Found direct access to a PHP variable wihout HTML escaping inside an inline PHP statement setting data from `$_REQUEST[...]`. When untrusted input can be used to tamper with a web page rendering, it can lead to a Cross-site scripting (XSS) vulnerability. XSS vulnerabilities occur when untrusted input executes malicious JavaScript code, leading to issues such as account compromise and sensitive information leakage. To prevent this vulnerability, validate the user input, perform contextual output encoding or sanitize the input. In PHP you can encode or sanitize user input with `htmlspecialchars` or use automatic context-aware escaping with a template engine such as Latte.",WARNING,php.lang.security.taint-unsafe-echo-tag.taint-unsafe-echo-tag
../../CrossVul/CWE-22/php/good_2928_0,431,59,`Echo`ing user input risks cross-site scripting vulnerability. You should use `htmlentities()` when showing data to users.,ERROR,php.lang.security.injection.echoed-request.echoed-request
../../CrossVul/CWE-22/php/good_2928_0,431,59,"Found direct access to a PHP variable wihout HTML escaping inside an inline PHP statement setting data from `$_REQUEST[...]`. When untrusted input can be used to tamper with a web page rendering, it can lead to a Cross-site scripting (XSS) vulnerability. XSS vulnerabilities occur when untrusted input executes malicious JavaScript code, leading to issues such as account compromise and sensitive information leakage. To prevent this vulnerability, validate the user input, perform contextual output encoding or sanitize the input. In PHP you can encode or sanitize user input with `htmlspecialchars` or use automatic context-aware escaping with a template engine such as Latte.",WARNING,php.lang.security.taint-unsafe-echo-tag.taint-unsafe-echo-tag
../../CrossVul/CWE-22/php/good_2928_0,432,59,`Echo`ing user input risks cross-site scripting vulnerability. You should use `htmlentities()` when showing data to users.,ERROR,php.lang.security.injection.echoed-request.echoed-request
../../CrossVul/CWE-22/php/good_2928_0,432,59,"Found direct access to a PHP variable wihout HTML escaping inside an inline PHP statement setting data from `$_REQUEST[...]`. When untrusted input can be used to tamper with a web page rendering, it can lead to a Cross-site scripting (XSS) vulnerability. XSS vulnerabilities occur when untrusted input executes malicious JavaScript code, leading to issues such as account compromise and sensitive information leakage. To prevent this vulnerability, validate the user input, perform contextual output encoding or sanitize the input. In PHP you can encode or sanitize user input with `htmlspecialchars` or use automatic context-aware escaping with a template engine such as Latte.",WARNING,php.lang.security.taint-unsafe-echo-tag.taint-unsafe-echo-tag
../../CrossVul/CWE-22/php/good_2928_0,433,61,`Echo`ing user input risks cross-site scripting vulnerability. You should use `htmlentities()` when showing data to users.,ERROR,php.lang.security.injection.echoed-request.echoed-request
../../CrossVul/CWE-22/php/good_2928_0,433,61,"Found direct access to a PHP variable wihout HTML escaping inside an inline PHP statement setting data from `$_REQUEST[...]`. When untrusted input can be used to tamper with a web page rendering, it can lead to a Cross-site scripting (XSS) vulnerability. XSS vulnerabilities occur when untrusted input executes malicious JavaScript code, leading to issues such as account compromise and sensitive information leakage. To prevent this vulnerability, validate the user input, perform contextual output encoding or sanitize the input. In PHP you can encode or sanitize user input with `htmlspecialchars` or use automatic context-aware escaping with a template engine such as Latte.",WARNING,php.lang.security.taint-unsafe-echo-tag.taint-unsafe-echo-tag
../../CrossVul/CWE-22/php/good_2928_0,452,59,`Echo`ing user input risks cross-site scripting vulnerability. You should use `htmlentities()` when showing data to users.,ERROR,php.lang.security.injection.echoed-request.echoed-request
../../CrossVul/CWE-22/php/good_2928_0,452,59,"Found direct access to a PHP variable wihout HTML escaping inside an inline PHP statement setting data from `$_REQUEST[...]`. When untrusted input can be used to tamper with a web page rendering, it can lead to a Cross-site scripting (XSS) vulnerability. XSS vulnerabilities occur when untrusted input executes malicious JavaScript code, leading to issues such as account compromise and sensitive information leakage. To prevent this vulnerability, validate the user input, perform contextual output encoding or sanitize the input. In PHP you can encode or sanitize user input with `htmlspecialchars` or use automatic context-aware escaping with a template engine such as Latte.",WARNING,php.lang.security.taint-unsafe-echo-tag.taint-unsafe-echo-tag
../../CrossVul/CWE-22/php/good_2928_0,453,59,`Echo`ing user input risks cross-site scripting vulnerability. You should use `htmlentities()` when showing data to users.,ERROR,php.lang.security.injection.echoed-request.echoed-request
../../CrossVul/CWE-22/php/good_2928_0,453,59,"Found direct access to a PHP variable wihout HTML escaping inside an inline PHP statement setting data from `$_REQUEST[...]`. When untrusted input can be used to tamper with a web page rendering, it can lead to a Cross-site scripting (XSS) vulnerability. XSS vulnerabilities occur when untrusted input executes malicious JavaScript code, leading to issues such as account compromise and sensitive information leakage. To prevent this vulnerability, validate the user input, perform contextual output encoding or sanitize the input. In PHP you can encode or sanitize user input with `htmlspecialchars` or use automatic context-aware escaping with a template engine such as Latte.",WARNING,php.lang.security.taint-unsafe-echo-tag.taint-unsafe-echo-tag
../../CrossVul/CWE-22/php/good_2928_0,454,59,`Echo`ing user input risks cross-site scripting vulnerability. You should use `htmlentities()` when showing data to users.,ERROR,php.lang.security.injection.echoed-request.echoed-request
../../CrossVul/CWE-22/php/good_2928_0,454,59,"Found direct access to a PHP variable wihout HTML escaping inside an inline PHP statement setting data from `$_REQUEST[...]`. When untrusted input can be used to tamper with a web page rendering, it can lead to a Cross-site scripting (XSS) vulnerability. XSS vulnerabilities occur when untrusted input executes malicious JavaScript code, leading to issues such as account compromise and sensitive information leakage. To prevent this vulnerability, validate the user input, perform contextual output encoding or sanitize the input. In PHP you can encode or sanitize user input with `htmlspecialchars` or use automatic context-aware escaping with a template engine such as Latte.",WARNING,php.lang.security.taint-unsafe-echo-tag.taint-unsafe-echo-tag
../../CrossVul/CWE-22/php/good_2928_0,455,59,`Echo`ing user input risks cross-site scripting vulnerability. You should use `htmlentities()` when showing data to users.,ERROR,php.lang.security.injection.echoed-request.echoed-request
../../CrossVul/CWE-22/php/good_2928_0,455,59,"Found direct access to a PHP variable wihout HTML escaping inside an inline PHP statement setting data from `$_REQUEST[...]`. When untrusted input can be used to tamper with a web page rendering, it can lead to a Cross-site scripting (XSS) vulnerability. XSS vulnerabilities occur when untrusted input executes malicious JavaScript code, leading to issues such as account compromise and sensitive information leakage. To prevent this vulnerability, validate the user input, perform contextual output encoding or sanitize the input. In PHP you can encode or sanitize user input with `htmlspecialchars` or use automatic context-aware escaping with a template engine such as Latte.",WARNING,php.lang.security.taint-unsafe-echo-tag.taint-unsafe-echo-tag
../../CrossVul/CWE-22/php/good_2928_0,456,61,`Echo`ing user input risks cross-site scripting vulnerability. You should use `htmlentities()` when showing data to users.,ERROR,php.lang.security.injection.echoed-request.echoed-request
../../CrossVul/CWE-22/php/good_2928_0,456,61,"Found direct access to a PHP variable wihout HTML escaping inside an inline PHP statement setting data from `$_REQUEST[...]`. When untrusted input can be used to tamper with a web page rendering, it can lead to a Cross-site scripting (XSS) vulnerability. XSS vulnerabilities occur when untrusted input executes malicious JavaScript code, leading to issues such as account compromise and sensitive information leakage. To prevent this vulnerability, validate the user input, perform contextual output encoding or sanitize the input. In PHP you can encode or sanitize user input with `htmlspecialchars` or use automatic context-aware escaping with a template engine such as Latte.",WARNING,php.lang.security.taint-unsafe-echo-tag.taint-unsafe-echo-tag
../../CrossVul/CWE-22/php/good_2928_0,460,98,`Echo`ing user input risks cross-site scripting vulnerability. You should use `htmlentities()` when showing data to users.,ERROR,php.lang.security.injection.echoed-request.echoed-request
../../CrossVul/CWE-22/php/good_2928_0,460,98,"Found direct access to a PHP variable wihout HTML escaping inside an inline PHP statement setting data from `$_REQUEST[...]`. When untrusted input can be used to tamper with a web page rendering, it can lead to a Cross-site scripting (XSS) vulnerability. XSS vulnerabilities occur when untrusted input executes malicious JavaScript code, leading to issues such as account compromise and sensitive information leakage. To prevent this vulnerability, validate the user input, perform contextual output encoding or sanitize the input. In PHP you can encode or sanitize user input with `htmlspecialchars` or use automatic context-aware escaping with a template engine such as Latte.",WARNING,php.lang.security.taint-unsafe-echo-tag.taint-unsafe-echo-tag
../../CrossVul/CWE-22/php/good_2928_0,466,102,`Echo`ing user input risks cross-site scripting vulnerability. You should use `htmlentities()` when showing data to users.,ERROR,php.lang.security.injection.echoed-request.echoed-request
../../CrossVul/CWE-22/php/good_2928_0,466,102,"Found direct access to a PHP variable wihout HTML escaping inside an inline PHP statement setting data from `$_REQUEST[...]`. When untrusted input can be used to tamper with a web page rendering, it can lead to a Cross-site scripting (XSS) vulnerability. XSS vulnerabilities occur when untrusted input executes malicious JavaScript code, leading to issues such as account compromise and sensitive information leakage. To prevent this vulnerability, validate the user input, perform contextual output encoding or sanitize the input. In PHP you can encode or sanitize user input with `htmlspecialchars` or use automatic context-aware escaping with a template engine such as Latte.",WARNING,php.lang.security.taint-unsafe-echo-tag.taint-unsafe-echo-tag
../../CrossVul/CWE-22/php/good_2928_0,472,101,`Echo`ing user input risks cross-site scripting vulnerability. You should use `htmlentities()` when showing data to users.,ERROR,php.lang.security.injection.echoed-request.echoed-request
../../CrossVul/CWE-22/php/good_2928_0,472,101,"Found direct access to a PHP variable wihout HTML escaping inside an inline PHP statement setting data from `$_REQUEST[...]`. When untrusted input can be used to tamper with a web page rendering, it can lead to a Cross-site scripting (XSS) vulnerability. XSS vulnerabilities occur when untrusted input executes malicious JavaScript code, leading to issues such as account compromise and sensitive information leakage. To prevent this vulnerability, validate the user input, perform contextual output encoding or sanitize the input. In PHP you can encode or sanitize user input with `htmlspecialchars` or use automatic context-aware escaping with a template engine such as Latte.",WARNING,php.lang.security.taint-unsafe-echo-tag.taint-unsafe-echo-tag
../../CrossVul/CWE-22/php/good_2928_0,508,59,`Echo`ing user input risks cross-site scripting vulnerability. You should use `htmlentities()` when showing data to users.,ERROR,php.lang.security.injection.echoed-request.echoed-request
../../CrossVul/CWE-22/php/good_2928_0,508,59,"Found direct access to a PHP variable wihout HTML escaping inside an inline PHP statement setting data from `$_REQUEST[...]`. When untrusted input can be used to tamper with a web page rendering, it can lead to a Cross-site scripting (XSS) vulnerability. XSS vulnerabilities occur when untrusted input executes malicious JavaScript code, leading to issues such as account compromise and sensitive information leakage. To prevent this vulnerability, validate the user input, perform contextual output encoding or sanitize the input. In PHP you can encode or sanitize user input with `htmlspecialchars` or use automatic context-aware escaping with a template engine such as Latte.",WARNING,php.lang.security.taint-unsafe-echo-tag.taint-unsafe-echo-tag
../../CrossVul/CWE-22/php/good_2928_0,509,59,`Echo`ing user input risks cross-site scripting vulnerability. You should use `htmlentities()` when showing data to users.,ERROR,php.lang.security.injection.echoed-request.echoed-request
../../CrossVul/CWE-22/php/good_2928_0,509,59,"Found direct access to a PHP variable wihout HTML escaping inside an inline PHP statement setting data from `$_REQUEST[...]`. When untrusted input can be used to tamper with a web page rendering, it can lead to a Cross-site scripting (XSS) vulnerability. XSS vulnerabilities occur when untrusted input executes malicious JavaScript code, leading to issues such as account compromise and sensitive information leakage. To prevent this vulnerability, validate the user input, perform contextual output encoding or sanitize the input. In PHP you can encode or sanitize user input with `htmlspecialchars` or use automatic context-aware escaping with a template engine such as Latte.",WARNING,php.lang.security.taint-unsafe-echo-tag.taint-unsafe-echo-tag
../../CrossVul/CWE-22/php/good_2928_0,510,59,`Echo`ing user input risks cross-site scripting vulnerability. You should use `htmlentities()` when showing data to users.,ERROR,php.lang.security.injection.echoed-request.echoed-request
../../CrossVul/CWE-22/php/good_2928_0,510,59,"Found direct access to a PHP variable wihout HTML escaping inside an inline PHP statement setting data from `$_REQUEST[...]`. When untrusted input can be used to tamper with a web page rendering, it can lead to a Cross-site scripting (XSS) vulnerability. XSS vulnerabilities occur when untrusted input executes malicious JavaScript code, leading to issues such as account compromise and sensitive information leakage. To prevent this vulnerability, validate the user input, perform contextual output encoding or sanitize the input. In PHP you can encode or sanitize user input with `htmlspecialchars` or use automatic context-aware escaping with a template engine such as Latte.",WARNING,php.lang.security.taint-unsafe-echo-tag.taint-unsafe-echo-tag
../../CrossVul/CWE-22/php/good_2928_0,511,59,`Echo`ing user input risks cross-site scripting vulnerability. You should use `htmlentities()` when showing data to users.,ERROR,php.lang.security.injection.echoed-request.echoed-request
../../CrossVul/CWE-22/php/good_2928_0,511,59,"Found direct access to a PHP variable wihout HTML escaping inside an inline PHP statement setting data from `$_REQUEST[...]`. When untrusted input can be used to tamper with a web page rendering, it can lead to a Cross-site scripting (XSS) vulnerability. XSS vulnerabilities occur when untrusted input executes malicious JavaScript code, leading to issues such as account compromise and sensitive information leakage. To prevent this vulnerability, validate the user input, perform contextual output encoding or sanitize the input. In PHP you can encode or sanitize user input with `htmlspecialchars` or use automatic context-aware escaping with a template engine such as Latte.",WARNING,php.lang.security.taint-unsafe-echo-tag.taint-unsafe-echo-tag
../../CrossVul/CWE-22/php/good_2928_0,512,61,`Echo`ing user input risks cross-site scripting vulnerability. You should use `htmlentities()` when showing data to users.,ERROR,php.lang.security.injection.echoed-request.echoed-request
../../CrossVul/CWE-22/php/good_2928_0,512,61,"Found direct access to a PHP variable wihout HTML escaping inside an inline PHP statement setting data from `$_REQUEST[...]`. When untrusted input can be used to tamper with a web page rendering, it can lead to a Cross-site scripting (XSS) vulnerability. XSS vulnerabilities occur when untrusted input executes malicious JavaScript code, leading to issues such as account compromise and sensitive information leakage. To prevent this vulnerability, validate the user input, perform contextual output encoding or sanitize the input. In PHP you can encode or sanitize user input with `htmlspecialchars` or use automatic context-aware escaping with a template engine such as Latte.",WARNING,php.lang.security.taint-unsafe-echo-tag.taint-unsafe-echo-tag
../../CrossVul/CWE-22/php/good_2929_0,119,45,`Echo`ing user input risks cross-site scripting vulnerability. You should use `htmlentities()` when showing data to users.,ERROR,php.lang.security.injection.echoed-request.echoed-request
../../CrossVul/CWE-22/php/good_2929_0,119,45,"Found direct access to a PHP variable wihout HTML escaping inside an inline PHP statement setting data from `$_REQUEST[...]`. When untrusted input can be used to tamper with a web page rendering, it can lead to a Cross-site scripting (XSS) vulnerability. XSS vulnerabilities occur when untrusted input executes malicious JavaScript code, leading to issues such as account compromise and sensitive information leakage. To prevent this vulnerability, validate the user input, perform contextual output encoding or sanitize the input. In PHP you can encode or sanitize user input with `htmlspecialchars` or use automatic context-aware escaping with a template engine such as Latte.",WARNING,php.lang.security.taint-unsafe-echo-tag.taint-unsafe-echo-tag
../../CrossVul/CWE-22/php/good_2929_0,139,98,`Echo`ing user input risks cross-site scripting vulnerability. You should use `htmlentities()` when showing data to users.,ERROR,php.lang.security.injection.echoed-request.echoed-request
../../CrossVul/CWE-22/php/good_2929_0,139,98,"Found direct access to a PHP variable wihout HTML escaping inside an inline PHP statement setting data from `$_REQUEST[...]`. When untrusted input can be used to tamper with a web page rendering, it can lead to a Cross-site scripting (XSS) vulnerability. XSS vulnerabilities occur when untrusted input executes malicious JavaScript code, leading to issues such as account compromise and sensitive information leakage. To prevent this vulnerability, validate the user input, perform contextual output encoding or sanitize the input. In PHP you can encode or sanitize user input with `htmlspecialchars` or use automatic context-aware escaping with a template engine such as Latte.",WARNING,php.lang.security.taint-unsafe-echo-tag.taint-unsafe-echo-tag
../../CrossVul/CWE-22/php/good_2929_0,139,178,`Echo`ing user input risks cross-site scripting vulnerability. You should use `htmlentities()` when showing data to users.,ERROR,php.lang.security.injection.echoed-request.echoed-request
../../CrossVul/CWE-22/php/good_2929_0,139,178,"Found direct access to a PHP variable wihout HTML escaping inside an inline PHP statement setting data from `$_REQUEST[...]`. When untrusted input can be used to tamper with a web page rendering, it can lead to a Cross-site scripting (XSS) vulnerability. XSS vulnerabilities occur when untrusted input executes malicious JavaScript code, leading to issues such as account compromise and sensitive information leakage. To prevent this vulnerability, validate the user input, perform contextual output encoding or sanitize the input. In PHP you can encode or sanitize user input with `htmlspecialchars` or use automatic context-aware escaping with a template engine such as Latte.",WARNING,php.lang.security.taint-unsafe-echo-tag.taint-unsafe-echo-tag
../../CrossVul/CWE-22/php/good_2929_0,140,41,`Echo`ing user input risks cross-site scripting vulnerability. You should use `htmlentities()` when showing data to users.,ERROR,php.lang.security.injection.echoed-request.echoed-request
../../CrossVul/CWE-22/php/good_2929_0,140,41,"Found direct access to a PHP variable wihout HTML escaping inside an inline PHP statement setting data from `$_REQUEST[...]`. When untrusted input can be used to tamper with a web page rendering, it can lead to a Cross-site scripting (XSS) vulnerability. XSS vulnerabilities occur when untrusted input executes malicious JavaScript code, leading to issues such as account compromise and sensitive information leakage. To prevent this vulnerability, validate the user input, perform contextual output encoding or sanitize the input. In PHP you can encode or sanitize user input with `htmlspecialchars` or use automatic context-aware escaping with a template engine such as Latte.",WARNING,php.lang.security.taint-unsafe-echo-tag.taint-unsafe-echo-tag
../../CrossVul/CWE-22/php/good_2929_0,228,94,`Echo`ing user input risks cross-site scripting vulnerability. You should use `htmlentities()` when showing data to users.,ERROR,php.lang.security.injection.echoed-request.echoed-request
../../CrossVul/CWE-22/php/good_2929_0,228,94,"Found direct access to a PHP variable wihout HTML escaping inside an inline PHP statement setting data from `$_REQUEST[...]`. When untrusted input can be used to tamper with a web page rendering, it can lead to a Cross-site scripting (XSS) vulnerability. XSS vulnerabilities occur when untrusted input executes malicious JavaScript code, leading to issues such as account compromise and sensitive information leakage. To prevent this vulnerability, validate the user input, perform contextual output encoding or sanitize the input. In PHP you can encode or sanitize user input with `htmlspecialchars` or use automatic context-aware escaping with a template engine such as Latte.",WARNING,php.lang.security.taint-unsafe-echo-tag.taint-unsafe-echo-tag
../../CrossVul/CWE-22/php/good_2929_0,234,94,`Echo`ing user input risks cross-site scripting vulnerability. You should use `htmlentities()` when showing data to users.,ERROR,php.lang.security.injection.echoed-request.echoed-request
../../CrossVul/CWE-22/php/good_2929_0,234,94,"Found direct access to a PHP variable wihout HTML escaping inside an inline PHP statement setting data from `$_REQUEST[...]`. When untrusted input can be used to tamper with a web page rendering, it can lead to a Cross-site scripting (XSS) vulnerability. XSS vulnerabilities occur when untrusted input executes malicious JavaScript code, leading to issues such as account compromise and sensitive information leakage. To prevent this vulnerability, validate the user input, perform contextual output encoding or sanitize the input. In PHP you can encode or sanitize user input with `htmlspecialchars` or use automatic context-aware escaping with a template engine such as Latte.",WARNING,php.lang.security.taint-unsafe-echo-tag.taint-unsafe-echo-tag
../../CrossVul/CWE-22/php/good_2929_0,240,98,`Echo`ing user input risks cross-site scripting vulnerability. You should use `htmlentities()` when showing data to users.,ERROR,php.lang.security.injection.echoed-request.echoed-request
../../CrossVul/CWE-22/php/good_2929_0,240,98,"Found direct access to a PHP variable wihout HTML escaping inside an inline PHP statement setting data from `$_REQUEST[...]`. When untrusted input can be used to tamper with a web page rendering, it can lead to a Cross-site scripting (XSS) vulnerability. XSS vulnerabilities occur when untrusted input executes malicious JavaScript code, leading to issues such as account compromise and sensitive information leakage. To prevent this vulnerability, validate the user input, perform contextual output encoding or sanitize the input. In PHP you can encode or sanitize user input with `htmlspecialchars` or use automatic context-aware escaping with a template engine such as Latte.",WARNING,php.lang.security.taint-unsafe-echo-tag.taint-unsafe-echo-tag
../../CrossVul/CWE-22/php/good_2929_0,246,94,`Echo`ing user input risks cross-site scripting vulnerability. You should use `htmlentities()` when showing data to users.,ERROR,php.lang.security.injection.echoed-request.echoed-request
../../CrossVul/CWE-22/php/good_2929_0,246,94,"Found direct access to a PHP variable wihout HTML escaping inside an inline PHP statement setting data from `$_REQUEST[...]`. When untrusted input can be used to tamper with a web page rendering, it can lead to a Cross-site scripting (XSS) vulnerability. XSS vulnerabilities occur when untrusted input executes malicious JavaScript code, leading to issues such as account compromise and sensitive information leakage. To prevent this vulnerability, validate the user input, perform contextual output encoding or sanitize the input. In PHP you can encode or sanitize user input with `htmlspecialchars` or use automatic context-aware escaping with a template engine such as Latte.",WARNING,php.lang.security.taint-unsafe-echo-tag.taint-unsafe-echo-tag
../../CrossVul/CWE-22/php/good_2929_0,252,98,`Echo`ing user input risks cross-site scripting vulnerability. You should use `htmlentities()` when showing data to users.,ERROR,php.lang.security.injection.echoed-request.echoed-request
../../CrossVul/CWE-22/php/good_2929_0,252,98,"Found direct access to a PHP variable wihout HTML escaping inside an inline PHP statement setting data from `$_REQUEST[...]`. When untrusted input can be used to tamper with a web page rendering, it can lead to a Cross-site scripting (XSS) vulnerability. XSS vulnerabilities occur when untrusted input executes malicious JavaScript code, leading to issues such as account compromise and sensitive information leakage. To prevent this vulnerability, validate the user input, perform contextual output encoding or sanitize the input. In PHP you can encode or sanitize user input with `htmlspecialchars` or use automatic context-aware escaping with a template engine such as Latte.",WARNING,php.lang.security.taint-unsafe-echo-tag.taint-unsafe-echo-tag
../../CrossVul/CWE-22/php/good_2929_0,258,94,`Echo`ing user input risks cross-site scripting vulnerability. You should use `htmlentities()` when showing data to users.,ERROR,php.lang.security.injection.echoed-request.echoed-request
../../CrossVul/CWE-22/php/good_2929_0,258,94,"Found direct access to a PHP variable wihout HTML escaping inside an inline PHP statement setting data from `$_REQUEST[...]`. When untrusted input can be used to tamper with a web page rendering, it can lead to a Cross-site scripting (XSS) vulnerability. XSS vulnerabilities occur when untrusted input executes malicious JavaScript code, leading to issues such as account compromise and sensitive information leakage. To prevent this vulnerability, validate the user input, perform contextual output encoding or sanitize the input. In PHP you can encode or sanitize user input with `htmlspecialchars` or use automatic context-aware escaping with a template engine such as Latte.",WARNING,php.lang.security.taint-unsafe-echo-tag.taint-unsafe-echo-tag
../../CrossVul/CWE-22/php/good_2929_0,288,59,`Echo`ing user input risks cross-site scripting vulnerability. You should use `htmlentities()` when showing data to users.,ERROR,php.lang.security.injection.echoed-request.echoed-request
../../CrossVul/CWE-22/php/good_2929_0,288,59,"Found direct access to a PHP variable wihout HTML escaping inside an inline PHP statement setting data from `$_REQUEST[...]`. When untrusted input can be used to tamper with a web page rendering, it can lead to a Cross-site scripting (XSS) vulnerability. XSS vulnerabilities occur when untrusted input executes malicious JavaScript code, leading to issues such as account compromise and sensitive information leakage. To prevent this vulnerability, validate the user input, perform contextual output encoding or sanitize the input. In PHP you can encode or sanitize user input with `htmlspecialchars` or use automatic context-aware escaping with a template engine such as Latte.",WARNING,php.lang.security.taint-unsafe-echo-tag.taint-unsafe-echo-tag
../../CrossVul/CWE-22/php/good_2929_0,289,59,`Echo`ing user input risks cross-site scripting vulnerability. You should use `htmlentities()` when showing data to users.,ERROR,php.lang.security.injection.echoed-request.echoed-request
../../CrossVul/CWE-22/php/good_2929_0,289,59,"Found direct access to a PHP variable wihout HTML escaping inside an inline PHP statement setting data from `$_REQUEST[...]`. When untrusted input can be used to tamper with a web page rendering, it can lead to a Cross-site scripting (XSS) vulnerability. XSS vulnerabilities occur when untrusted input executes malicious JavaScript code, leading to issues such as account compromise and sensitive information leakage. To prevent this vulnerability, validate the user input, perform contextual output encoding or sanitize the input. In PHP you can encode or sanitize user input with `htmlspecialchars` or use automatic context-aware escaping with a template engine such as Latte.",WARNING,php.lang.security.taint-unsafe-echo-tag.taint-unsafe-echo-tag
../../CrossVul/CWE-22/php/good_2929_0,290,59,`Echo`ing user input risks cross-site scripting vulnerability. You should use `htmlentities()` when showing data to users.,ERROR,php.lang.security.injection.echoed-request.echoed-request
../../CrossVul/CWE-22/php/good_2929_0,290,59,"Found direct access to a PHP variable wihout HTML escaping inside an inline PHP statement setting data from `$_REQUEST[...]`. When untrusted input can be used to tamper with a web page rendering, it can lead to a Cross-site scripting (XSS) vulnerability. XSS vulnerabilities occur when untrusted input executes malicious JavaScript code, leading to issues such as account compromise and sensitive information leakage. To prevent this vulnerability, validate the user input, perform contextual output encoding or sanitize the input. In PHP you can encode or sanitize user input with `htmlspecialchars` or use automatic context-aware escaping with a template engine such as Latte.",WARNING,php.lang.security.taint-unsafe-echo-tag.taint-unsafe-echo-tag
../../CrossVul/CWE-22/php/good_2929_0,291,59,`Echo`ing user input risks cross-site scripting vulnerability. You should use `htmlentities()` when showing data to users.,ERROR,php.lang.security.injection.echoed-request.echoed-request
../../CrossVul/CWE-22/php/good_2929_0,291,59,"Found direct access to a PHP variable wihout HTML escaping inside an inline PHP statement setting data from `$_REQUEST[...]`. When untrusted input can be used to tamper with a web page rendering, it can lead to a Cross-site scripting (XSS) vulnerability. XSS vulnerabilities occur when untrusted input executes malicious JavaScript code, leading to issues such as account compromise and sensitive information leakage. To prevent this vulnerability, validate the user input, perform contextual output encoding or sanitize the input. In PHP you can encode or sanitize user input with `htmlspecialchars` or use automatic context-aware escaping with a template engine such as Latte.",WARNING,php.lang.security.taint-unsafe-echo-tag.taint-unsafe-echo-tag
../../CrossVul/CWE-22/php/good_2929_0,292,59,`Echo`ing user input risks cross-site scripting vulnerability. You should use `htmlentities()` when showing data to users.,ERROR,php.lang.security.injection.echoed-request.echoed-request
../../CrossVul/CWE-22/php/good_2929_0,292,59,"Found direct access to a PHP variable wihout HTML escaping inside an inline PHP statement setting data from `$_REQUEST[...]`. When untrusted input can be used to tamper with a web page rendering, it can lead to a Cross-site scripting (XSS) vulnerability. XSS vulnerabilities occur when untrusted input executes malicious JavaScript code, leading to issues such as account compromise and sensitive information leakage. To prevent this vulnerability, validate the user input, perform contextual output encoding or sanitize the input. In PHP you can encode or sanitize user input with `htmlspecialchars` or use automatic context-aware escaping with a template engine such as Latte.",WARNING,php.lang.security.taint-unsafe-echo-tag.taint-unsafe-echo-tag
../../CrossVul/CWE-22/php/good_2929_0,293,61,`Echo`ing user input risks cross-site scripting vulnerability. You should use `htmlentities()` when showing data to users.,ERROR,php.lang.security.injection.echoed-request.echoed-request
../../CrossVul/CWE-22/php/good_2929_0,293,61,"Found direct access to a PHP variable wihout HTML escaping inside an inline PHP statement setting data from `$_REQUEST[...]`. When untrusted input can be used to tamper with a web page rendering, it can lead to a Cross-site scripting (XSS) vulnerability. XSS vulnerabilities occur when untrusted input executes malicious JavaScript code, leading to issues such as account compromise and sensitive information leakage. To prevent this vulnerability, validate the user input, perform contextual output encoding or sanitize the input. In PHP you can encode or sanitize user input with `htmlspecialchars` or use automatic context-aware escaping with a template engine such as Latte.",WARNING,php.lang.security.taint-unsafe-echo-tag.taint-unsafe-echo-tag
../../CrossVul/CWE-22/php/good_2929_0,392,59,`Echo`ing user input risks cross-site scripting vulnerability. You should use `htmlentities()` when showing data to users.,ERROR,php.lang.security.injection.echoed-request.echoed-request
../../CrossVul/CWE-22/php/good_2929_0,392,59,"Found direct access to a PHP variable wihout HTML escaping inside an inline PHP statement setting data from `$_REQUEST[...]`. When untrusted input can be used to tamper with a web page rendering, it can lead to a Cross-site scripting (XSS) vulnerability. XSS vulnerabilities occur when untrusted input executes malicious JavaScript code, leading to issues such as account compromise and sensitive information leakage. To prevent this vulnerability, validate the user input, perform contextual output encoding or sanitize the input. In PHP you can encode or sanitize user input with `htmlspecialchars` or use automatic context-aware escaping with a template engine such as Latte.",WARNING,php.lang.security.taint-unsafe-echo-tag.taint-unsafe-echo-tag
../../CrossVul/CWE-22/php/good_2929_0,393,59,`Echo`ing user input risks cross-site scripting vulnerability. You should use `htmlentities()` when showing data to users.,ERROR,php.lang.security.injection.echoed-request.echoed-request
../../CrossVul/CWE-22/php/good_2929_0,393,59,"Found direct access to a PHP variable wihout HTML escaping inside an inline PHP statement setting data from `$_REQUEST[...]`. When untrusted input can be used to tamper with a web page rendering, it can lead to a Cross-site scripting (XSS) vulnerability. XSS vulnerabilities occur when untrusted input executes malicious JavaScript code, leading to issues such as account compromise and sensitive information leakage. To prevent this vulnerability, validate the user input, perform contextual output encoding or sanitize the input. In PHP you can encode or sanitize user input with `htmlspecialchars` or use automatic context-aware escaping with a template engine such as Latte.",WARNING,php.lang.security.taint-unsafe-echo-tag.taint-unsafe-echo-tag
../../CrossVul/CWE-22/php/good_2929_0,394,59,`Echo`ing user input risks cross-site scripting vulnerability. You should use `htmlentities()` when showing data to users.,ERROR,php.lang.security.injection.echoed-request.echoed-request
../../CrossVul/CWE-22/php/good_2929_0,394,59,"Found direct access to a PHP variable wihout HTML escaping inside an inline PHP statement setting data from `$_REQUEST[...]`. When untrusted input can be used to tamper with a web page rendering, it can lead to a Cross-site scripting (XSS) vulnerability. XSS vulnerabilities occur when untrusted input executes malicious JavaScript code, leading to issues such as account compromise and sensitive information leakage. To prevent this vulnerability, validate the user input, perform contextual output encoding or sanitize the input. In PHP you can encode or sanitize user input with `htmlspecialchars` or use automatic context-aware escaping with a template engine such as Latte.",WARNING,php.lang.security.taint-unsafe-echo-tag.taint-unsafe-echo-tag
../../CrossVul/CWE-22/php/good_2929_0,395,59,`Echo`ing user input risks cross-site scripting vulnerability. You should use `htmlentities()` when showing data to users.,ERROR,php.lang.security.injection.echoed-request.echoed-request
../../CrossVul/CWE-22/php/good_2929_0,395,59,"Found direct access to a PHP variable wihout HTML escaping inside an inline PHP statement setting data from `$_REQUEST[...]`. When untrusted input can be used to tamper with a web page rendering, it can lead to a Cross-site scripting (XSS) vulnerability. XSS vulnerabilities occur when untrusted input executes malicious JavaScript code, leading to issues such as account compromise and sensitive information leakage. To prevent this vulnerability, validate the user input, perform contextual output encoding or sanitize the input. In PHP you can encode or sanitize user input with `htmlspecialchars` or use automatic context-aware escaping with a template engine such as Latte.",WARNING,php.lang.security.taint-unsafe-echo-tag.taint-unsafe-echo-tag
../../CrossVul/CWE-22/php/good_2929_0,396,61,`Echo`ing user input risks cross-site scripting vulnerability. You should use `htmlentities()` when showing data to users.,ERROR,php.lang.security.injection.echoed-request.echoed-request
../../CrossVul/CWE-22/php/good_2929_0,396,61,"Found direct access to a PHP variable wihout HTML escaping inside an inline PHP statement setting data from `$_REQUEST[...]`. When untrusted input can be used to tamper with a web page rendering, it can lead to a Cross-site scripting (XSS) vulnerability. XSS vulnerabilities occur when untrusted input executes malicious JavaScript code, leading to issues such as account compromise and sensitive information leakage. To prevent this vulnerability, validate the user input, perform contextual output encoding or sanitize the input. In PHP you can encode or sanitize user input with `htmlspecialchars` or use automatic context-aware escaping with a template engine such as Latte.",WARNING,php.lang.security.taint-unsafe-echo-tag.taint-unsafe-echo-tag
../../CrossVul/CWE-22/php/good_2929_0,415,59,`Echo`ing user input risks cross-site scripting vulnerability. You should use `htmlentities()` when showing data to users.,ERROR,php.lang.security.injection.echoed-request.echoed-request
../../CrossVul/CWE-22/php/good_2929_0,415,59,"Found direct access to a PHP variable wihout HTML escaping inside an inline PHP statement setting data from `$_REQUEST[...]`. When untrusted input can be used to tamper with a web page rendering, it can lead to a Cross-site scripting (XSS) vulnerability. XSS vulnerabilities occur when untrusted input executes malicious JavaScript code, leading to issues such as account compromise and sensitive information leakage. To prevent this vulnerability, validate the user input, perform contextual output encoding or sanitize the input. In PHP you can encode or sanitize user input with `htmlspecialchars` or use automatic context-aware escaping with a template engine such as Latte.",WARNING,php.lang.security.taint-unsafe-echo-tag.taint-unsafe-echo-tag
../../CrossVul/CWE-22/php/good_2929_0,416,59,`Echo`ing user input risks cross-site scripting vulnerability. You should use `htmlentities()` when showing data to users.,ERROR,php.lang.security.injection.echoed-request.echoed-request
../../CrossVul/CWE-22/php/good_2929_0,416,59,"Found direct access to a PHP variable wihout HTML escaping inside an inline PHP statement setting data from `$_REQUEST[...]`. When untrusted input can be used to tamper with a web page rendering, it can lead to a Cross-site scripting (XSS) vulnerability. XSS vulnerabilities occur when untrusted input executes malicious JavaScript code, leading to issues such as account compromise and sensitive information leakage. To prevent this vulnerability, validate the user input, perform contextual output encoding or sanitize the input. In PHP you can encode or sanitize user input with `htmlspecialchars` or use automatic context-aware escaping with a template engine such as Latte.",WARNING,php.lang.security.taint-unsafe-echo-tag.taint-unsafe-echo-tag
../../CrossVul/CWE-22/php/good_2929_0,417,59,`Echo`ing user input risks cross-site scripting vulnerability. You should use `htmlentities()` when showing data to users.,ERROR,php.lang.security.injection.echoed-request.echoed-request
../../CrossVul/CWE-22/php/good_2929_0,417,59,"Found direct access to a PHP variable wihout HTML escaping inside an inline PHP statement setting data from `$_REQUEST[...]`. When untrusted input can be used to tamper with a web page rendering, it can lead to a Cross-site scripting (XSS) vulnerability. XSS vulnerabilities occur when untrusted input executes malicious JavaScript code, leading to issues such as account compromise and sensitive information leakage. To prevent this vulnerability, validate the user input, perform contextual output encoding or sanitize the input. In PHP you can encode or sanitize user input with `htmlspecialchars` or use automatic context-aware escaping with a template engine such as Latte.",WARNING,php.lang.security.taint-unsafe-echo-tag.taint-unsafe-echo-tag
../../CrossVul/CWE-22/php/good_2929_0,418,59,`Echo`ing user input risks cross-site scripting vulnerability. You should use `htmlentities()` when showing data to users.,ERROR,php.lang.security.injection.echoed-request.echoed-request
../../CrossVul/CWE-22/php/good_2929_0,418,59,"Found direct access to a PHP variable wihout HTML escaping inside an inline PHP statement setting data from `$_REQUEST[...]`. When untrusted input can be used to tamper with a web page rendering, it can lead to a Cross-site scripting (XSS) vulnerability. XSS vulnerabilities occur when untrusted input executes malicious JavaScript code, leading to issues such as account compromise and sensitive information leakage. To prevent this vulnerability, validate the user input, perform contextual output encoding or sanitize the input. In PHP you can encode or sanitize user input with `htmlspecialchars` or use automatic context-aware escaping with a template engine such as Latte.",WARNING,php.lang.security.taint-unsafe-echo-tag.taint-unsafe-echo-tag
../../CrossVul/CWE-22/php/good_2929_0,419,61,`Echo`ing user input risks cross-site scripting vulnerability. You should use `htmlentities()` when showing data to users.,ERROR,php.lang.security.injection.echoed-request.echoed-request
../../CrossVul/CWE-22/php/good_2929_0,419,61,"Found direct access to a PHP variable wihout HTML escaping inside an inline PHP statement setting data from `$_REQUEST[...]`. When untrusted input can be used to tamper with a web page rendering, it can lead to a Cross-site scripting (XSS) vulnerability. XSS vulnerabilities occur when untrusted input executes malicious JavaScript code, leading to issues such as account compromise and sensitive information leakage. To prevent this vulnerability, validate the user input, perform contextual output encoding or sanitize the input. In PHP you can encode or sanitize user input with `htmlspecialchars` or use automatic context-aware escaping with a template engine such as Latte.",WARNING,php.lang.security.taint-unsafe-echo-tag.taint-unsafe-echo-tag
../../CrossVul/CWE-22/php/good_2929_0,423,98,`Echo`ing user input risks cross-site scripting vulnerability. You should use `htmlentities()` when showing data to users.,ERROR,php.lang.security.injection.echoed-request.echoed-request
../../CrossVul/CWE-22/php/good_2929_0,423,98,"Found direct access to a PHP variable wihout HTML escaping inside an inline PHP statement setting data from `$_REQUEST[...]`. When untrusted input can be used to tamper with a web page rendering, it can lead to a Cross-site scripting (XSS) vulnerability. XSS vulnerabilities occur when untrusted input executes malicious JavaScript code, leading to issues such as account compromise and sensitive information leakage. To prevent this vulnerability, validate the user input, perform contextual output encoding or sanitize the input. In PHP you can encode or sanitize user input with `htmlspecialchars` or use automatic context-aware escaping with a template engine such as Latte.",WARNING,php.lang.security.taint-unsafe-echo-tag.taint-unsafe-echo-tag
../../CrossVul/CWE-22/php/good_2929_0,429,102,`Echo`ing user input risks cross-site scripting vulnerability. You should use `htmlentities()` when showing data to users.,ERROR,php.lang.security.injection.echoed-request.echoed-request
../../CrossVul/CWE-22/php/good_2929_0,429,102,"Found direct access to a PHP variable wihout HTML escaping inside an inline PHP statement setting data from `$_REQUEST[...]`. When untrusted input can be used to tamper with a web page rendering, it can lead to a Cross-site scripting (XSS) vulnerability. XSS vulnerabilities occur when untrusted input executes malicious JavaScript code, leading to issues such as account compromise and sensitive information leakage. To prevent this vulnerability, validate the user input, perform contextual output encoding or sanitize the input. In PHP you can encode or sanitize user input with `htmlspecialchars` or use automatic context-aware escaping with a template engine such as Latte.",WARNING,php.lang.security.taint-unsafe-echo-tag.taint-unsafe-echo-tag
../../CrossVul/CWE-22/php/good_2929_0,435,101,`Echo`ing user input risks cross-site scripting vulnerability. You should use `htmlentities()` when showing data to users.,ERROR,php.lang.security.injection.echoed-request.echoed-request
../../CrossVul/CWE-22/php/good_2929_0,435,101,"Found direct access to a PHP variable wihout HTML escaping inside an inline PHP statement setting data from `$_REQUEST[...]`. When untrusted input can be used to tamper with a web page rendering, it can lead to a Cross-site scripting (XSS) vulnerability. XSS vulnerabilities occur when untrusted input executes malicious JavaScript code, leading to issues such as account compromise and sensitive information leakage. To prevent this vulnerability, validate the user input, perform contextual output encoding or sanitize the input. In PHP you can encode or sanitize user input with `htmlspecialchars` or use automatic context-aware escaping with a template engine such as Latte.",WARNING,php.lang.security.taint-unsafe-echo-tag.taint-unsafe-echo-tag
../../CrossVul/CWE-22/php/good_2929_0,471,59,`Echo`ing user input risks cross-site scripting vulnerability. You should use `htmlentities()` when showing data to users.,ERROR,php.lang.security.injection.echoed-request.echoed-request
../../CrossVul/CWE-22/php/good_2929_0,471,59,"Found direct access to a PHP variable wihout HTML escaping inside an inline PHP statement setting data from `$_REQUEST[...]`. When untrusted input can be used to tamper with a web page rendering, it can lead to a Cross-site scripting (XSS) vulnerability. XSS vulnerabilities occur when untrusted input executes malicious JavaScript code, leading to issues such as account compromise and sensitive information leakage. To prevent this vulnerability, validate the user input, perform contextual output encoding or sanitize the input. In PHP you can encode or sanitize user input with `htmlspecialchars` or use automatic context-aware escaping with a template engine such as Latte.",WARNING,php.lang.security.taint-unsafe-echo-tag.taint-unsafe-echo-tag
../../CrossVul/CWE-22/php/good_2929_0,472,59,`Echo`ing user input risks cross-site scripting vulnerability. You should use `htmlentities()` when showing data to users.,ERROR,php.lang.security.injection.echoed-request.echoed-request
../../CrossVul/CWE-22/php/good_2929_0,472,59,"Found direct access to a PHP variable wihout HTML escaping inside an inline PHP statement setting data from `$_REQUEST[...]`. When untrusted input can be used to tamper with a web page rendering, it can lead to a Cross-site scripting (XSS) vulnerability. XSS vulnerabilities occur when untrusted input executes malicious JavaScript code, leading to issues such as account compromise and sensitive information leakage. To prevent this vulnerability, validate the user input, perform contextual output encoding or sanitize the input. In PHP you can encode or sanitize user input with `htmlspecialchars` or use automatic context-aware escaping with a template engine such as Latte.",WARNING,php.lang.security.taint-unsafe-echo-tag.taint-unsafe-echo-tag
../../CrossVul/CWE-22/php/good_2929_0,473,59,`Echo`ing user input risks cross-site scripting vulnerability. You should use `htmlentities()` when showing data to users.,ERROR,php.lang.security.injection.echoed-request.echoed-request
../../CrossVul/CWE-22/php/good_2929_0,473,59,"Found direct access to a PHP variable wihout HTML escaping inside an inline PHP statement setting data from `$_REQUEST[...]`. When untrusted input can be used to tamper with a web page rendering, it can lead to a Cross-site scripting (XSS) vulnerability. XSS vulnerabilities occur when untrusted input executes malicious JavaScript code, leading to issues such as account compromise and sensitive information leakage. To prevent this vulnerability, validate the user input, perform contextual output encoding or sanitize the input. In PHP you can encode or sanitize user input with `htmlspecialchars` or use automatic context-aware escaping with a template engine such as Latte.",WARNING,php.lang.security.taint-unsafe-echo-tag.taint-unsafe-echo-tag
../../CrossVul/CWE-22/php/good_2929_0,474,59,`Echo`ing user input risks cross-site scripting vulnerability. You should use `htmlentities()` when showing data to users.,ERROR,php.lang.security.injection.echoed-request.echoed-request
../../CrossVul/CWE-22/php/good_2929_0,474,59,"Found direct access to a PHP variable wihout HTML escaping inside an inline PHP statement setting data from `$_REQUEST[...]`. When untrusted input can be used to tamper with a web page rendering, it can lead to a Cross-site scripting (XSS) vulnerability. XSS vulnerabilities occur when untrusted input executes malicious JavaScript code, leading to issues such as account compromise and sensitive information leakage. To prevent this vulnerability, validate the user input, perform contextual output encoding or sanitize the input. In PHP you can encode or sanitize user input with `htmlspecialchars` or use automatic context-aware escaping with a template engine such as Latte.",WARNING,php.lang.security.taint-unsafe-echo-tag.taint-unsafe-echo-tag
../../CrossVul/CWE-22/php/good_2929_0,475,61,`Echo`ing user input risks cross-site scripting vulnerability. You should use `htmlentities()` when showing data to users.,ERROR,php.lang.security.injection.echoed-request.echoed-request
../../CrossVul/CWE-22/php/good_2929_0,475,61,"Found direct access to a PHP variable wihout HTML escaping inside an inline PHP statement setting data from `$_REQUEST[...]`. When untrusted input can be used to tamper with a web page rendering, it can lead to a Cross-site scripting (XSS) vulnerability. XSS vulnerabilities occur when untrusted input executes malicious JavaScript code, leading to issues such as account compromise and sensitive information leakage. To prevent this vulnerability, validate the user input, perform contextual output encoding or sanitize the input. In PHP you can encode or sanitize user input with `htmlspecialchars` or use automatic context-aware escaping with a template engine such as Latte.",WARNING,php.lang.security.taint-unsafe-echo-tag.taint-unsafe-echo-tag
../../CrossVul/CWE-22/php/good_3113_4,123,3,"Found direct access to a PHP variable wihout HTML escaping inside an inline PHP statement setting data from `$_REQUEST[...]`. When untrusted input can be used to tamper with a web page rendering, it can lead to a Cross-site scripting (XSS) vulnerability. XSS vulnerabilities occur when untrusted input executes malicious JavaScript code, leading to issues such as account compromise and sensitive information leakage. To prevent this vulnerability, validate the user input, perform contextual output encoding or sanitize the input. In PHP you can encode or sanitize user input with `htmlspecialchars` or use automatic context-aware escaping with a template engine such as Latte.",WARNING,php.lang.security.taint-unsafe-echo-tag.taint-unsafe-echo-tag
../../CrossVul/CWE-22/php/good_3329_0,63,13,File name based on user input risks server-side request forgery.,WARNING,php.lang.security.injection.tainted-filename.tainted-filename
../../CrossVul/CWE-22/php/good_3329_0,69,20,File name based on user input risks server-side request forgery.,WARNING,php.lang.security.injection.tainted-filename.tainted-filename
../../CrossVul/CWE-22/php/good_3329_0,75,30,File name based on user input risks server-side request forgery.,WARNING,php.lang.security.injection.tainted-filename.tainted-filename
../../CrossVul/CWE-22/php/good_3329_0,76,57,File name based on user input risks server-side request forgery.,WARNING,php.lang.security.injection.tainted-filename.tainted-filename
../../CrossVul/CWE-22/php/good_3329_0,76,76,File name based on user input risks server-side request forgery.,WARNING,php.lang.security.injection.tainted-filename.tainted-filename
../../CrossVul/CWE-22/php/good_3329_0,77,68,File name based on user input risks server-side request forgery.,WARNING,php.lang.security.injection.tainted-filename.tainted-filename
../../CrossVul/CWE-22/php/good_3329_0,77,87,File name based on user input risks server-side request forgery.,WARNING,php.lang.security.injection.tainted-filename.tainted-filename
../../CrossVul/CWE-22/php/good_3329_0,78,40,File name based on user input risks server-side request forgery.,WARNING,php.lang.security.injection.tainted-filename.tainted-filename
../../CrossVul/CWE-22/php/good_3329_0,79,40,File name based on user input risks server-side request forgery.,WARNING,php.lang.security.injection.tainted-filename.tainted-filename
../../CrossVul/CWE-22/php/good_3329_0,80,44,File name based on user input risks server-side request forgery.,WARNING,php.lang.security.injection.tainted-filename.tainted-filename
../../CrossVul/CWE-22/php/good_3329_0,86,2,`Echo`ing user input risks cross-site scripting vulnerability. You should use `htmlentities()` when showing data to users.,ERROR,php.lang.security.injection.echoed-request.echoed-request
../../CrossVul/CWE-22/php/good_3329_0,86,2,"Found direct access to a PHP variable wihout HTML escaping inside an inline PHP statement setting data from `$_REQUEST[...]`. When untrusted input can be used to tamper with a web page rendering, it can lead to a Cross-site scripting (XSS) vulnerability. XSS vulnerabilities occur when untrusted input executes malicious JavaScript code, leading to issues such as account compromise and sensitive information leakage. To prevent this vulnerability, validate the user input, perform contextual output encoding or sanitize the input. In PHP you can encode or sanitize user input with `htmlspecialchars` or use automatic context-aware escaping with a template engine such as Latte.",WARNING,php.lang.security.taint-unsafe-echo-tag.taint-unsafe-echo-tag
../../CrossVul/CWE-22/php/good_3329_0,86,68,File name based on user input risks server-side request forgery.,WARNING,php.lang.security.injection.tainted-filename.tainted-filename
../../CrossVul/CWE-22/php/good_3329_0,114,46,File name based on user input risks server-side request forgery.,WARNING,php.lang.security.injection.tainted-filename.tainted-filename
../../CrossVul/CWE-22/php/good_3329_0,115,38,File name based on user input risks server-side request forgery.,WARNING,php.lang.security.injection.tainted-filename.tainted-filename
../../CrossVul/CWE-22/php/good_3329_0,119,11,File name based on user input risks server-side request forgery.,WARNING,php.lang.security.injection.tainted-filename.tainted-filename
../../CrossVul/CWE-22/php/good_3613_0,554,2,`Printing user input risks cross-site scripting vulnerability. You should use `htmlentities()` when showing data to users.,ERROR,php.lang.security.injection.printed-request.printed-request
../../CrossVul/CWE-22/php/good_3613_0,674,3,`Printing user input risks cross-site scripting vulnerability. You should use `htmlentities()` when showing data to users.,ERROR,php.lang.security.injection.printed-request.printed-request
../../CrossVul/CWE-22/php/good_3613_5,298,5,`Printing user input risks cross-site scripting vulnerability. You should use `htmlentities()` when showing data to users.,ERROR,php.lang.security.injection.printed-request.printed-request
../../CrossVul/CWE-22/php/good_3613_5,298,50,"Untrusted input could be used to tamper with a web page rendering, which can lead to a Cross-site scripting (XSS) vulnerability. XSS vulnerabilities occur when untrusted input executes malicious JavaScript code, leading to issues such as account compromise and sensitive information leakage. To prevent this vulnerability, validate the user input, perform contextual output encoding or sanitize the input. In PHP you can encode or sanitize user input with `htmlspecialchars` or use automatic context-aware escaping with a template engine such as Latte.",ERROR,php.lang.security.tainted-user-input-in-php-script.tainted-user-input-in-php-script
../../CrossVul/CWE-22/php/good_3613_5,301,5,`Printing user input risks cross-site scripting vulnerability. You should use `htmlentities()` when showing data to users.,ERROR,php.lang.security.injection.printed-request.printed-request
../../CrossVul/CWE-22/php/good_3613_5,301,50,"Untrusted input could be used to tamper with a web page rendering, which can lead to a Cross-site scripting (XSS) vulnerability. XSS vulnerabilities occur when untrusted input executes malicious JavaScript code, leading to issues such as account compromise and sensitive information leakage. To prevent this vulnerability, validate the user input, perform contextual output encoding or sanitize the input. In PHP you can encode or sanitize user input with `htmlspecialchars` or use automatic context-aware escaping with a template engine such as Latte.",ERROR,php.lang.security.tainted-user-input-in-php-script.tainted-user-input-in-php-script
../../CrossVul/CWE-22/php/good_3613_5,329,5,`Printing user input risks cross-site scripting vulnerability. You should use `htmlentities()` when showing data to users.,ERROR,php.lang.security.injection.printed-request.printed-request
../../CrossVul/CWE-22/php/good_3613_6,235,2,`Printing user input risks cross-site scripting vulnerability. You should use `htmlentities()` when showing data to users.,ERROR,php.lang.security.injection.printed-request.printed-request
../../CrossVul/CWE-22/php/good_3613_6,244,2,`Printing user input risks cross-site scripting vulnerability. You should use `htmlentities()` when showing data to users.,ERROR,php.lang.security.injection.printed-request.printed-request
../../CrossVul/CWE-22/php/good_3613_6,249,2,`Printing user input risks cross-site scripting vulnerability. You should use `htmlentities()` when showing data to users.,ERROR,php.lang.security.injection.printed-request.printed-request
../../CrossVul/CWE-22/php/good_3613_7,458,1,`Printing user input risks cross-site scripting vulnerability. You should use `htmlentities()` when showing data to users.,ERROR,php.lang.security.injection.printed-request.printed-request
../../CrossVul/CWE-22/php/good_3613_3,376,13,`Printing user input risks cross-site scripting vulnerability. You should use `htmlentities()` when showing data to users.,ERROR,php.lang.security.injection.printed-request.printed-request
../../CrossVul/CWE-22/php/good_3613_3,376,64,"Untrusted input could be used to tamper with a web page rendering, which can lead to a Cross-site scripting (XSS) vulnerability. XSS vulnerabilities occur when untrusted input executes malicious JavaScript code, leading to issues such as account compromise and sensitive information leakage. To prevent this vulnerability, validate the user input, perform contextual output encoding or sanitize the input. In PHP you can encode or sanitize user input with `htmlspecialchars` or use automatic context-aware escaping with a template engine such as Latte.",ERROR,php.lang.security.tainted-user-input-in-php-script.tainted-user-input-in-php-script
../../CrossVul/CWE-22/php/good_3613_3,377,13,`Printing user input risks cross-site scripting vulnerability. You should use `htmlentities()` when showing data to users.,ERROR,php.lang.security.injection.printed-request.printed-request
../../CrossVul/CWE-22/php/good_3613_3,400,13,`Printing user input risks cross-site scripting vulnerability. You should use `htmlentities()` when showing data to users.,ERROR,php.lang.security.injection.printed-request.printed-request
../../CrossVul/CWE-22/php/good_3613_3,403,13,`Printing user input risks cross-site scripting vulnerability. You should use `htmlentities()` when showing data to users.,ERROR,php.lang.security.injection.printed-request.printed-request
../../CrossVul/CWE-22/php/good_3613_3,403,30,"Untrusted input could be used to tamper with a web page rendering, which can lead to a Cross-site scripting (XSS) vulnerability. XSS vulnerabilities occur when untrusted input executes malicious JavaScript code, leading to issues such as account compromise and sensitive information leakage. To prevent this vulnerability, validate the user input, perform contextual output encoding or sanitize the input. In PHP you can encode or sanitize user input with `htmlspecialchars` or use automatic context-aware escaping with a template engine such as Latte.",ERROR,php.lang.security.tainted-user-input-in-php-script.tainted-user-input-in-php-script
../../CrossVul/CWE-22/php/good_3613_3,407,13,`Printing user input risks cross-site scripting vulnerability. You should use `htmlentities()` when showing data to users.,ERROR,php.lang.security.injection.printed-request.printed-request
../../CrossVul/CWE-22/php/good_3613_3,407,30,"Untrusted input could be used to tamper with a web page rendering, which can lead to a Cross-site scripting (XSS) vulnerability. XSS vulnerabilities occur when untrusted input executes malicious JavaScript code, leading to issues such as account compromise and sensitive information leakage. To prevent this vulnerability, validate the user input, perform contextual output encoding or sanitize the input. In PHP you can encode or sanitize user input with `htmlspecialchars` or use automatic context-aware escaping with a template engine such as Latte.",ERROR,php.lang.security.tainted-user-input-in-php-script.tainted-user-input-in-php-script
../../CrossVul/CWE-22/php/good_3613_3,413,13,`Printing user input risks cross-site scripting vulnerability. You should use `htmlentities()` when showing data to users.,ERROR,php.lang.security.injection.printed-request.printed-request
../../CrossVul/CWE-22/php/good_3613_3,414,13,`Printing user input risks cross-site scripting vulnerability. You should use `htmlentities()` when showing data to users.,ERROR,php.lang.security.injection.printed-request.printed-request
../../CrossVul/CWE-22/php/good_3613_3,420,13,`Printing user input risks cross-site scripting vulnerability. You should use `htmlentities()` when showing data to users.,ERROR,php.lang.security.injection.printed-request.printed-request
../../CrossVul/CWE-22/php/good_3613_3,430,21,`Printing user input risks cross-site scripting vulnerability. You should use `htmlentities()` when showing data to users.,ERROR,php.lang.security.injection.printed-request.printed-request
../../CrossVul/CWE-22/php/good_3613_3,441,13,`Printing user input risks cross-site scripting vulnerability. You should use `htmlentities()` when showing data to users.,ERROR,php.lang.security.injection.printed-request.printed-request
../../CrossVul/CWE-22/php/good_3613_3,441,30,"Untrusted input could be used to tamper with a web page rendering, which can lead to a Cross-site scripting (XSS) vulnerability. XSS vulnerabilities occur when untrusted input executes malicious JavaScript code, leading to issues such as account compromise and sensitive information leakage. To prevent this vulnerability, validate the user input, perform contextual output encoding or sanitize the input. In PHP you can encode or sanitize user input with `htmlspecialchars` or use automatic context-aware escaping with a template engine such as Latte.",ERROR,php.lang.security.tainted-user-input-in-php-script.tainted-user-input-in-php-script
../../CrossVul/CWE-22/php/good_3613_3,442,13,`Printing user input risks cross-site scripting vulnerability. You should use `htmlentities()` when showing data to users.,ERROR,php.lang.security.injection.printed-request.printed-request
../../CrossVul/CWE-22/php/good_3613_3,442,26,"Untrusted input could be used to tamper with a web page rendering, which can lead to a Cross-site scripting (XSS) vulnerability. XSS vulnerabilities occur when untrusted input executes malicious JavaScript code, leading to issues such as account compromise and sensitive information leakage. To prevent this vulnerability, validate the user input, perform contextual output encoding or sanitize the input. In PHP you can encode or sanitize user input with `htmlspecialchars` or use automatic context-aware escaping with a template engine such as Latte.",ERROR,php.lang.security.tainted-user-input-in-php-script.tainted-user-input-in-php-script
../../CrossVul/CWE-22/php/good_3613_3,445,13,`Printing user input risks cross-site scripting vulnerability. You should use `htmlentities()` when showing data to users.,ERROR,php.lang.security.injection.printed-request.printed-request
../../CrossVul/CWE-22/php/good_3613_3,445,30,"Untrusted input could be used to tamper with a web page rendering, which can lead to a Cross-site scripting (XSS) vulnerability. XSS vulnerabilities occur when untrusted input executes malicious JavaScript code, leading to issues such as account compromise and sensitive information leakage. To prevent this vulnerability, validate the user input, perform contextual output encoding or sanitize the input. In PHP you can encode or sanitize user input with `htmlspecialchars` or use automatic context-aware escaping with a template engine such as Latte.",ERROR,php.lang.security.tainted-user-input-in-php-script.tainted-user-input-in-php-script
../../CrossVul/CWE-22/php/good_3613_3,446,13,`Printing user input risks cross-site scripting vulnerability. You should use `htmlentities()` when showing data to users.,ERROR,php.lang.security.injection.printed-request.printed-request
../../CrossVul/CWE-22/php/good_3613_3,446,26,"Untrusted input could be used to tamper with a web page rendering, which can lead to a Cross-site scripting (XSS) vulnerability. XSS vulnerabilities occur when untrusted input executes malicious JavaScript code, leading to issues such as account compromise and sensitive information leakage. To prevent this vulnerability, validate the user input, perform contextual output encoding or sanitize the input. In PHP you can encode or sanitize user input with `htmlspecialchars` or use automatic context-aware escaping with a template engine such as Latte.",ERROR,php.lang.security.tainted-user-input-in-php-script.tainted-user-input-in-php-script
../../CrossVul/CWE-22/php/good_3613_3,450,13,`Printing user input risks cross-site scripting vulnerability. You should use `htmlentities()` when showing data to users.,ERROR,php.lang.security.injection.printed-request.printed-request
../../CrossVul/CWE-22/php/good_3613_3,450,30,"Untrusted input could be used to tamper with a web page rendering, which can lead to a Cross-site scripting (XSS) vulnerability. XSS vulnerabilities occur when untrusted input executes malicious JavaScript code, leading to issues such as account compromise and sensitive information leakage. To prevent this vulnerability, validate the user input, perform contextual output encoding or sanitize the input. In PHP you can encode or sanitize user input with `htmlspecialchars` or use automatic context-aware escaping with a template engine such as Latte.",ERROR,php.lang.security.tainted-user-input-in-php-script.tainted-user-input-in-php-script
../../CrossVul/CWE-22/php/good_3613_3,453,13,`Printing user input risks cross-site scripting vulnerability. You should use `htmlentities()` when showing data to users.,ERROR,php.lang.security.injection.printed-request.printed-request
../../CrossVul/CWE-22/php/good_3613_3,453,30,"Untrusted input could be used to tamper with a web page rendering, which can lead to a Cross-site scripting (XSS) vulnerability. XSS vulnerabilities occur when untrusted input executes malicious JavaScript code, leading to issues such as account compromise and sensitive information leakage. To prevent this vulnerability, validate the user input, perform contextual output encoding or sanitize the input. In PHP you can encode or sanitize user input with `htmlspecialchars` or use automatic context-aware escaping with a template engine such as Latte.",ERROR,php.lang.security.tainted-user-input-in-php-script.tainted-user-input-in-php-script
../../CrossVul/CWE-22/php/good_3613_3,458,13,`Printing user input risks cross-site scripting vulnerability. You should use `htmlentities()` when showing data to users.,ERROR,php.lang.security.injection.printed-request.printed-request
../../CrossVul/CWE-22/php/good_3613_3,462,13,`Printing user input risks cross-site scripting vulnerability. You should use `htmlentities()` when showing data to users.,ERROR,php.lang.security.injection.printed-request.printed-request
../../CrossVul/CWE-22/php/good_3613_3,462,43,"Untrusted input could be used to tamper with a web page rendering, which can lead to a Cross-site scripting (XSS) vulnerability. XSS vulnerabilities occur when untrusted input executes malicious JavaScript code, leading to issues such as account compromise and sensitive information leakage. To prevent this vulnerability, validate the user input, perform contextual output encoding or sanitize the input. In PHP you can encode or sanitize user input with `htmlspecialchars` or use automatic context-aware escaping with a template engine such as Latte.",ERROR,php.lang.security.tainted-user-input-in-php-script.tainted-user-input-in-php-script
../../CrossVul/CWE-22/php/good_3613_3,541,13,`Printing user input risks cross-site scripting vulnerability. You should use `htmlentities()` when showing data to users.,ERROR,php.lang.security.injection.printed-request.printed-request
../../CrossVul/CWE-22/php/good_3613_3,543,13,`Printing user input risks cross-site scripting vulnerability. You should use `htmlentities()` when showing data to users.,ERROR,php.lang.security.injection.printed-request.printed-request
../../CrossVul/CWE-22/php/good_3613_3,557,13,`Printing user input risks cross-site scripting vulnerability. You should use `htmlentities()` when showing data to users.,ERROR,php.lang.security.injection.printed-request.printed-request
../../CrossVul/CWE-22/php/good_3613_3,557,64,"Untrusted input could be used to tamper with a web page rendering, which can lead to a Cross-site scripting (XSS) vulnerability. XSS vulnerabilities occur when untrusted input executes malicious JavaScript code, leading to issues such as account compromise and sensitive information leakage. To prevent this vulnerability, validate the user input, perform contextual output encoding or sanitize the input. In PHP you can encode or sanitize user input with `htmlspecialchars` or use automatic context-aware escaping with a template engine such as Latte.",ERROR,php.lang.security.tainted-user-input-in-php-script.tainted-user-input-in-php-script
../../CrossVul/CWE-22/php/good_3613_3,558,13,`Printing user input risks cross-site scripting vulnerability. You should use `htmlentities()` when showing data to users.,ERROR,php.lang.security.injection.printed-request.printed-request
../../CrossVul/CWE-22/php/good_3613_3,572,13,`Printing user input risks cross-site scripting vulnerability. You should use `htmlentities()` when showing data to users.,ERROR,php.lang.security.injection.printed-request.printed-request
../../CrossVul/CWE-22/php/good_3613_3,575,13,`Printing user input risks cross-site scripting vulnerability. You should use `htmlentities()` when showing data to users.,ERROR,php.lang.security.injection.printed-request.printed-request
../../CrossVul/CWE-22/php/good_3613_3,575,30,"Untrusted input could be used to tamper with a web page rendering, which can lead to a Cross-site scripting (XSS) vulnerability. XSS vulnerabilities occur when untrusted input executes malicious JavaScript code, leading to issues such as account compromise and sensitive information leakage. To prevent this vulnerability, validate the user input, perform contextual output encoding or sanitize the input. In PHP you can encode or sanitize user input with `htmlspecialchars` or use automatic context-aware escaping with a template engine such as Latte.",ERROR,php.lang.security.tainted-user-input-in-php-script.tainted-user-input-in-php-script
../../CrossVul/CWE-22/php/good_3613_3,578,13,`Printing user input risks cross-site scripting vulnerability. You should use `htmlentities()` when showing data to users.,ERROR,php.lang.security.injection.printed-request.printed-request
../../CrossVul/CWE-22/php/good_3613_3,578,30,"Untrusted input could be used to tamper with a web page rendering, which can lead to a Cross-site scripting (XSS) vulnerability. XSS vulnerabilities occur when untrusted input executes malicious JavaScript code, leading to issues such as account compromise and sensitive information leakage. To prevent this vulnerability, validate the user input, perform contextual output encoding or sanitize the input. In PHP you can encode or sanitize user input with `htmlspecialchars` or use automatic context-aware escaping with a template engine such as Latte.",ERROR,php.lang.security.tainted-user-input-in-php-script.tainted-user-input-in-php-script
../../CrossVul/CWE-22/php/good_3613_3,582,13,`Printing user input risks cross-site scripting vulnerability. You should use `htmlentities()` when showing data to users.,ERROR,php.lang.security.injection.printed-request.printed-request
../../CrossVul/CWE-22/php/good_3613_3,583,13,`Printing user input risks cross-site scripting vulnerability. You should use `htmlentities()` when showing data to users.,ERROR,php.lang.security.injection.printed-request.printed-request
../../CrossVul/CWE-22/php/good_3613_3,588,13,`Printing user input risks cross-site scripting vulnerability. You should use `htmlentities()` when showing data to users.,ERROR,php.lang.security.injection.printed-request.printed-request
../../CrossVul/CWE-22/php/good_3613_3,596,17,`Printing user input risks cross-site scripting vulnerability. You should use `htmlentities()` when showing data to users.,ERROR,php.lang.security.injection.printed-request.printed-request
../../CrossVul/CWE-22/php/good_3613_3,601,13,`Printing user input risks cross-site scripting vulnerability. You should use `htmlentities()` when showing data to users.,ERROR,php.lang.security.injection.printed-request.printed-request
../../CrossVul/CWE-22/php/good_3613_3,601,30,"Untrusted input could be used to tamper with a web page rendering, which can lead to a Cross-site scripting (XSS) vulnerability. XSS vulnerabilities occur when untrusted input executes malicious JavaScript code, leading to issues such as account compromise and sensitive information leakage. To prevent this vulnerability, validate the user input, perform contextual output encoding or sanitize the input. In PHP you can encode or sanitize user input with `htmlspecialchars` or use automatic context-aware escaping with a template engine such as Latte.",ERROR,php.lang.security.tainted-user-input-in-php-script.tainted-user-input-in-php-script
../../CrossVul/CWE-22/php/good_3613_3,602,13,`Printing user input risks cross-site scripting vulnerability. You should use `htmlentities()` when showing data to users.,ERROR,php.lang.security.injection.printed-request.printed-request
../../CrossVul/CWE-22/php/good_3613_3,602,26,"Untrusted input could be used to tamper with a web page rendering, which can lead to a Cross-site scripting (XSS) vulnerability. XSS vulnerabilities occur when untrusted input executes malicious JavaScript code, leading to issues such as account compromise and sensitive information leakage. To prevent this vulnerability, validate the user input, perform contextual output encoding or sanitize the input. In PHP you can encode or sanitize user input with `htmlspecialchars` or use automatic context-aware escaping with a template engine such as Latte.",ERROR,php.lang.security.tainted-user-input-in-php-script.tainted-user-input-in-php-script
../../CrossVul/CWE-22/php/good_3613_3,604,13,`Printing user input risks cross-site scripting vulnerability. You should use `htmlentities()` when showing data to users.,ERROR,php.lang.security.injection.printed-request.printed-request
../../CrossVul/CWE-22/php/good_3613_3,604,30,"Untrusted input could be used to tamper with a web page rendering, which can lead to a Cross-site scripting (XSS) vulnerability. XSS vulnerabilities occur when untrusted input executes malicious JavaScript code, leading to issues such as account compromise and sensitive information leakage. To prevent this vulnerability, validate the user input, perform contextual output encoding or sanitize the input. In PHP you can encode or sanitize user input with `htmlspecialchars` or use automatic context-aware escaping with a template engine such as Latte.",ERROR,php.lang.security.tainted-user-input-in-php-script.tainted-user-input-in-php-script
../../CrossVul/CWE-22/php/good_3613_3,605,13,`Printing user input risks cross-site scripting vulnerability. You should use `htmlentities()` when showing data to users.,ERROR,php.lang.security.injection.printed-request.printed-request
../../CrossVul/CWE-22/php/good_3613_3,605,26,"Untrusted input could be used to tamper with a web page rendering, which can lead to a Cross-site scripting (XSS) vulnerability. XSS vulnerabilities occur when untrusted input executes malicious JavaScript code, leading to issues such as account compromise and sensitive information leakage. To prevent this vulnerability, validate the user input, perform contextual output encoding or sanitize the input. In PHP you can encode or sanitize user input with `htmlspecialchars` or use automatic context-aware escaping with a template engine such as Latte.",ERROR,php.lang.security.tainted-user-input-in-php-script.tainted-user-input-in-php-script
../../CrossVul/CWE-22/php/good_3613_3,608,13,`Printing user input risks cross-site scripting vulnerability. You should use `htmlentities()` when showing data to users.,ERROR,php.lang.security.injection.printed-request.printed-request
../../CrossVul/CWE-22/php/good_3613_3,608,30,"Untrusted input could be used to tamper with a web page rendering, which can lead to a Cross-site scripting (XSS) vulnerability. XSS vulnerabilities occur when untrusted input executes malicious JavaScript code, leading to issues such as account compromise and sensitive information leakage. To prevent this vulnerability, validate the user input, perform contextual output encoding or sanitize the input. In PHP you can encode or sanitize user input with `htmlspecialchars` or use automatic context-aware escaping with a template engine such as Latte.",ERROR,php.lang.security.tainted-user-input-in-php-script.tainted-user-input-in-php-script
../../CrossVul/CWE-22/php/good_3613_3,613,17,`Printing user input risks cross-site scripting vulnerability. You should use `htmlentities()` when showing data to users.,ERROR,php.lang.security.injection.printed-request.printed-request
../../CrossVul/CWE-22/php/good_3613_3,613,30,"Untrusted input could be used to tamper with a web page rendering, which can lead to a Cross-site scripting (XSS) vulnerability. XSS vulnerabilities occur when untrusted input executes malicious JavaScript code, leading to issues such as account compromise and sensitive information leakage. To prevent this vulnerability, validate the user input, perform contextual output encoding or sanitize the input. In PHP you can encode or sanitize user input with `htmlspecialchars` or use automatic context-aware escaping with a template engine such as Latte.",ERROR,php.lang.security.tainted-user-input-in-php-script.tainted-user-input-in-php-script
../../CrossVul/CWE-22/php/good_3613_3,622,13,`Printing user input risks cross-site scripting vulnerability. You should use `htmlentities()` when showing data to users.,ERROR,php.lang.security.injection.printed-request.printed-request
../../CrossVul/CWE-22/php/good_3613_3,622,127,"Untrusted input could be used to tamper with a web page rendering, which can lead to a Cross-site scripting (XSS) vulnerability. XSS vulnerabilities occur when untrusted input executes malicious JavaScript code, leading to issues such as account compromise and sensitive information leakage. To prevent this vulnerability, validate the user input, perform contextual output encoding or sanitize the input. In PHP you can encode or sanitize user input with `htmlspecialchars` or use automatic context-aware escaping with a template engine such as Latte.",ERROR,php.lang.security.tainted-user-input-in-php-script.tainted-user-input-in-php-script
../../CrossVul/CWE-22/php/good_3613_3,632,13,`Printing user input risks cross-site scripting vulnerability. You should use `htmlentities()` when showing data to users.,ERROR,php.lang.security.injection.printed-request.printed-request
../../CrossVul/CWE-22/php/good_3613_3,732,9,`Printing user input risks cross-site scripting vulnerability. You should use `htmlentities()` when showing data to users.,ERROR,php.lang.security.injection.printed-request.printed-request
../../CrossVul/CWE-22/php/good_3613_3,757,9,`Printing user input risks cross-site scripting vulnerability. You should use `htmlentities()` when showing data to users.,ERROR,php.lang.security.injection.printed-request.printed-request
../../CrossVul/CWE-22/php/good_3613_3,800,13,`Printing user input risks cross-site scripting vulnerability. You should use `htmlentities()` when showing data to users.,ERROR,php.lang.security.injection.printed-request.printed-request
../../CrossVul/CWE-22/php/good_3613_3,800,35,"Untrusted input could be used to tamper with a web page rendering, which can lead to a Cross-site scripting (XSS) vulnerability. XSS vulnerabilities occur when untrusted input executes malicious JavaScript code, leading to issues such as account compromise and sensitive information leakage. To prevent this vulnerability, validate the user input, perform contextual output encoding or sanitize the input. In PHP you can encode or sanitize user input with `htmlspecialchars` or use automatic context-aware escaping with a template engine such as Latte.",ERROR,php.lang.security.tainted-user-input-in-php-script.tainted-user-input-in-php-script
../../CrossVul/CWE-22/php/good_3613_3,812,9,`Printing user input risks cross-site scripting vulnerability. You should use `htmlentities()` when showing data to users.,ERROR,php.lang.security.injection.printed-request.printed-request
../../CrossVul/CWE-22/php/good_3613_3,888,9,`Printing user input risks cross-site scripting vulnerability. You should use `htmlentities()` when showing data to users.,ERROR,php.lang.security.injection.printed-request.printed-request
../../CrossVul/CWE-22/php/good_3613_3,890,9,`Printing user input risks cross-site scripting vulnerability. You should use `htmlentities()` when showing data to users.,ERROR,php.lang.security.injection.printed-request.printed-request
../../CrossVul/CWE-22/php/good_3614_1,554,2,`Printing user input risks cross-site scripting vulnerability. You should use `htmlentities()` when showing data to users.,ERROR,php.lang.security.injection.printed-request.printed-request
../../CrossVul/CWE-22/php/good_3614_1,674,3,`Printing user input risks cross-site scripting vulnerability. You should use `htmlentities()` when showing data to users.,ERROR,php.lang.security.injection.printed-request.printed-request
../../CrossVul/CWE-22/php/good_3614_7,298,5,`Printing user input risks cross-site scripting vulnerability. You should use `htmlentities()` when showing data to users.,ERROR,php.lang.security.injection.printed-request.printed-request
../../CrossVul/CWE-22/php/good_3614_7,298,50,"Untrusted input could be used to tamper with a web page rendering, which can lead to a Cross-site scripting (XSS) vulnerability. XSS vulnerabilities occur when untrusted input executes malicious JavaScript code, leading to issues such as account compromise and sensitive information leakage. To prevent this vulnerability, validate the user input, perform contextual output encoding or sanitize the input. In PHP you can encode or sanitize user input with `htmlspecialchars` or use automatic context-aware escaping with a template engine such as Latte.",ERROR,php.lang.security.tainted-user-input-in-php-script.tainted-user-input-in-php-script
../../CrossVul/CWE-22/php/good_3614_7,301,5,`Printing user input risks cross-site scripting vulnerability. You should use `htmlentities()` when showing data to users.,ERROR,php.lang.security.injection.printed-request.printed-request
../../CrossVul/CWE-22/php/good_3614_7,301,50,"Untrusted input could be used to tamper with a web page rendering, which can lead to a Cross-site scripting (XSS) vulnerability. XSS vulnerabilities occur when untrusted input executes malicious JavaScript code, leading to issues such as account compromise and sensitive information leakage. To prevent this vulnerability, validate the user input, perform contextual output encoding or sanitize the input. In PHP you can encode or sanitize user input with `htmlspecialchars` or use automatic context-aware escaping with a template engine such as Latte.",ERROR,php.lang.security.tainted-user-input-in-php-script.tainted-user-input-in-php-script
../../CrossVul/CWE-22/php/good_3614_7,329,5,`Printing user input risks cross-site scripting vulnerability. You should use `htmlentities()` when showing data to users.,ERROR,php.lang.security.injection.printed-request.printed-request
../../CrossVul/CWE-22/php/good_3614_8,235,2,`Printing user input risks cross-site scripting vulnerability. You should use `htmlentities()` when showing data to users.,ERROR,php.lang.security.injection.printed-request.printed-request
../../CrossVul/CWE-22/php/good_3614_8,244,2,`Printing user input risks cross-site scripting vulnerability. You should use `htmlentities()` when showing data to users.,ERROR,php.lang.security.injection.printed-request.printed-request
../../CrossVul/CWE-22/php/good_3614_8,249,2,`Printing user input risks cross-site scripting vulnerability. You should use `htmlentities()` when showing data to users.,ERROR,php.lang.security.injection.printed-request.printed-request
../../CrossVul/CWE-22/php/good_3614_4,376,13,`Printing user input risks cross-site scripting vulnerability. You should use `htmlentities()` when showing data to users.,ERROR,php.lang.security.injection.printed-request.printed-request
../../CrossVul/CWE-22/php/good_3614_4,376,64,"Untrusted input could be used to tamper with a web page rendering, which can lead to a Cross-site scripting (XSS) vulnerability. XSS vulnerabilities occur when untrusted input executes malicious JavaScript code, leading to issues such as account compromise and sensitive information leakage. To prevent this vulnerability, validate the user input, perform contextual output encoding or sanitize the input. In PHP you can encode or sanitize user input with `htmlspecialchars` or use automatic context-aware escaping with a template engine such as Latte.",ERROR,php.lang.security.tainted-user-input-in-php-script.tainted-user-input-in-php-script
../../CrossVul/CWE-22/php/good_3614_4,377,13,`Printing user input risks cross-site scripting vulnerability. You should use `htmlentities()` when showing data to users.,ERROR,php.lang.security.injection.printed-request.printed-request
../../CrossVul/CWE-22/php/good_3614_4,400,13,`Printing user input risks cross-site scripting vulnerability. You should use `htmlentities()` when showing data to users.,ERROR,php.lang.security.injection.printed-request.printed-request
../../CrossVul/CWE-22/php/good_3614_4,403,13,`Printing user input risks cross-site scripting vulnerability. You should use `htmlentities()` when showing data to users.,ERROR,php.lang.security.injection.printed-request.printed-request
../../CrossVul/CWE-22/php/good_3614_4,403,30,"Untrusted input could be used to tamper with a web page rendering, which can lead to a Cross-site scripting (XSS) vulnerability. XSS vulnerabilities occur when untrusted input executes malicious JavaScript code, leading to issues such as account compromise and sensitive information leakage. To prevent this vulnerability, validate the user input, perform contextual output encoding or sanitize the input. In PHP you can encode or sanitize user input with `htmlspecialchars` or use automatic context-aware escaping with a template engine such as Latte.",ERROR,php.lang.security.tainted-user-input-in-php-script.tainted-user-input-in-php-script
../../CrossVul/CWE-22/php/good_3614_4,407,13,`Printing user input risks cross-site scripting vulnerability. You should use `htmlentities()` when showing data to users.,ERROR,php.lang.security.injection.printed-request.printed-request
../../CrossVul/CWE-22/php/good_3614_4,407,30,"Untrusted input could be used to tamper with a web page rendering, which can lead to a Cross-site scripting (XSS) vulnerability. XSS vulnerabilities occur when untrusted input executes malicious JavaScript code, leading to issues such as account compromise and sensitive information leakage. To prevent this vulnerability, validate the user input, perform contextual output encoding or sanitize the input. In PHP you can encode or sanitize user input with `htmlspecialchars` or use automatic context-aware escaping with a template engine such as Latte.",ERROR,php.lang.security.tainted-user-input-in-php-script.tainted-user-input-in-php-script
../../CrossVul/CWE-22/php/good_3614_4,413,13,`Printing user input risks cross-site scripting vulnerability. You should use `htmlentities()` when showing data to users.,ERROR,php.lang.security.injection.printed-request.printed-request
../../CrossVul/CWE-22/php/good_3614_4,414,13,`Printing user input risks cross-site scripting vulnerability. You should use `htmlentities()` when showing data to users.,ERROR,php.lang.security.injection.printed-request.printed-request
../../CrossVul/CWE-22/php/good_3614_4,420,13,`Printing user input risks cross-site scripting vulnerability. You should use `htmlentities()` when showing data to users.,ERROR,php.lang.security.injection.printed-request.printed-request
../../CrossVul/CWE-22/php/good_3614_4,430,21,`Printing user input risks cross-site scripting vulnerability. You should use `htmlentities()` when showing data to users.,ERROR,php.lang.security.injection.printed-request.printed-request
../../CrossVul/CWE-22/php/good_3614_4,441,13,`Printing user input risks cross-site scripting vulnerability. You should use `htmlentities()` when showing data to users.,ERROR,php.lang.security.injection.printed-request.printed-request
../../CrossVul/CWE-22/php/good_3614_4,441,30,"Untrusted input could be used to tamper with a web page rendering, which can lead to a Cross-site scripting (XSS) vulnerability. XSS vulnerabilities occur when untrusted input executes malicious JavaScript code, leading to issues such as account compromise and sensitive information leakage. To prevent this vulnerability, validate the user input, perform contextual output encoding or sanitize the input. In PHP you can encode or sanitize user input with `htmlspecialchars` or use automatic context-aware escaping with a template engine such as Latte.",ERROR,php.lang.security.tainted-user-input-in-php-script.tainted-user-input-in-php-script
../../CrossVul/CWE-22/php/good_3614_4,442,13,`Printing user input risks cross-site scripting vulnerability. You should use `htmlentities()` when showing data to users.,ERROR,php.lang.security.injection.printed-request.printed-request
../../CrossVul/CWE-22/php/good_3614_4,442,26,"Untrusted input could be used to tamper with a web page rendering, which can lead to a Cross-site scripting (XSS) vulnerability. XSS vulnerabilities occur when untrusted input executes malicious JavaScript code, leading to issues such as account compromise and sensitive information leakage. To prevent this vulnerability, validate the user input, perform contextual output encoding or sanitize the input. In PHP you can encode or sanitize user input with `htmlspecialchars` or use automatic context-aware escaping with a template engine such as Latte.",ERROR,php.lang.security.tainted-user-input-in-php-script.tainted-user-input-in-php-script
../../CrossVul/CWE-22/php/good_3614_4,445,13,`Printing user input risks cross-site scripting vulnerability. You should use `htmlentities()` when showing data to users.,ERROR,php.lang.security.injection.printed-request.printed-request
../../CrossVul/CWE-22/php/good_3614_4,445,30,"Untrusted input could be used to tamper with a web page rendering, which can lead to a Cross-site scripting (XSS) vulnerability. XSS vulnerabilities occur when untrusted input executes malicious JavaScript code, leading to issues such as account compromise and sensitive information leakage. To prevent this vulnerability, validate the user input, perform contextual output encoding or sanitize the input. In PHP you can encode or sanitize user input with `htmlspecialchars` or use automatic context-aware escaping with a template engine such as Latte.",ERROR,php.lang.security.tainted-user-input-in-php-script.tainted-user-input-in-php-script
../../CrossVul/CWE-22/php/good_3614_4,446,13,`Printing user input risks cross-site scripting vulnerability. You should use `htmlentities()` when showing data to users.,ERROR,php.lang.security.injection.printed-request.printed-request
../../CrossVul/CWE-22/php/good_3614_4,446,26,"Untrusted input could be used to tamper with a web page rendering, which can lead to a Cross-site scripting (XSS) vulnerability. XSS vulnerabilities occur when untrusted input executes malicious JavaScript code, leading to issues such as account compromise and sensitive information leakage. To prevent this vulnerability, validate the user input, perform contextual output encoding or sanitize the input. In PHP you can encode or sanitize user input with `htmlspecialchars` or use automatic context-aware escaping with a template engine such as Latte.",ERROR,php.lang.security.tainted-user-input-in-php-script.tainted-user-input-in-php-script
../../CrossVul/CWE-22/php/good_3614_4,450,13,`Printing user input risks cross-site scripting vulnerability. You should use `htmlentities()` when showing data to users.,ERROR,php.lang.security.injection.printed-request.printed-request
../../CrossVul/CWE-22/php/good_3614_4,450,30,"Untrusted input could be used to tamper with a web page rendering, which can lead to a Cross-site scripting (XSS) vulnerability. XSS vulnerabilities occur when untrusted input executes malicious JavaScript code, leading to issues such as account compromise and sensitive information leakage. To prevent this vulnerability, validate the user input, perform contextual output encoding or sanitize the input. In PHP you can encode or sanitize user input with `htmlspecialchars` or use automatic context-aware escaping with a template engine such as Latte.",ERROR,php.lang.security.tainted-user-input-in-php-script.tainted-user-input-in-php-script
../../CrossVul/CWE-22/php/good_3614_4,453,13,`Printing user input risks cross-site scripting vulnerability. You should use `htmlentities()` when showing data to users.,ERROR,php.lang.security.injection.printed-request.printed-request
../../CrossVul/CWE-22/php/good_3614_4,453,30,"Untrusted input could be used to tamper with a web page rendering, which can lead to a Cross-site scripting (XSS) vulnerability. XSS vulnerabilities occur when untrusted input executes malicious JavaScript code, leading to issues such as account compromise and sensitive information leakage. To prevent this vulnerability, validate the user input, perform contextual output encoding or sanitize the input. In PHP you can encode or sanitize user input with `htmlspecialchars` or use automatic context-aware escaping with a template engine such as Latte.",ERROR,php.lang.security.tainted-user-input-in-php-script.tainted-user-input-in-php-script
../../CrossVul/CWE-22/php/good_3614_4,458,13,`Printing user input risks cross-site scripting vulnerability. You should use `htmlentities()` when showing data to users.,ERROR,php.lang.security.injection.printed-request.printed-request
../../CrossVul/CWE-22/php/good_3614_4,462,13,`Printing user input risks cross-site scripting vulnerability. You should use `htmlentities()` when showing data to users.,ERROR,php.lang.security.injection.printed-request.printed-request
../../CrossVul/CWE-22/php/good_3614_4,462,43,"Untrusted input could be used to tamper with a web page rendering, which can lead to a Cross-site scripting (XSS) vulnerability. XSS vulnerabilities occur when untrusted input executes malicious JavaScript code, leading to issues such as account compromise and sensitive information leakage. To prevent this vulnerability, validate the user input, perform contextual output encoding or sanitize the input. In PHP you can encode or sanitize user input with `htmlspecialchars` or use automatic context-aware escaping with a template engine such as Latte.",ERROR,php.lang.security.tainted-user-input-in-php-script.tainted-user-input-in-php-script
../../CrossVul/CWE-22/php/good_3614_4,541,13,`Printing user input risks cross-site scripting vulnerability. You should use `htmlentities()` when showing data to users.,ERROR,php.lang.security.injection.printed-request.printed-request
../../CrossVul/CWE-22/php/good_3614_4,543,13,`Printing user input risks cross-site scripting vulnerability. You should use `htmlentities()` when showing data to users.,ERROR,php.lang.security.injection.printed-request.printed-request
../../CrossVul/CWE-22/php/good_3614_4,557,13,`Printing user input risks cross-site scripting vulnerability. You should use `htmlentities()` when showing data to users.,ERROR,php.lang.security.injection.printed-request.printed-request
../../CrossVul/CWE-22/php/good_3614_4,557,64,"Untrusted input could be used to tamper with a web page rendering, which can lead to a Cross-site scripting (XSS) vulnerability. XSS vulnerabilities occur when untrusted input executes malicious JavaScript code, leading to issues such as account compromise and sensitive information leakage. To prevent this vulnerability, validate the user input, perform contextual output encoding or sanitize the input. In PHP you can encode or sanitize user input with `htmlspecialchars` or use automatic context-aware escaping with a template engine such as Latte.",ERROR,php.lang.security.tainted-user-input-in-php-script.tainted-user-input-in-php-script
../../CrossVul/CWE-22/php/good_3614_4,558,13,`Printing user input risks cross-site scripting vulnerability. You should use `htmlentities()` when showing data to users.,ERROR,php.lang.security.injection.printed-request.printed-request
../../CrossVul/CWE-22/php/good_3614_4,572,13,`Printing user input risks cross-site scripting vulnerability. You should use `htmlentities()` when showing data to users.,ERROR,php.lang.security.injection.printed-request.printed-request
../../CrossVul/CWE-22/php/good_3614_4,575,13,`Printing user input risks cross-site scripting vulnerability. You should use `htmlentities()` when showing data to users.,ERROR,php.lang.security.injection.printed-request.printed-request
../../CrossVul/CWE-22/php/good_3614_4,575,30,"Untrusted input could be used to tamper with a web page rendering, which can lead to a Cross-site scripting (XSS) vulnerability. XSS vulnerabilities occur when untrusted input executes malicious JavaScript code, leading to issues such as account compromise and sensitive information leakage. To prevent this vulnerability, validate the user input, perform contextual output encoding or sanitize the input. In PHP you can encode or sanitize user input with `htmlspecialchars` or use automatic context-aware escaping with a template engine such as Latte.",ERROR,php.lang.security.tainted-user-input-in-php-script.tainted-user-input-in-php-script
../../CrossVul/CWE-22/php/good_3614_4,578,13,`Printing user input risks cross-site scripting vulnerability. You should use `htmlentities()` when showing data to users.,ERROR,php.lang.security.injection.printed-request.printed-request
../../CrossVul/CWE-22/php/good_3614_4,578,30,"Untrusted input could be used to tamper with a web page rendering, which can lead to a Cross-site scripting (XSS) vulnerability. XSS vulnerabilities occur when untrusted input executes malicious JavaScript code, leading to issues such as account compromise and sensitive information leakage. To prevent this vulnerability, validate the user input, perform contextual output encoding or sanitize the input. In PHP you can encode or sanitize user input with `htmlspecialchars` or use automatic context-aware escaping with a template engine such as Latte.",ERROR,php.lang.security.tainted-user-input-in-php-script.tainted-user-input-in-php-script
../../CrossVul/CWE-22/php/good_3614_4,582,13,`Printing user input risks cross-site scripting vulnerability. You should use `htmlentities()` when showing data to users.,ERROR,php.lang.security.injection.printed-request.printed-request
../../CrossVul/CWE-22/php/good_3614_4,583,13,`Printing user input risks cross-site scripting vulnerability. You should use `htmlentities()` when showing data to users.,ERROR,php.lang.security.injection.printed-request.printed-request
../../CrossVul/CWE-22/php/good_3614_4,588,13,`Printing user input risks cross-site scripting vulnerability. You should use `htmlentities()` when showing data to users.,ERROR,php.lang.security.injection.printed-request.printed-request
../../CrossVul/CWE-22/php/good_3614_4,596,17,`Printing user input risks cross-site scripting vulnerability. You should use `htmlentities()` when showing data to users.,ERROR,php.lang.security.injection.printed-request.printed-request
../../CrossVul/CWE-22/php/good_3614_4,601,13,`Printing user input risks cross-site scripting vulnerability. You should use `htmlentities()` when showing data to users.,ERROR,php.lang.security.injection.printed-request.printed-request
../../CrossVul/CWE-22/php/good_3614_4,601,30,"Untrusted input could be used to tamper with a web page rendering, which can lead to a Cross-site scripting (XSS) vulnerability. XSS vulnerabilities occur when untrusted input executes malicious JavaScript code, leading to issues such as account compromise and sensitive information leakage. To prevent this vulnerability, validate the user input, perform contextual output encoding or sanitize the input. In PHP you can encode or sanitize user input with `htmlspecialchars` or use automatic context-aware escaping with a template engine such as Latte.",ERROR,php.lang.security.tainted-user-input-in-php-script.tainted-user-input-in-php-script
../../CrossVul/CWE-22/php/good_3614_4,602,13,`Printing user input risks cross-site scripting vulnerability. You should use `htmlentities()` when showing data to users.,ERROR,php.lang.security.injection.printed-request.printed-request
../../CrossVul/CWE-22/php/good_3614_4,602,26,"Untrusted input could be used to tamper with a web page rendering, which can lead to a Cross-site scripting (XSS) vulnerability. XSS vulnerabilities occur when untrusted input executes malicious JavaScript code, leading to issues such as account compromise and sensitive information leakage. To prevent this vulnerability, validate the user input, perform contextual output encoding or sanitize the input. In PHP you can encode or sanitize user input with `htmlspecialchars` or use automatic context-aware escaping with a template engine such as Latte.",ERROR,php.lang.security.tainted-user-input-in-php-script.tainted-user-input-in-php-script
../../CrossVul/CWE-22/php/good_3614_4,604,13,`Printing user input risks cross-site scripting vulnerability. You should use `htmlentities()` when showing data to users.,ERROR,php.lang.security.injection.printed-request.printed-request
../../CrossVul/CWE-22/php/good_3614_4,604,30,"Untrusted input could be used to tamper with a web page rendering, which can lead to a Cross-site scripting (XSS) vulnerability. XSS vulnerabilities occur when untrusted input executes malicious JavaScript code, leading to issues such as account compromise and sensitive information leakage. To prevent this vulnerability, validate the user input, perform contextual output encoding or sanitize the input. In PHP you can encode or sanitize user input with `htmlspecialchars` or use automatic context-aware escaping with a template engine such as Latte.",ERROR,php.lang.security.tainted-user-input-in-php-script.tainted-user-input-in-php-script
../../CrossVul/CWE-22/php/good_3614_4,605,13,`Printing user input risks cross-site scripting vulnerability. You should use `htmlentities()` when showing data to users.,ERROR,php.lang.security.injection.printed-request.printed-request
../../CrossVul/CWE-22/php/good_3614_4,605,26,"Untrusted input could be used to tamper with a web page rendering, which can lead to a Cross-site scripting (XSS) vulnerability. XSS vulnerabilities occur when untrusted input executes malicious JavaScript code, leading to issues such as account compromise and sensitive information leakage. To prevent this vulnerability, validate the user input, perform contextual output encoding or sanitize the input. In PHP you can encode or sanitize user input with `htmlspecialchars` or use automatic context-aware escaping with a template engine such as Latte.",ERROR,php.lang.security.tainted-user-input-in-php-script.tainted-user-input-in-php-script
../../CrossVul/CWE-22/php/good_3614_4,608,13,`Printing user input risks cross-site scripting vulnerability. You should use `htmlentities()` when showing data to users.,ERROR,php.lang.security.injection.printed-request.printed-request
../../CrossVul/CWE-22/php/good_3614_4,608,30,"Untrusted input could be used to tamper with a web page rendering, which can lead to a Cross-site scripting (XSS) vulnerability. XSS vulnerabilities occur when untrusted input executes malicious JavaScript code, leading to issues such as account compromise and sensitive information leakage. To prevent this vulnerability, validate the user input, perform contextual output encoding or sanitize the input. In PHP you can encode or sanitize user input with `htmlspecialchars` or use automatic context-aware escaping with a template engine such as Latte.",ERROR,php.lang.security.tainted-user-input-in-php-script.tainted-user-input-in-php-script
../../CrossVul/CWE-22/php/good_3614_4,613,17,`Printing user input risks cross-site scripting vulnerability. You should use `htmlentities()` when showing data to users.,ERROR,php.lang.security.injection.printed-request.printed-request
../../CrossVul/CWE-22/php/good_3614_4,613,30,"Untrusted input could be used to tamper with a web page rendering, which can lead to a Cross-site scripting (XSS) vulnerability. XSS vulnerabilities occur when untrusted input executes malicious JavaScript code, leading to issues such as account compromise and sensitive information leakage. To prevent this vulnerability, validate the user input, perform contextual output encoding or sanitize the input. In PHP you can encode or sanitize user input with `htmlspecialchars` or use automatic context-aware escaping with a template engine such as Latte.",ERROR,php.lang.security.tainted-user-input-in-php-script.tainted-user-input-in-php-script
../../CrossVul/CWE-22/php/good_3614_4,622,13,`Printing user input risks cross-site scripting vulnerability. You should use `htmlentities()` when showing data to users.,ERROR,php.lang.security.injection.printed-request.printed-request
../../CrossVul/CWE-22/php/good_3614_4,622,127,"Untrusted input could be used to tamper with a web page rendering, which can lead to a Cross-site scripting (XSS) vulnerability. XSS vulnerabilities occur when untrusted input executes malicious JavaScript code, leading to issues such as account compromise and sensitive information leakage. To prevent this vulnerability, validate the user input, perform contextual output encoding or sanitize the input. In PHP you can encode or sanitize user input with `htmlspecialchars` or use automatic context-aware escaping with a template engine such as Latte.",ERROR,php.lang.security.tainted-user-input-in-php-script.tainted-user-input-in-php-script
../../CrossVul/CWE-22/php/good_3614_4,632,13,`Printing user input risks cross-site scripting vulnerability. You should use `htmlentities()` when showing data to users.,ERROR,php.lang.security.injection.printed-request.printed-request
../../CrossVul/CWE-22/php/good_3614_4,732,9,`Printing user input risks cross-site scripting vulnerability. You should use `htmlentities()` when showing data to users.,ERROR,php.lang.security.injection.printed-request.printed-request
../../CrossVul/CWE-22/php/good_3614_4,757,9,`Printing user input risks cross-site scripting vulnerability. You should use `htmlentities()` when showing data to users.,ERROR,php.lang.security.injection.printed-request.printed-request
../../CrossVul/CWE-22/php/good_3614_4,800,13,`Printing user input risks cross-site scripting vulnerability. You should use `htmlentities()` when showing data to users.,ERROR,php.lang.security.injection.printed-request.printed-request
../../CrossVul/CWE-22/php/good_3614_4,800,35,"Untrusted input could be used to tamper with a web page rendering, which can lead to a Cross-site scripting (XSS) vulnerability. XSS vulnerabilities occur when untrusted input executes malicious JavaScript code, leading to issues such as account compromise and sensitive information leakage. To prevent this vulnerability, validate the user input, perform contextual output encoding or sanitize the input. In PHP you can encode or sanitize user input with `htmlspecialchars` or use automatic context-aware escaping with a template engine such as Latte.",ERROR,php.lang.security.tainted-user-input-in-php-script.tainted-user-input-in-php-script
../../CrossVul/CWE-22/php/good_3614_4,812,9,`Printing user input risks cross-site scripting vulnerability. You should use `htmlentities()` when showing data to users.,ERROR,php.lang.security.injection.printed-request.printed-request
../../CrossVul/CWE-22/php/good_3614_4,888,9,`Printing user input risks cross-site scripting vulnerability. You should use `htmlentities()` when showing data to users.,ERROR,php.lang.security.injection.printed-request.printed-request
../../CrossVul/CWE-22/php/good_3614_4,890,9,`Printing user input risks cross-site scripting vulnerability. You should use `htmlentities()` when showing data to users.,ERROR,php.lang.security.injection.printed-request.printed-request
../../CrossVul/CWE-22/php/good_3623_0,94,29,File name based on user input risks server-side request forgery.,WARNING,php.lang.security.injection.tainted-filename.tainted-filename
../../CrossVul/CWE-22/php/good_3623_0,95,33,File name based on user input risks server-side request forgery.,WARNING,php.lang.security.injection.tainted-filename.tainted-filename
../../CrossVul/CWE-22/php/good_3623_0,101,59,File name based on user input risks server-side request forgery.,WARNING,php.lang.security.injection.tainted-filename.tainted-filename
../../CrossVul/CWE-22/php/good_3623_0,126,13,`Echo`ing user input risks cross-site scripting vulnerability. You should use `htmlentities()` when showing data to users.,ERROR,php.lang.security.injection.echoed-request.echoed-request
../../CrossVul/CWE-22/php/good_3623_0,126,13,"Found direct access to a PHP variable wihout HTML escaping inside an inline PHP statement setting data from `$_REQUEST[...]`. When untrusted input can be used to tamper with a web page rendering, it can lead to a Cross-site scripting (XSS) vulnerability. XSS vulnerabilities occur when untrusted input executes malicious JavaScript code, leading to issues such as account compromise and sensitive information leakage. To prevent this vulnerability, validate the user input, perform contextual output encoding or sanitize the input. In PHP you can encode or sanitize user input with `htmlspecialchars` or use automatic context-aware escaping with a template engine such as Latte.",WARNING,php.lang.security.taint-unsafe-echo-tag.taint-unsafe-echo-tag
../../CrossVul/CWE-22/php/good_3623_0,130,13,`Echo`ing user input risks cross-site scripting vulnerability. You should use `htmlentities()` when showing data to users.,ERROR,php.lang.security.injection.echoed-request.echoed-request
../../CrossVul/CWE-22/php/good_3623_0,130,13,"Found direct access to a PHP variable wihout HTML escaping inside an inline PHP statement setting data from `$_REQUEST[...]`. When untrusted input can be used to tamper with a web page rendering, it can lead to a Cross-site scripting (XSS) vulnerability. XSS vulnerabilities occur when untrusted input executes malicious JavaScript code, leading to issues such as account compromise and sensitive information leakage. To prevent this vulnerability, validate the user input, perform contextual output encoding or sanitize the input. In PHP you can encode or sanitize user input with `htmlspecialchars` or use automatic context-aware escaping with a template engine such as Latte.",WARNING,php.lang.security.taint-unsafe-echo-tag.taint-unsafe-echo-tag
../../CrossVul/CWE-22/php/good_3623_0,135,29,File name based on user input risks server-side request forgery.,WARNING,php.lang.security.injection.tainted-filename.tainted-filename
../../CrossVul/CWE-22/php/good_3623_1,94,29,File name based on user input risks server-side request forgery.,WARNING,php.lang.security.injection.tainted-filename.tainted-filename
../../CrossVul/CWE-22/php/good_3623_1,95,33,File name based on user input risks server-side request forgery.,WARNING,php.lang.security.injection.tainted-filename.tainted-filename
../../CrossVul/CWE-22/php/good_3623_1,101,59,File name based on user input risks server-side request forgery.,WARNING,php.lang.security.injection.tainted-filename.tainted-filename
../../CrossVul/CWE-22/php/good_3623_1,126,13,`Echo`ing user input risks cross-site scripting vulnerability. You should use `htmlentities()` when showing data to users.,ERROR,php.lang.security.injection.echoed-request.echoed-request
../../CrossVul/CWE-22/php/good_3623_1,126,13,"Found direct access to a PHP variable wihout HTML escaping inside an inline PHP statement setting data from `$_REQUEST[...]`. When untrusted input can be used to tamper with a web page rendering, it can lead to a Cross-site scripting (XSS) vulnerability. XSS vulnerabilities occur when untrusted input executes malicious JavaScript code, leading to issues such as account compromise and sensitive information leakage. To prevent this vulnerability, validate the user input, perform contextual output encoding or sanitize the input. In PHP you can encode or sanitize user input with `htmlspecialchars` or use automatic context-aware escaping with a template engine such as Latte.",WARNING,php.lang.security.taint-unsafe-echo-tag.taint-unsafe-echo-tag
../../CrossVul/CWE-22/php/good_3623_1,130,13,`Echo`ing user input risks cross-site scripting vulnerability. You should use `htmlentities()` when showing data to users.,ERROR,php.lang.security.injection.echoed-request.echoed-request
../../CrossVul/CWE-22/php/good_3623_1,130,13,"Found direct access to a PHP variable wihout HTML escaping inside an inline PHP statement setting data from `$_REQUEST[...]`. When untrusted input can be used to tamper with a web page rendering, it can lead to a Cross-site scripting (XSS) vulnerability. XSS vulnerabilities occur when untrusted input executes malicious JavaScript code, leading to issues such as account compromise and sensitive information leakage. To prevent this vulnerability, validate the user input, perform contextual output encoding or sanitize the input. In PHP you can encode or sanitize user input with `htmlspecialchars` or use automatic context-aware escaping with a template engine such as Latte.",WARNING,php.lang.security.taint-unsafe-echo-tag.taint-unsafe-echo-tag
../../CrossVul/CWE-22/php/good_3623_1,135,29,File name based on user input risks server-side request forgery.,WARNING,php.lang.security.injection.tainted-filename.tainted-filename
../../CrossVul/CWE-22/php/good_3624_0,89,29,File name based on user input risks server-side request forgery.,WARNING,php.lang.security.injection.tainted-filename.tainted-filename
../../CrossVul/CWE-22/php/good_3624_0,90,33,File name based on user input risks server-side request forgery.,WARNING,php.lang.security.injection.tainted-filename.tainted-filename
../../CrossVul/CWE-22/php/good_3624_0,96,59,File name based on user input risks server-side request forgery.,WARNING,php.lang.security.injection.tainted-filename.tainted-filename
../../CrossVul/CWE-22/php/good_3624_0,121,13,`Echo`ing user input risks cross-site scripting vulnerability. You should use `htmlentities()` when showing data to users.,ERROR,php.lang.security.injection.echoed-request.echoed-request
../../CrossVul/CWE-22/php/good_3624_0,121,13,"Found direct access to a PHP variable wihout HTML escaping inside an inline PHP statement setting data from `$_REQUEST[...]`. When untrusted input can be used to tamper with a web page rendering, it can lead to a Cross-site scripting (XSS) vulnerability. XSS vulnerabilities occur when untrusted input executes malicious JavaScript code, leading to issues such as account compromise and sensitive information leakage. To prevent this vulnerability, validate the user input, perform contextual output encoding or sanitize the input. In PHP you can encode or sanitize user input with `htmlspecialchars` or use automatic context-aware escaping with a template engine such as Latte.",WARNING,php.lang.security.taint-unsafe-echo-tag.taint-unsafe-echo-tag
../../CrossVul/CWE-22/php/good_3624_0,125,13,`Echo`ing user input risks cross-site scripting vulnerability. You should use `htmlentities()` when showing data to users.,ERROR,php.lang.security.injection.echoed-request.echoed-request
../../CrossVul/CWE-22/php/good_3624_0,125,13,"Found direct access to a PHP variable wihout HTML escaping inside an inline PHP statement setting data from `$_REQUEST[...]`. When untrusted input can be used to tamper with a web page rendering, it can lead to a Cross-site scripting (XSS) vulnerability. XSS vulnerabilities occur when untrusted input executes malicious JavaScript code, leading to issues such as account compromise and sensitive information leakage. To prevent this vulnerability, validate the user input, perform contextual output encoding or sanitize the input. In PHP you can encode or sanitize user input with `htmlspecialchars` or use automatic context-aware escaping with a template engine such as Latte.",WARNING,php.lang.security.taint-unsafe-echo-tag.taint-unsafe-echo-tag
../../CrossVul/CWE-22/php/good_3624_0,130,29,File name based on user input risks server-side request forgery.,WARNING,php.lang.security.injection.tainted-filename.tainted-filename
../../CrossVul/CWE-22/php/good_3624_1,89,29,File name based on user input risks server-side request forgery.,WARNING,php.lang.security.injection.tainted-filename.tainted-filename
../../CrossVul/CWE-22/php/good_3624_1,90,33,File name based on user input risks server-side request forgery.,WARNING,php.lang.security.injection.tainted-filename.tainted-filename
../../CrossVul/CWE-22/php/good_3624_1,96,59,File name based on user input risks server-side request forgery.,WARNING,php.lang.security.injection.tainted-filename.tainted-filename
../../CrossVul/CWE-22/php/good_3624_1,121,13,`Echo`ing user input risks cross-site scripting vulnerability. You should use `htmlentities()` when showing data to users.,ERROR,php.lang.security.injection.echoed-request.echoed-request
../../CrossVul/CWE-22/php/good_3624_1,121,13,"Found direct access to a PHP variable wihout HTML escaping inside an inline PHP statement setting data from `$_REQUEST[...]`. When untrusted input can be used to tamper with a web page rendering, it can lead to a Cross-site scripting (XSS) vulnerability. XSS vulnerabilities occur when untrusted input executes malicious JavaScript code, leading to issues such as account compromise and sensitive information leakage. To prevent this vulnerability, validate the user input, perform contextual output encoding or sanitize the input. In PHP you can encode or sanitize user input with `htmlspecialchars` or use automatic context-aware escaping with a template engine such as Latte.",WARNING,php.lang.security.taint-unsafe-echo-tag.taint-unsafe-echo-tag
../../CrossVul/CWE-22/php/good_3624_1,125,13,`Echo`ing user input risks cross-site scripting vulnerability. You should use `htmlentities()` when showing data to users.,ERROR,php.lang.security.injection.echoed-request.echoed-request
../../CrossVul/CWE-22/php/good_3624_1,125,13,"Found direct access to a PHP variable wihout HTML escaping inside an inline PHP statement setting data from `$_REQUEST[...]`. When untrusted input can be used to tamper with a web page rendering, it can lead to a Cross-site scripting (XSS) vulnerability. XSS vulnerabilities occur when untrusted input executes malicious JavaScript code, leading to issues such as account compromise and sensitive information leakage. To prevent this vulnerability, validate the user input, perform contextual output encoding or sanitize the input. In PHP you can encode or sanitize user input with `htmlspecialchars` or use automatic context-aware escaping with a template engine such as Latte.",WARNING,php.lang.security.taint-unsafe-echo-tag.taint-unsafe-echo-tag
../../CrossVul/CWE-22/php/good_3624_1,130,29,File name based on user input risks server-side request forgery.,WARNING,php.lang.security.injection.tainted-filename.tainted-filename
../../CrossVul/CWE-22/php/good_387_2,375,19,File name based on user input risks server-side request forgery.,WARNING,php.lang.security.injection.tainted-filename.tainted-filename
../../CrossVul/CWE-22/php/good_387_2,391,36,File name based on user input risks server-side request forgery.,WARNING,php.lang.security.injection.tainted-filename.tainted-filename
../../CrossVul/CWE-22/php/good_387_2,394,35,File name based on user input risks server-side request forgery.,WARNING,php.lang.security.injection.tainted-filename.tainted-filename
../../CrossVul/CWE-22/php/good_387_2,444,32,File name based on user input risks server-side request forgery.,WARNING,php.lang.security.injection.tainted-filename.tainted-filename
../../CrossVul/CWE-22/php/good_387_2,453,1,`Echo`ing user input risks cross-site scripting vulnerability. You should use `htmlentities()` when showing data to users.,ERROR,php.lang.security.injection.echoed-request.echoed-request
../../CrossVul/CWE-22/php/good_387_2,453,1,"Found direct access to a PHP variable wihout HTML escaping inside an inline PHP statement setting data from `$_REQUEST[...]`. When untrusted input can be used to tamper with a web page rendering, it can lead to a Cross-site scripting (XSS) vulnerability. XSS vulnerabilities occur when untrusted input executes malicious JavaScript code, leading to issues such as account compromise and sensitive information leakage. To prevent this vulnerability, validate the user input, perform contextual output encoding or sanitize the input. In PHP you can encode or sanitize user input with `htmlspecialchars` or use automatic context-aware escaping with a template engine such as Latte.",WARNING,php.lang.security.taint-unsafe-echo-tag.taint-unsafe-echo-tag
../../CrossVul/CWE-22/php/good_3982_0,343,14,File name based on user input risks server-side request forgery.,WARNING,php.lang.security.injection.tainted-filename.tainted-filename
../../CrossVul/CWE-22/php/good_3982_0,403,37,File name based on user input risks server-side request forgery.,WARNING,php.lang.security.injection.tainted-filename.tainted-filename
../../CrossVul/CWE-22/php/good_3982_0,411,21,File name based on user input risks server-side request forgery.,WARNING,php.lang.security.injection.tainted-filename.tainted-filename
../../CrossVul/CWE-22/php/good_3982_0,421,9,`Echo`ing user input risks cross-site scripting vulnerability. You should use `htmlentities()` when showing data to users.,ERROR,php.lang.security.injection.echoed-request.echoed-request
../../CrossVul/CWE-22/php/good_3982_0,421,9,"Found direct access to a PHP variable wihout HTML escaping inside an inline PHP statement setting data from `$_REQUEST[...]`. When untrusted input can be used to tamper with a web page rendering, it can lead to a Cross-site scripting (XSS) vulnerability. XSS vulnerabilities occur when untrusted input executes malicious JavaScript code, leading to issues such as account compromise and sensitive information leakage. To prevent this vulnerability, validate the user input, perform contextual output encoding or sanitize the input. In PHP you can encode or sanitize user input with `htmlspecialchars` or use automatic context-aware escaping with a template engine such as Latte.",WARNING,php.lang.security.taint-unsafe-echo-tag.taint-unsafe-echo-tag
../../CrossVul/CWE-22/php/good_3982_0,485,9,`Echo`ing user input risks cross-site scripting vulnerability. You should use `htmlentities()` when showing data to users.,ERROR,php.lang.security.injection.echoed-request.echoed-request
../../CrossVul/CWE-22/php/good_3982_0,485,9,"Found direct access to a PHP variable wihout HTML escaping inside an inline PHP statement setting data from `$_REQUEST[...]`. When untrusted input can be used to tamper with a web page rendering, it can lead to a Cross-site scripting (XSS) vulnerability. XSS vulnerabilities occur when untrusted input executes malicious JavaScript code, leading to issues such as account compromise and sensitive information leakage. To prevent this vulnerability, validate the user input, perform contextual output encoding or sanitize the input. In PHP you can encode or sanitize user input with `htmlspecialchars` or use automatic context-aware escaping with a template engine such as Latte.",WARNING,php.lang.security.taint-unsafe-echo-tag.taint-unsafe-echo-tag
../../CrossVul/CWE-22/php/good_3982_0,574,26,File name based on user input risks server-side request forgery.,WARNING,php.lang.security.injection.tainted-filename.tainted-filename
../../CrossVul/CWE-22/php/good_3982_0,598,30,File name based on user input risks server-side request forgery.,WARNING,php.lang.security.injection.tainted-filename.tainted-filename
../../CrossVul/CWE-22/php/good_3982_0,600,28,File name based on user input risks server-side request forgery.,WARNING,php.lang.security.injection.tainted-filename.tainted-filename
../../CrossVul/CWE-22/php/good_3982_0,668,24,File name based on user input risks server-side request forgery.,WARNING,php.lang.security.injection.tainted-filename.tainted-filename
../../CrossVul/CWE-22/php/good_3982_0,676,31,File name based on user input risks server-side request forgery.,WARNING,php.lang.security.injection.tainted-filename.tainted-filename
../../CrossVul/CWE-22/php/good_3982_0,711,17,File name based on user input risks server-side request forgery.,WARNING,php.lang.security.injection.tainted-filename.tainted-filename
../../CrossVul/CWE-22/php/good_3982_0,792,30,File name based on user input risks server-side request forgery.,WARNING,php.lang.security.injection.tainted-filename.tainted-filename
../../CrossVul/CWE-22/php/good_3982_0,829,25,File name based on user input risks server-side request forgery.,WARNING,php.lang.security.injection.tainted-filename.tainted-filename
../../CrossVul/CWE-22/php/good_3982_0,834,21,File name based on user input risks server-side request forgery.,WARNING,php.lang.security.injection.tainted-filename.tainted-filename
../../CrossVul/CWE-22/php/good_3982_0,843,34,File name based on user input risks server-side request forgery.,WARNING,php.lang.security.injection.tainted-filename.tainted-filename
../../CrossVul/CWE-22/php/good_3982_0,963,33,File name based on user input risks server-side request forgery.,WARNING,php.lang.security.injection.tainted-filename.tainted-filename
../../CrossVul/CWE-22/php/good_3982_0,1026,34,File name based on user input risks server-side request forgery.,WARNING,php.lang.security.injection.tainted-filename.tainted-filename
../../CrossVul/CWE-22/php/good_3982_0,1026,66,File name based on user input risks server-side request forgery.,WARNING,php.lang.security.injection.tainted-filename.tainted-filename
../../CrossVul/CWE-22/php/good_3982_0,1060,16,File name based on user input risks server-side request forgery.,WARNING,php.lang.security.injection.tainted-filename.tainted-filename
../../CrossVul/CWE-22/php/good_3982_0,1219,25,`Echo`ing user input risks cross-site scripting vulnerability. You should use `htmlentities()` when showing data to users.,ERROR,php.lang.security.injection.echoed-request.echoed-request
../../CrossVul/CWE-22/php/good_3982_0,1219,25,"Found direct access to a PHP variable wihout HTML escaping inside an inline PHP statement setting data from `$_REQUEST[...]`. When untrusted input can be used to tamper with a web page rendering, it can lead to a Cross-site scripting (XSS) vulnerability. XSS vulnerabilities occur when untrusted input executes malicious JavaScript code, leading to issues such as account compromise and sensitive information leakage. To prevent this vulnerability, validate the user input, perform contextual output encoding or sanitize the input. In PHP you can encode or sanitize user input with `htmlspecialchars` or use automatic context-aware escaping with a template engine such as Latte.",WARNING,php.lang.security.taint-unsafe-echo-tag.taint-unsafe-echo-tag
../../CrossVul/CWE-22/php/good_3982_0,1222,80,`Echo`ing user input risks cross-site scripting vulnerability. You should use `htmlentities()` when showing data to users.,ERROR,php.lang.security.injection.echoed-request.echoed-request
../../CrossVul/CWE-22/php/good_3982_0,1222,80,"Found direct access to a PHP variable wihout HTML escaping inside an inline PHP statement setting data from `$_REQUEST[...]`. When untrusted input can be used to tamper with a web page rendering, it can lead to a Cross-site scripting (XSS) vulnerability. XSS vulnerabilities occur when untrusted input executes malicious JavaScript code, leading to issues such as account compromise and sensitive information leakage. To prevent this vulnerability, validate the user input, perform contextual output encoding or sanitize the input. In PHP you can encode or sanitize user input with `htmlspecialchars` or use automatic context-aware escaping with a template engine such as Latte.",WARNING,php.lang.security.taint-unsafe-echo-tag.taint-unsafe-echo-tag
../../CrossVul/CWE-22/php/good_3982_0,1245,37,File name based on user input risks server-side request forgery.,WARNING,php.lang.security.injection.tainted-filename.tainted-filename
../../CrossVul/CWE-22/php/good_3982_0,1256,32,`Echo`ing user input risks cross-site scripting vulnerability. You should use `htmlentities()` when showing data to users.,ERROR,php.lang.security.injection.echoed-request.echoed-request
../../CrossVul/CWE-22/php/good_3982_0,1256,32,"Found direct access to a PHP variable wihout HTML escaping inside an inline PHP statement setting data from `$_REQUEST[...]`. When untrusted input can be used to tamper with a web page rendering, it can lead to a Cross-site scripting (XSS) vulnerability. XSS vulnerabilities occur when untrusted input executes malicious JavaScript code, leading to issues such as account compromise and sensitive information leakage. To prevent this vulnerability, validate the user input, perform contextual output encoding or sanitize the input. In PHP you can encode or sanitize user input with `htmlspecialchars` or use automatic context-aware escaping with a template engine such as Latte.",WARNING,php.lang.security.taint-unsafe-echo-tag.taint-unsafe-echo-tag
../../CrossVul/CWE-22/php/good_3982_0,1260,76,`Echo`ing user input risks cross-site scripting vulnerability. You should use `htmlentities()` when showing data to users.,ERROR,php.lang.security.injection.echoed-request.echoed-request
../../CrossVul/CWE-22/php/good_3982_0,1260,76,"Found direct access to a PHP variable wihout HTML escaping inside an inline PHP statement setting data from `$_REQUEST[...]`. When untrusted input can be used to tamper with a web page rendering, it can lead to a Cross-site scripting (XSS) vulnerability. XSS vulnerabilities occur when untrusted input executes malicious JavaScript code, leading to issues such as account compromise and sensitive information leakage. To prevent this vulnerability, validate the user input, perform contextual output encoding or sanitize the input. In PHP you can encode or sanitize user input with `htmlspecialchars` or use automatic context-aware escaping with a template engine such as Latte.",WARNING,php.lang.security.taint-unsafe-echo-tag.taint-unsafe-echo-tag
../../CrossVul/CWE-22/php/good_3982_0,1261,76,`Echo`ing user input risks cross-site scripting vulnerability. You should use `htmlentities()` when showing data to users.,ERROR,php.lang.security.injection.echoed-request.echoed-request
../../CrossVul/CWE-22/php/good_3982_0,1261,76,"Found direct access to a PHP variable wihout HTML escaping inside an inline PHP statement setting data from `$_REQUEST[...]`. When untrusted input can be used to tamper with a web page rendering, it can lead to a Cross-site scripting (XSS) vulnerability. XSS vulnerabilities occur when untrusted input executes malicious JavaScript code, leading to issues such as account compromise and sensitive information leakage. To prevent this vulnerability, validate the user input, perform contextual output encoding or sanitize the input. In PHP you can encode or sanitize user input with `htmlspecialchars` or use automatic context-aware escaping with a template engine such as Latte.",WARNING,php.lang.security.taint-unsafe-echo-tag.taint-unsafe-echo-tag
../../CrossVul/CWE-22/php/good_3982_0,1269,81,`Echo`ing user input risks cross-site scripting vulnerability. You should use `htmlentities()` when showing data to users.,ERROR,php.lang.security.injection.echoed-request.echoed-request
../../CrossVul/CWE-22/php/good_3982_0,1269,81,"Found direct access to a PHP variable wihout HTML escaping inside an inline PHP statement setting data from `$_REQUEST[...]`. When untrusted input can be used to tamper with a web page rendering, it can lead to a Cross-site scripting (XSS) vulnerability. XSS vulnerabilities occur when untrusted input executes malicious JavaScript code, leading to issues such as account compromise and sensitive information leakage. To prevent this vulnerability, validate the user input, perform contextual output encoding or sanitize the input. In PHP you can encode or sanitize user input with `htmlspecialchars` or use automatic context-aware escaping with a template engine such as Latte.",WARNING,php.lang.security.taint-unsafe-echo-tag.taint-unsafe-echo-tag
../../CrossVul/CWE-22/php/good_3982_0,1275,103,`Echo`ing user input risks cross-site scripting vulnerability. You should use `htmlentities()` when showing data to users.,ERROR,php.lang.security.injection.echoed-request.echoed-request
../../CrossVul/CWE-22/php/good_3982_0,1275,103,"Found direct access to a PHP variable wihout HTML escaping inside an inline PHP statement setting data from `$_REQUEST[...]`. When untrusted input can be used to tamper with a web page rendering, it can lead to a Cross-site scripting (XSS) vulnerability. XSS vulnerabilities occur when untrusted input executes malicious JavaScript code, leading to issues such as account compromise and sensitive information leakage. To prevent this vulnerability, validate the user input, perform contextual output encoding or sanitize the input. In PHP you can encode or sanitize user input with `htmlspecialchars` or use automatic context-aware escaping with a template engine such as Latte.",WARNING,php.lang.security.taint-unsafe-echo-tag.taint-unsafe-echo-tag
../../CrossVul/CWE-22/php/good_3982_0,1462,33,File name based on user input risks server-side request forgery.,WARNING,php.lang.security.injection.tainted-filename.tainted-filename
../../CrossVul/CWE-22/php/good_3982_0,1477,42,File name based on user input risks server-side request forgery.,WARNING,php.lang.security.injection.tainted-filename.tainted-filename
../../CrossVul/CWE-22/php/good_3982_0,1510,38,File name based on user input risks server-side request forgery.,WARNING,php.lang.security.injection.tainted-filename.tainted-filename
../../CrossVul/CWE-22/php/good_3982_0,1517,75,`Echo`ing user input risks cross-site scripting vulnerability. You should use `htmlentities()` when showing data to users.,ERROR,php.lang.security.injection.echoed-request.echoed-request
../../CrossVul/CWE-22/php/good_3982_0,1517,75,"Found direct access to a PHP variable wihout HTML escaping inside an inline PHP statement setting data from `$_REQUEST[...]`. When untrusted input can be used to tamper with a web page rendering, it can lead to a Cross-site scripting (XSS) vulnerability. XSS vulnerabilities occur when untrusted input executes malicious JavaScript code, leading to issues such as account compromise and sensitive information leakage. To prevent this vulnerability, validate the user input, perform contextual output encoding or sanitize the input. In PHP you can encode or sanitize user input with `htmlspecialchars` or use automatic context-aware escaping with a template engine such as Latte.",WARNING,php.lang.security.taint-unsafe-echo-tag.taint-unsafe-echo-tag
../../CrossVul/CWE-22/php/good_3982_0,1519,38,`Echo`ing user input risks cross-site scripting vulnerability. You should use `htmlentities()` when showing data to users.,ERROR,php.lang.security.injection.echoed-request.echoed-request
../../CrossVul/CWE-22/php/good_3982_0,1519,38,"Found direct access to a PHP variable wihout HTML escaping inside an inline PHP statement setting data from `$_REQUEST[...]`. When untrusted input can be used to tamper with a web page rendering, it can lead to a Cross-site scripting (XSS) vulnerability. XSS vulnerabilities occur when untrusted input executes malicious JavaScript code, leading to issues such as account compromise and sensitive information leakage. To prevent this vulnerability, validate the user input, perform contextual output encoding or sanitize the input. In PHP you can encode or sanitize user input with `htmlspecialchars` or use automatic context-aware escaping with a template engine such as Latte.",WARNING,php.lang.security.taint-unsafe-echo-tag.taint-unsafe-echo-tag
../../CrossVul/CWE-22/php/good_3982_0,1521,33,`Echo`ing user input risks cross-site scripting vulnerability. You should use `htmlentities()` when showing data to users.,ERROR,php.lang.security.injection.echoed-request.echoed-request
../../CrossVul/CWE-22/php/good_3982_0,1521,33,"Found direct access to a PHP variable wihout HTML escaping inside an inline PHP statement setting data from `$_REQUEST[...]`. When untrusted input can be used to tamper with a web page rendering, it can lead to a Cross-site scripting (XSS) vulnerability. XSS vulnerabilities occur when untrusted input executes malicious JavaScript code, leading to issues such as account compromise and sensitive information leakage. To prevent this vulnerability, validate the user input, perform contextual output encoding or sanitize the input. In PHP you can encode or sanitize user input with `htmlspecialchars` or use automatic context-aware escaping with a template engine such as Latte.",WARNING,php.lang.security.taint-unsafe-echo-tag.taint-unsafe-echo-tag
../../CrossVul/CWE-22/php/good_3982_0,1521,107,`Echo`ing user input risks cross-site scripting vulnerability. You should use `htmlentities()` when showing data to users.,ERROR,php.lang.security.injection.echoed-request.echoed-request
../../CrossVul/CWE-22/php/good_3982_0,1521,107,"Found direct access to a PHP variable wihout HTML escaping inside an inline PHP statement setting data from `$_REQUEST[...]`. When untrusted input can be used to tamper with a web page rendering, it can lead to a Cross-site scripting (XSS) vulnerability. XSS vulnerabilities occur when untrusted input executes malicious JavaScript code, leading to issues such as account compromise and sensitive information leakage. To prevent this vulnerability, validate the user input, perform contextual output encoding or sanitize the input. In PHP you can encode or sanitize user input with `htmlspecialchars` or use automatic context-aware escaping with a template engine such as Latte.",WARNING,php.lang.security.taint-unsafe-echo-tag.taint-unsafe-echo-tag
../../CrossVul/CWE-22/php/good_3982_0,1523,38,`Echo`ing user input risks cross-site scripting vulnerability. You should use `htmlentities()` when showing data to users.,ERROR,php.lang.security.injection.echoed-request.echoed-request
../../CrossVul/CWE-22/php/good_3982_0,1523,38,"Found direct access to a PHP variable wihout HTML escaping inside an inline PHP statement setting data from `$_REQUEST[...]`. When untrusted input can be used to tamper with a web page rendering, it can lead to a Cross-site scripting (XSS) vulnerability. XSS vulnerabilities occur when untrusted input executes malicious JavaScript code, leading to issues such as account compromise and sensitive information leakage. To prevent this vulnerability, validate the user input, perform contextual output encoding or sanitize the input. In PHP you can encode or sanitize user input with `htmlspecialchars` or use automatic context-aware escaping with a template engine such as Latte.",WARNING,php.lang.security.taint-unsafe-echo-tag.taint-unsafe-echo-tag
../../CrossVul/CWE-22/php/good_3982_0,1539,43,`Echo`ing user input risks cross-site scripting vulnerability. You should use `htmlentities()` when showing data to users.,ERROR,php.lang.security.injection.echoed-request.echoed-request
../../CrossVul/CWE-22/php/good_3982_0,1539,43,"Found direct access to a PHP variable wihout HTML escaping inside an inline PHP statement setting data from `$_REQUEST[...]`. When untrusted input can be used to tamper with a web page rendering, it can lead to a Cross-site scripting (XSS) vulnerability. XSS vulnerabilities occur when untrusted input executes malicious JavaScript code, leading to issues such as account compromise and sensitive information leakage. To prevent this vulnerability, validate the user input, perform contextual output encoding or sanitize the input. In PHP you can encode or sanitize user input with `htmlspecialchars` or use automatic context-aware escaping with a template engine such as Latte.",WARNING,php.lang.security.taint-unsafe-echo-tag.taint-unsafe-echo-tag
../../CrossVul/CWE-22/php/good_3982_0,1540,48,`Echo`ing user input risks cross-site scripting vulnerability. You should use `htmlentities()` when showing data to users.,ERROR,php.lang.security.injection.echoed-request.echoed-request
../../CrossVul/CWE-22/php/good_3982_0,1540,48,"Found direct access to a PHP variable wihout HTML escaping inside an inline PHP statement setting data from `$_REQUEST[...]`. When untrusted input can be used to tamper with a web page rendering, it can lead to a Cross-site scripting (XSS) vulnerability. XSS vulnerabilities occur when untrusted input executes malicious JavaScript code, leading to issues such as account compromise and sensitive information leakage. To prevent this vulnerability, validate the user input, perform contextual output encoding or sanitize the input. In PHP you can encode or sanitize user input with `htmlspecialchars` or use automatic context-aware escaping with a template engine such as Latte.",WARNING,php.lang.security.taint-unsafe-echo-tag.taint-unsafe-echo-tag
../../CrossVul/CWE-22/php/good_3982_0,1541,44,`Echo`ing user input risks cross-site scripting vulnerability. You should use `htmlentities()` when showing data to users.,ERROR,php.lang.security.injection.echoed-request.echoed-request
../../CrossVul/CWE-22/php/good_3982_0,1541,44,"Found direct access to a PHP variable wihout HTML escaping inside an inline PHP statement setting data from `$_REQUEST[...]`. When untrusted input can be used to tamper with a web page rendering, it can lead to a Cross-site scripting (XSS) vulnerability. XSS vulnerabilities occur when untrusted input executes malicious JavaScript code, leading to issues such as account compromise and sensitive information leakage. To prevent this vulnerability, validate the user input, perform contextual output encoding or sanitize the input. In PHP you can encode or sanitize user input with `htmlspecialchars` or use automatic context-aware escaping with a template engine such as Latte.",WARNING,php.lang.security.taint-unsafe-echo-tag.taint-unsafe-echo-tag
../../CrossVul/CWE-22/php/good_3982_0,1546,52,File name based on user input risks server-side request forgery.,WARNING,php.lang.security.injection.tainted-filename.tainted-filename
../../CrossVul/CWE-22/php/good_3982_0,1547,25,`Echo`ing user input risks cross-site scripting vulnerability. You should use `htmlentities()` when showing data to users.,ERROR,php.lang.security.injection.echoed-request.echoed-request
../../CrossVul/CWE-22/php/good_3982_0,1547,25,"Found direct access to a PHP variable wihout HTML escaping inside an inline PHP statement setting data from `$_REQUEST[...]`. When untrusted input can be used to tamper with a web page rendering, it can lead to a Cross-site scripting (XSS) vulnerability. XSS vulnerabilities occur when untrusted input executes malicious JavaScript code, leading to issues such as account compromise and sensitive information leakage. To prevent this vulnerability, validate the user input, perform contextual output encoding or sanitize the input. In PHP you can encode or sanitize user input with `htmlspecialchars` or use automatic context-aware escaping with a template engine such as Latte.",WARNING,php.lang.security.taint-unsafe-echo-tag.taint-unsafe-echo-tag
../../CrossVul/CWE-22/php/good_3982_0,1562,82,`Echo`ing user input risks cross-site scripting vulnerability. You should use `htmlentities()` when showing data to users.,ERROR,php.lang.security.injection.echoed-request.echoed-request
../../CrossVul/CWE-22/php/good_3982_0,1562,82,"Found direct access to a PHP variable wihout HTML escaping inside an inline PHP statement setting data from `$_REQUEST[...]`. When untrusted input can be used to tamper with a web page rendering, it can lead to a Cross-site scripting (XSS) vulnerability. XSS vulnerabilities occur when untrusted input executes malicious JavaScript code, leading to issues such as account compromise and sensitive information leakage. To prevent this vulnerability, validate the user input, perform contextual output encoding or sanitize the input. In PHP you can encode or sanitize user input with `htmlspecialchars` or use automatic context-aware escaping with a template engine such as Latte.",WARNING,php.lang.security.taint-unsafe-echo-tag.taint-unsafe-echo-tag
../../CrossVul/CWE-22/php/good_3982_0,1563,39,`Echo`ing user input risks cross-site scripting vulnerability. You should use `htmlentities()` when showing data to users.,ERROR,php.lang.security.injection.echoed-request.echoed-request
../../CrossVul/CWE-22/php/good_3982_0,1563,39,"Found direct access to a PHP variable wihout HTML escaping inside an inline PHP statement setting data from `$_REQUEST[...]`. When untrusted input can be used to tamper with a web page rendering, it can lead to a Cross-site scripting (XSS) vulnerability. XSS vulnerabilities occur when untrusted input executes malicious JavaScript code, leading to issues such as account compromise and sensitive information leakage. To prevent this vulnerability, validate the user input, perform contextual output encoding or sanitize the input. In PHP you can encode or sanitize user input with `htmlspecialchars` or use automatic context-aware escaping with a template engine such as Latte.",WARNING,php.lang.security.taint-unsafe-echo-tag.taint-unsafe-echo-tag
../../CrossVul/CWE-22/php/good_3982_0,1570,89,`Echo`ing user input risks cross-site scripting vulnerability. You should use `htmlentities()` when showing data to users.,ERROR,php.lang.security.injection.echoed-request.echoed-request
../../CrossVul/CWE-22/php/good_3982_0,1570,89,"Found direct access to a PHP variable wihout HTML escaping inside an inline PHP statement setting data from `$_REQUEST[...]`. When untrusted input can be used to tamper with a web page rendering, it can lead to a Cross-site scripting (XSS) vulnerability. XSS vulnerabilities occur when untrusted input executes malicious JavaScript code, leading to issues such as account compromise and sensitive information leakage. To prevent this vulnerability, validate the user input, perform contextual output encoding or sanitize the input. In PHP you can encode or sanitize user input with `htmlspecialchars` or use automatic context-aware escaping with a template engine such as Latte.",WARNING,php.lang.security.taint-unsafe-echo-tag.taint-unsafe-echo-tag
../../CrossVul/CWE-22/php/good_3982_0,1571,89,"Found direct access to a PHP variable wihout HTML escaping inside an inline PHP statement setting data from `$_REQUEST[...]`. When untrusted input can be used to tamper with a web page rendering, it can lead to a Cross-site scripting (XSS) vulnerability. XSS vulnerabilities occur when untrusted input executes malicious JavaScript code, leading to issues such as account compromise and sensitive information leakage. To prevent this vulnerability, validate the user input, perform contextual output encoding or sanitize the input. In PHP you can encode or sanitize user input with `htmlspecialchars` or use automatic context-aware escaping with a template engine such as Latte.",WARNING,php.lang.security.taint-unsafe-echo-tag.taint-unsafe-echo-tag
../../CrossVul/CWE-22/php/good_3982_0,1571,152,"Found direct access to a PHP variable wihout HTML escaping inside an inline PHP statement setting data from `$_REQUEST[...]`. When untrusted input can be used to tamper with a web page rendering, it can lead to a Cross-site scripting (XSS) vulnerability. XSS vulnerabilities occur when untrusted input executes malicious JavaScript code, leading to issues such as account compromise and sensitive information leakage. To prevent this vulnerability, validate the user input, perform contextual output encoding or sanitize the input. In PHP you can encode or sanitize user input with `htmlspecialchars` or use automatic context-aware escaping with a template engine such as Latte.",WARNING,php.lang.security.taint-unsafe-echo-tag.taint-unsafe-echo-tag
../../CrossVul/CWE-22/php/good_3982_0,1577,94,`Echo`ing user input risks cross-site scripting vulnerability. You should use `htmlentities()` when showing data to users.,ERROR,php.lang.security.injection.echoed-request.echoed-request
../../CrossVul/CWE-22/php/good_3982_0,1577,94,"Found direct access to a PHP variable wihout HTML escaping inside an inline PHP statement setting data from `$_REQUEST[...]`. When untrusted input can be used to tamper with a web page rendering, it can lead to a Cross-site scripting (XSS) vulnerability. XSS vulnerabilities occur when untrusted input executes malicious JavaScript code, leading to issues such as account compromise and sensitive information leakage. To prevent this vulnerability, validate the user input, perform contextual output encoding or sanitize the input. In PHP you can encode or sanitize user input with `htmlspecialchars` or use automatic context-aware escaping with a template engine such as Latte.",WARNING,php.lang.security.taint-unsafe-echo-tag.taint-unsafe-echo-tag
../../CrossVul/CWE-22/php/good_3982_0,1579,94,"Found direct access to a PHP variable wihout HTML escaping inside an inline PHP statement setting data from `$_REQUEST[...]`. When untrusted input can be used to tamper with a web page rendering, it can lead to a Cross-site scripting (XSS) vulnerability. XSS vulnerabilities occur when untrusted input executes malicious JavaScript code, leading to issues such as account compromise and sensitive information leakage. To prevent this vulnerability, validate the user input, perform contextual output encoding or sanitize the input. In PHP you can encode or sanitize user input with `htmlspecialchars` or use automatic context-aware escaping with a template engine such as Latte.",WARNING,php.lang.security.taint-unsafe-echo-tag.taint-unsafe-echo-tag
../../CrossVul/CWE-22/php/good_3982_0,1589,21,`Echo`ing user input risks cross-site scripting vulnerability. You should use `htmlentities()` when showing data to users.,ERROR,php.lang.security.injection.echoed-request.echoed-request
../../CrossVul/CWE-22/php/good_3982_0,1589,21,"Found direct access to a PHP variable wihout HTML escaping inside an inline PHP statement setting data from `$_REQUEST[...]`. When untrusted input can be used to tamper with a web page rendering, it can lead to a Cross-site scripting (XSS) vulnerability. XSS vulnerabilities occur when untrusted input executes malicious JavaScript code, leading to issues such as account compromise and sensitive information leakage. To prevent this vulnerability, validate the user input, perform contextual output encoding or sanitize the input. In PHP you can encode or sanitize user input with `htmlspecialchars` or use automatic context-aware escaping with a template engine such as Latte.",WARNING,php.lang.security.taint-unsafe-echo-tag.taint-unsafe-echo-tag
../../CrossVul/CWE-22/php/good_3982_0,1591,21,`Echo`ing user input risks cross-site scripting vulnerability. You should use `htmlentities()` when showing data to users.,ERROR,php.lang.security.injection.echoed-request.echoed-request
../../CrossVul/CWE-22/php/good_3982_0,1591,21,"Found direct access to a PHP variable wihout HTML escaping inside an inline PHP statement setting data from `$_REQUEST[...]`. When untrusted input can be used to tamper with a web page rendering, it can lead to a Cross-site scripting (XSS) vulnerability. XSS vulnerabilities occur when untrusted input executes malicious JavaScript code, leading to issues such as account compromise and sensitive information leakage. To prevent this vulnerability, validate the user input, perform contextual output encoding or sanitize the input. In PHP you can encode or sanitize user input with `htmlspecialchars` or use automatic context-aware escaping with a template engine such as Latte.",WARNING,php.lang.security.taint-unsafe-echo-tag.taint-unsafe-echo-tag
../../CrossVul/CWE-22/php/good_3982_0,1599,29,`Echo`ing user input risks cross-site scripting vulnerability. You should use `htmlentities()` when showing data to users.,ERROR,php.lang.security.injection.echoed-request.echoed-request
../../CrossVul/CWE-22/php/good_3982_0,1599,29,"Found direct access to a PHP variable wihout HTML escaping inside an inline PHP statement setting data from `$_REQUEST[...]`. When untrusted input can be used to tamper with a web page rendering, it can lead to a Cross-site scripting (XSS) vulnerability. XSS vulnerabilities occur when untrusted input executes malicious JavaScript code, leading to issues such as account compromise and sensitive information leakage. To prevent this vulnerability, validate the user input, perform contextual output encoding or sanitize the input. In PHP you can encode or sanitize user input with `htmlspecialchars` or use automatic context-aware escaping with a template engine such as Latte.",WARNING,php.lang.security.taint-unsafe-echo-tag.taint-unsafe-echo-tag
../../CrossVul/CWE-22/php/good_3982_0,1599,42,"Untrusted input could be used to tamper with a web page rendering, which can lead to a Cross-site scripting (XSS) vulnerability. XSS vulnerabilities occur when untrusted input executes malicious JavaScript code, leading to issues such as account compromise and sensitive information leakage. To prevent this vulnerability, validate the user input, perform contextual output encoding or sanitize the input. In PHP you can encode or sanitize user input with `htmlspecialchars` or use automatic context-aware escaping with a template engine such as Latte.",ERROR,php.lang.security.tainted-user-input-in-php-script.tainted-user-input-in-php-script
../../CrossVul/CWE-22/php/good_3982_0,1601,29,`Echo`ing user input risks cross-site scripting vulnerability. You should use `htmlentities()` when showing data to users.,ERROR,php.lang.security.injection.echoed-request.echoed-request
../../CrossVul/CWE-22/php/good_3982_0,1601,29,"Found direct access to a PHP variable wihout HTML escaping inside an inline PHP statement setting data from `$_REQUEST[...]`. When untrusted input can be used to tamper with a web page rendering, it can lead to a Cross-site scripting (XSS) vulnerability. XSS vulnerabilities occur when untrusted input executes malicious JavaScript code, leading to issues such as account compromise and sensitive information leakage. To prevent this vulnerability, validate the user input, perform contextual output encoding or sanitize the input. In PHP you can encode or sanitize user input with `htmlspecialchars` or use automatic context-aware escaping with a template engine such as Latte.",WARNING,php.lang.security.taint-unsafe-echo-tag.taint-unsafe-echo-tag
../../CrossVul/CWE-22/php/good_3982_0,1611,21,`Echo`ing user input risks cross-site scripting vulnerability. You should use `htmlentities()` when showing data to users.,ERROR,php.lang.security.injection.echoed-request.echoed-request
../../CrossVul/CWE-22/php/good_3982_0,1611,21,"Found direct access to a PHP variable wihout HTML escaping inside an inline PHP statement setting data from `$_REQUEST[...]`. When untrusted input can be used to tamper with a web page rendering, it can lead to a Cross-site scripting (XSS) vulnerability. XSS vulnerabilities occur when untrusted input executes malicious JavaScript code, leading to issues such as account compromise and sensitive information leakage. To prevent this vulnerability, validate the user input, perform contextual output encoding or sanitize the input. In PHP you can encode or sanitize user input with `htmlspecialchars` or use automatic context-aware escaping with a template engine such as Latte.",WARNING,php.lang.security.taint-unsafe-echo-tag.taint-unsafe-echo-tag
../../CrossVul/CWE-22/php/good_3982_0,1611,44,"Untrusted input could be used to tamper with a web page rendering, which can lead to a Cross-site scripting (XSS) vulnerability. XSS vulnerabilities occur when untrusted input executes malicious JavaScript code, leading to issues such as account compromise and sensitive information leakage. To prevent this vulnerability, validate the user input, perform contextual output encoding or sanitize the input. In PHP you can encode or sanitize user input with `htmlspecialchars` or use automatic context-aware escaping with a template engine such as Latte.",ERROR,php.lang.security.tainted-user-input-in-php-script.tainted-user-input-in-php-script
../../CrossVul/CWE-22/php/good_3982_0,1615,17,`Echo`ing user input risks cross-site scripting vulnerability. You should use `htmlentities()` when showing data to users.,ERROR,php.lang.security.injection.echoed-request.echoed-request
../../CrossVul/CWE-22/php/good_3982_0,1615,17,"Found direct access to a PHP variable wihout HTML escaping inside an inline PHP statement setting data from `$_REQUEST[...]`. When untrusted input can be used to tamper with a web page rendering, it can lead to a Cross-site scripting (XSS) vulnerability. XSS vulnerabilities occur when untrusted input executes malicious JavaScript code, leading to issues such as account compromise and sensitive information leakage. To prevent this vulnerability, validate the user input, perform contextual output encoding or sanitize the input. In PHP you can encode or sanitize user input with `htmlspecialchars` or use automatic context-aware escaping with a template engine such as Latte.",WARNING,php.lang.security.taint-unsafe-echo-tag.taint-unsafe-echo-tag
../../CrossVul/CWE-22/php/good_3982_0,1615,42,"Untrusted input could be used to tamper with a web page rendering, which can lead to a Cross-site scripting (XSS) vulnerability. XSS vulnerabilities occur when untrusted input executes malicious JavaScript code, leading to issues such as account compromise and sensitive information leakage. To prevent this vulnerability, validate the user input, perform contextual output encoding or sanitize the input. In PHP you can encode or sanitize user input with `htmlspecialchars` or use automatic context-aware escaping with a template engine such as Latte.",ERROR,php.lang.security.tainted-user-input-in-php-script.tainted-user-input-in-php-script
../../CrossVul/CWE-22/php/good_3982_0,1618,17,`Echo`ing user input risks cross-site scripting vulnerability. You should use `htmlentities()` when showing data to users.,ERROR,php.lang.security.injection.echoed-request.echoed-request
../../CrossVul/CWE-22/php/good_3982_0,1618,17,"Found direct access to a PHP variable wihout HTML escaping inside an inline PHP statement setting data from `$_REQUEST[...]`. When untrusted input can be used to tamper with a web page rendering, it can lead to a Cross-site scripting (XSS) vulnerability. XSS vulnerabilities occur when untrusted input executes malicious JavaScript code, leading to issues such as account compromise and sensitive information leakage. To prevent this vulnerability, validate the user input, perform contextual output encoding or sanitize the input. In PHP you can encode or sanitize user input with `htmlspecialchars` or use automatic context-aware escaping with a template engine such as Latte.",WARNING,php.lang.security.taint-unsafe-echo-tag.taint-unsafe-echo-tag
../../CrossVul/CWE-22/php/good_3982_0,1638,42,"Untrusted input could be used to tamper with a web page rendering, which can lead to a Cross-site scripting (XSS) vulnerability. XSS vulnerabilities occur when untrusted input executes malicious JavaScript code, leading to issues such as account compromise and sensitive information leakage. To prevent this vulnerability, validate the user input, perform contextual output encoding or sanitize the input. In PHP you can encode or sanitize user input with `htmlspecialchars` or use automatic context-aware escaping with a template engine such as Latte.",ERROR,php.lang.security.tainted-user-input-in-php-script.tainted-user-input-in-php-script
../../CrossVul/CWE-22/php/good_3982_0,1640,17,`Echo`ing user input risks cross-site scripting vulnerability. You should use `htmlentities()` when showing data to users.,ERROR,php.lang.security.injection.echoed-request.echoed-request
../../CrossVul/CWE-22/php/good_3982_0,1640,17,"Found direct access to a PHP variable wihout HTML escaping inside an inline PHP statement setting data from `$_REQUEST[...]`. When untrusted input can be used to tamper with a web page rendering, it can lead to a Cross-site scripting (XSS) vulnerability. XSS vulnerabilities occur when untrusted input executes malicious JavaScript code, leading to issues such as account compromise and sensitive information leakage. To prevent this vulnerability, validate the user input, perform contextual output encoding or sanitize the input. In PHP you can encode or sanitize user input with `htmlspecialchars` or use automatic context-aware escaping with a template engine such as Latte.",WARNING,php.lang.security.taint-unsafe-echo-tag.taint-unsafe-echo-tag
../../CrossVul/CWE-22/php/good_3982_0,1657,33,File name based on user input risks server-side request forgery.,WARNING,php.lang.security.injection.tainted-filename.tainted-filename
../../CrossVul/CWE-22/php/good_3982_0,1679,21,File name based on user input risks server-side request forgery.,WARNING,php.lang.security.injection.tainted-filename.tainted-filename
../../CrossVul/CWE-22/php/good_3982_0,1687,26,File name based on user input risks server-side request forgery.,WARNING,php.lang.security.injection.tainted-filename.tainted-filename
../../CrossVul/CWE-22/php/good_3982_0,1693,38,File name based on user input risks server-side request forgery.,WARNING,php.lang.security.injection.tainted-filename.tainted-filename
../../CrossVul/CWE-22/php/good_3982_0,1717,135,`Echo`ing user input risks cross-site scripting vulnerability. You should use `htmlentities()` when showing data to users.,ERROR,php.lang.security.injection.echoed-request.echoed-request
../../CrossVul/CWE-22/php/good_3982_0,1717,135,"Found direct access to a PHP variable wihout HTML escaping inside an inline PHP statement setting data from `$_REQUEST[...]`. When untrusted input can be used to tamper with a web page rendering, it can lead to a Cross-site scripting (XSS) vulnerability. XSS vulnerabilities occur when untrusted input executes malicious JavaScript code, leading to issues such as account compromise and sensitive information leakage. To prevent this vulnerability, validate the user input, perform contextual output encoding or sanitize the input. In PHP you can encode or sanitize user input with `htmlspecialchars` or use automatic context-aware escaping with a template engine such as Latte.",WARNING,php.lang.security.taint-unsafe-echo-tag.taint-unsafe-echo-tag
../../CrossVul/CWE-22/php/good_3982_0,1718,165,`Echo`ing user input risks cross-site scripting vulnerability. You should use `htmlentities()` when showing data to users.,ERROR,php.lang.security.injection.echoed-request.echoed-request
../../CrossVul/CWE-22/php/good_3982_0,1718,165,"Found direct access to a PHP variable wihout HTML escaping inside an inline PHP statement setting data from `$_REQUEST[...]`. When untrusted input can be used to tamper with a web page rendering, it can lead to a Cross-site scripting (XSS) vulnerability. XSS vulnerabilities occur when untrusted input executes malicious JavaScript code, leading to issues such as account compromise and sensitive information leakage. To prevent this vulnerability, validate the user input, perform contextual output encoding or sanitize the input. In PHP you can encode or sanitize user input with `htmlspecialchars` or use automatic context-aware escaping with a template engine such as Latte.",WARNING,php.lang.security.taint-unsafe-echo-tag.taint-unsafe-echo-tag
../../CrossVul/CWE-22/php/good_3982_0,1721,147,`Echo`ing user input risks cross-site scripting vulnerability. You should use `htmlentities()` when showing data to users.,ERROR,php.lang.security.injection.echoed-request.echoed-request
../../CrossVul/CWE-22/php/good_3982_0,1721,147,"Found direct access to a PHP variable wihout HTML escaping inside an inline PHP statement setting data from `$_REQUEST[...]`. When untrusted input can be used to tamper with a web page rendering, it can lead to a Cross-site scripting (XSS) vulnerability. XSS vulnerabilities occur when untrusted input executes malicious JavaScript code, leading to issues such as account compromise and sensitive information leakage. To prevent this vulnerability, validate the user input, perform contextual output encoding or sanitize the input. In PHP you can encode or sanitize user input with `htmlspecialchars` or use automatic context-aware escaping with a template engine such as Latte.",WARNING,php.lang.security.taint-unsafe-echo-tag.taint-unsafe-echo-tag
../../CrossVul/CWE-22/php/good_3982_0,1722,113,`Echo`ing user input risks cross-site scripting vulnerability. You should use `htmlentities()` when showing data to users.,ERROR,php.lang.security.injection.echoed-request.echoed-request
../../CrossVul/CWE-22/php/good_3982_0,1722,113,"Found direct access to a PHP variable wihout HTML escaping inside an inline PHP statement setting data from `$_REQUEST[...]`. When untrusted input can be used to tamper with a web page rendering, it can lead to a Cross-site scripting (XSS) vulnerability. XSS vulnerabilities occur when untrusted input executes malicious JavaScript code, leading to issues such as account compromise and sensitive information leakage. To prevent this vulnerability, validate the user input, perform contextual output encoding or sanitize the input. In PHP you can encode or sanitize user input with `htmlspecialchars` or use automatic context-aware escaping with a template engine such as Latte.",WARNING,php.lang.security.taint-unsafe-echo-tag.taint-unsafe-echo-tag
../../CrossVul/CWE-22/php/good_3982_0,1725,151,`Echo`ing user input risks cross-site scripting vulnerability. You should use `htmlentities()` when showing data to users.,ERROR,php.lang.security.injection.echoed-request.echoed-request
../../CrossVul/CWE-22/php/good_3982_0,1725,151,"Found direct access to a PHP variable wihout HTML escaping inside an inline PHP statement setting data from `$_REQUEST[...]`. When untrusted input can be used to tamper with a web page rendering, it can lead to a Cross-site scripting (XSS) vulnerability. XSS vulnerabilities occur when untrusted input executes malicious JavaScript code, leading to issues such as account compromise and sensitive information leakage. To prevent this vulnerability, validate the user input, perform contextual output encoding or sanitize the input. In PHP you can encode or sanitize user input with `htmlspecialchars` or use automatic context-aware escaping with a template engine such as Latte.",WARNING,php.lang.security.taint-unsafe-echo-tag.taint-unsafe-echo-tag
../../CrossVul/CWE-22/php/good_3982_0,1726,114,`Echo`ing user input risks cross-site scripting vulnerability. You should use `htmlentities()` when showing data to users.,ERROR,php.lang.security.injection.echoed-request.echoed-request
../../CrossVul/CWE-22/php/good_3982_0,1726,114,"Found direct access to a PHP variable wihout HTML escaping inside an inline PHP statement setting data from `$_REQUEST[...]`. When untrusted input can be used to tamper with a web page rendering, it can lead to a Cross-site scripting (XSS) vulnerability. XSS vulnerabilities occur when untrusted input executes malicious JavaScript code, leading to issues such as account compromise and sensitive information leakage. To prevent this vulnerability, validate the user input, perform contextual output encoding or sanitize the input. In PHP you can encode or sanitize user input with `htmlspecialchars` or use automatic context-aware escaping with a template engine such as Latte.",WARNING,php.lang.security.taint-unsafe-echo-tag.taint-unsafe-echo-tag
../../CrossVul/CWE-22/php/good_3982_0,1752,34,File name based on user input risks server-side request forgery.,WARNING,php.lang.security.injection.tainted-filename.tainted-filename
../../CrossVul/CWE-22/php/good_3982_0,1752,66,File name based on user input risks server-side request forgery.,WARNING,php.lang.security.injection.tainted-filename.tainted-filename
../../CrossVul/CWE-22/php/good_3982_0,1763,23,File name based on user input risks server-side request forgery.,WARNING,php.lang.security.injection.tainted-filename.tainted-filename
../../CrossVul/CWE-22/php/good_3982_0,1773,38,`Echo`ing user input risks cross-site scripting vulnerability. You should use `htmlentities()` when showing data to users.,ERROR,php.lang.security.injection.echoed-request.echoed-request
../../CrossVul/CWE-22/php/good_3982_0,1773,38,"Found direct access to a PHP variable wihout HTML escaping inside an inline PHP statement setting data from `$_REQUEST[...]`. When untrusted input can be used to tamper with a web page rendering, it can lead to a Cross-site scripting (XSS) vulnerability. XSS vulnerabilities occur when untrusted input executes malicious JavaScript code, leading to issues such as account compromise and sensitive information leakage. To prevent this vulnerability, validate the user input, perform contextual output encoding or sanitize the input. In PHP you can encode or sanitize user input with `htmlspecialchars` or use automatic context-aware escaping with a template engine such as Latte.",WARNING,php.lang.security.taint-unsafe-echo-tag.taint-unsafe-echo-tag
../../CrossVul/CWE-22/php/good_3982_0,1777,68,`Echo`ing user input risks cross-site scripting vulnerability. You should use `htmlentities()` when showing data to users.,ERROR,php.lang.security.injection.echoed-request.echoed-request
../../CrossVul/CWE-22/php/good_3982_0,1777,68,"Found direct access to a PHP variable wihout HTML escaping inside an inline PHP statement setting data from `$_REQUEST[...]`. When untrusted input can be used to tamper with a web page rendering, it can lead to a Cross-site scripting (XSS) vulnerability. XSS vulnerabilities occur when untrusted input executes malicious JavaScript code, leading to issues such as account compromise and sensitive information leakage. To prevent this vulnerability, validate the user input, perform contextual output encoding or sanitize the input. In PHP you can encode or sanitize user input with `htmlspecialchars` or use automatic context-aware escaping with a template engine such as Latte.",WARNING,php.lang.security.taint-unsafe-echo-tag.taint-unsafe-echo-tag
../../CrossVul/CWE-22/php/good_3982_0,3827,60,`Echo`ing user input risks cross-site scripting vulnerability. You should use `htmlentities()` when showing data to users.,ERROR,php.lang.security.injection.echoed-request.echoed-request
../../CrossVul/CWE-22/php/good_3982_0,3827,60,"Found direct access to a PHP variable wihout HTML escaping inside an inline PHP statement setting data from `$_REQUEST[...]`. When untrusted input can be used to tamper with a web page rendering, it can lead to a Cross-site scripting (XSS) vulnerability. XSS vulnerabilities occur when untrusted input executes malicious JavaScript code, leading to issues such as account compromise and sensitive information leakage. To prevent this vulnerability, validate the user input, perform contextual output encoding or sanitize the input. In PHP you can encode or sanitize user input with `htmlspecialchars` or use automatic context-aware escaping with a template engine such as Latte.",WARNING,php.lang.security.taint-unsafe-echo-tag.taint-unsafe-echo-tag
